{"type": "FeatureCollection", "crs": {"type": "name", "properties": {"name": "EPSG:4326"}}, "features": [{"type": "Feature", "id": 122, "geometry": {"type": "Polygon", "coordinates": [[[-115.346959125566, 36.2533317492785], [-115.346952530182, 36.2514964596011], [-115.351517716974, 36.2514898769797], [-115.351517715928, 36.2514894777089], [-115.35151807973, 36.2514898767814], [-115.351512019159, 36.2496528815147], [-115.351516634492, 36.2496529589561], [-115.35600777563, 36.2497287487067], [-115.356001651076, 36.2478917456196], [-115.360458722141, 36.2479667878489], [-115.360459222004, 36.2478793128041], [-115.360469148546, 36.2461416625019], [-115.360525781221, 36.2461420618105], [-115.362785890543, 36.2461579656393], [-115.365013200103, 36.2461735974756], [-115.367262396585, 36.2461893409398], [-115.369494324741, 36.2462049211237], [-115.369495317225, 36.2462049283055], [-115.369494428809, 36.2480180702951], [-115.369493464115, 36.2480180649655], [-115.364995852353, 36.2479928370738], [-115.364952713145, 36.2516218771598], [-115.360475697827, 36.2515780565126], [-115.360453813844, 36.2552387950492], [-115.358226711903, 36.2552201491523], [-115.358215242168, 36.2588947770213], [-115.355998620259, 36.2588815232126], [-115.355997603687, 36.2625616093545], [-115.352241279283, 36.2625482046603], [-115.351585270483, 36.2625494851397], [-115.351577093146, 36.268125705923], [-115.351580973066, 36.2699083647696], [-115.351576679009, 36.2715595220898], [-115.351568256046, 36.2747988046401], [-115.351566074451, 36.2756377887067], [-115.351563751755, 36.2772210917952], [-115.351563707705, 36.2772510547627], [-115.3515517068, 36.2808152637723], [-115.347011682982, 36.2807895142324], [-115.346999980556, 36.2843875648347], [-115.344730117781, 36.2843915463942], [-115.344718560443, 36.2880065144097], [-115.342448846014, 36.2880273742763], [-115.342437434985, 36.2916592614714], [-115.344707002206, 36.291621480234], [-115.344783184138, 36.2952748493264], [-115.342511286015, 36.2953052177103], [-115.342698250752, 36.3045341784988], [-115.342731413213, 36.306184111274], [-115.342731554579, 36.3061913776411], [-115.342731552167, 36.3061918003344], [-115.342731546788, 36.3061921013496], [-115.342719463647, 36.3069229050152], [-115.342700954702, 36.308042343542], [-115.34242222614, 36.3080443589334], [-115.333551213526, 36.3081081487031], [-115.333549630491, 36.3081687624454], [-115.333503324359, 36.3099420689946], [-115.333407569003, 36.3136087344087], [-115.333471423862, 36.3209053949342], [-115.334598219767, 36.3209235082397], [-115.335725016282, 36.3209416028139], [-115.336851824491, 36.3209596949028], [-115.337978622175, 36.320977767336], [-115.339105420412, 36.3209958381621], [-115.340232230396, 36.3210138893782], [-115.341359029796, 36.3210319389644], [-115.34235007233, 36.3210478026296], [-115.342485829804, 36.3210499689179], [-115.343611696793, 36.3210673554879], [-115.34473756437, 36.3210847224429], [-115.345300498382, 36.3210933974381], [-115.345863432507, 36.3211020787953], [-115.346989301202, 36.3211194245453], [-115.346986380651, 36.3212567547898], [-115.346949343948, 36.3230028207055], [-115.346928085287, 36.324004824697], [-115.346909384544, 36.3248862072384], [-115.346907643129, 36.324968616169], [-115.346889409567, 36.325827909298], [-115.34687118669, 36.3266872023212], [-115.346869434074, 36.3267696021913], [-115.346849458008, 36.3277113039436], [-115.346831807245, 36.3285431270453], [-115.346829470285, 36.3286529974087], [-115.347961340249, 36.3286591702656], [-115.348991362364, 36.3286647812648], [-115.349093210451, 36.3286653324046], [-115.349095377159, 36.3285554616581], [-115.349111692412, 36.3277264033734], [-115.349130173734, 36.3267875183522], [-115.350260538472, 36.3267964603883], [-115.350262098172, 36.3267140600866], [-115.350278266571, 36.325858935374], [-115.349148643464, 36.3258486160329], [-115.349167123825, 36.3249097135832], [-115.350295994076, 36.3249214462591], [-115.35033144776, 36.3230464225115], [-115.350333456445, 36.3229403465889], [-115.350364297801, 36.3213087381283], [-115.350366900611, 36.3211713981605], [-115.351323067048, 36.3211861010206], [-115.351492771536, 36.3211887015003], [-115.351490282073, 36.3213260417155], [-115.351483546787, 36.3216973451385], [-115.351478169982, 36.3219935210375], [-115.351474189008, 36.3222132527363], [-115.351472804324, 36.3222896780165], [-115.351467427452, 36.3225858448727], [-115.351462060531, 36.3228820207459], [-115.35145881294, 36.3230609351771], [-115.351424864725, 36.3249331682748], [-115.351390903528, 36.3268053917355], [-115.351373927821, 36.3277414951392], [-115.351358936884, 36.3285677533843], [-115.351356951568, 36.3286776245289], [-115.351321987358, 36.3305487633179], [-115.350188946205, 36.330545062404], [-115.350187352914, 36.3306274625861], [-115.350154402916, 36.3323362402204], [-115.350152809541, 36.332418640377], [-115.349018597975, 36.3324173594742], [-115.349016958847, 36.3324997595229], [-115.348982927879, 36.3342109765804], [-115.348981288665, 36.3342933766036], [-115.348979649447, 36.3343757766255], [-115.348962627676, 36.3352313849294], [-115.348946705791, 36.3360320537813], [-115.348943977343, 36.3361693841124], [-115.3478074132, 36.3361729719], [-115.346670860179, 36.336176539888], [-115.345534295977, 36.3361800970453], [-115.344397731732, 36.3361836433937], [-115.343261178557, 36.3361871879683], [-115.34212461423, 36.336190712699], [-115.34155767988, 36.336190684715], [-115.340990734435, 36.3361906450065], [-115.339856843536, 36.3361905755464], [-115.33872296387, 36.3361904863388], [-115.3375890731, 36.3361903953635], [-115.336455193564, 36.3361902846408], [-115.335321302956, 36.3361901631375], [-115.334187412385, 36.3361900398892], [-115.33305353305, 36.3361898968939], [-115.331915686603, 36.3361898699862], [-115.330777841336, 36.3361898322479], [-115.329639996135, 36.3361897836768], [-115.328502151, 36.3361897242727], [-115.327933212044, 36.3361896003462], [-115.327364261995, 36.3361894646749], [-115.326226384203, 36.3361891942674], [-115.325088506455, 36.336188922039], [-115.323950617672, 36.3361886299404], [-115.322814206943, 36.3361960901688], [-115.321677784896, 36.336203548579], [-115.3215361432, 36.3362044731348], [-115.320696594912, 36.3362099764944], [-115.320541362729, 36.3362109871698], [-115.319846865965, 36.3362155326262], [-115.319404940381, 36.3362184248679], [-115.318268529057, 36.3362258418701], [-115.317132106415, 36.3362332570536], [-115.314859260723, 36.3362480459877], [-115.31481248353, 36.3399744563611], [-115.314765700781, 36.3437008553587], [-115.314718912412, 36.3474272610056], [-115.314672118449, 36.3511536651905], [-115.314599540731, 36.3549046127407], [-115.314526953818, 36.3586555488453], [-115.314454359872, 36.3624064924357], [-115.314381757815, 36.3661574326941], [-115.332474416636, 36.3653115928007], [-115.332558104631, 36.3653118225631], [-115.350421972445, 36.3653583290394], [-115.350478736501, 36.3653588993298], [-115.354055103648, 36.3653947466654], [-115.355019650307, 36.3654043987343], [-115.355984208391, 36.3654140430383], [-115.368766689723, 36.3655411032075], [-115.368909404408, 36.3655419903102], [-115.368913229322, 36.3701733945501], [-115.369570868547, 36.3707186665749], [-115.381568324973, 36.3806642087274], [-115.387013830146, 36.3851771387071], [-115.399650296111, 36.3956465640423], [-115.403712972606, 36.3990116464226], [-115.404153760888, 36.3993767222892], [-115.405409624845, 36.4004168423436], [-115.40540955306, 36.4005476117888], [-115.406334761185, 36.4012260273553], [-115.401706981847, 36.401291516337], [-115.401680759032, 36.4012918865293], [-115.399346414693, 36.4013248521525], [-115.397483125409, 36.4013512022785], [-115.387055651312, 36.4014981291844], [-115.382545735159, 36.4014745004991], [-115.382504490805, 36.3995452682889], [-115.377990007169, 36.399520249653], [-115.377944023251, 36.3975897959546], [-115.373424688406, 36.3975633852749], [-115.3733740791, 36.3956317631006], [-115.368850117828, 36.3956039077852], [-115.368821182499, 36.395603782818], [-115.366570182519, 36.3956040322058], [-115.366578258161, 36.3937378322779], [-115.364297517744, 36.3937348548564], [-115.364304766732, 36.3918710053617], [-115.362023211557, 36.391867628906], [-115.359741653462, 36.3918642097649], [-115.359750084999, 36.389067371093], [-115.357467307511, 36.3890633764121], [-115.35747211548, 36.3871984607274], [-115.355188523448, 36.3871940686487], [-115.352904931913, 36.387189632013], [-115.352908113948, 36.3853240072772], [-115.350623789347, 36.3853191733117], [-115.350626125996, 36.3834531931994], [-115.348337527985, 36.383454386302], [-115.348341245422, 36.3815894845681], [-115.34147958772, 36.3815960361853], [-115.341483516617, 36.3806652032513], [-115.341483517624, 36.380664877897], [-115.341314566252, 36.3806650800852], [-115.338779145471, 36.3806680863857], [-115.332337406693, 36.3806754820519], [-115.314072928452, 36.3809007178931], [-115.309656775076, 36.3806938452005], [-115.305240646153, 36.380486810244], [-115.30082453058, 36.3802796111987], [-115.296408450677, 36.3800722499231], [-115.296323735423, 36.3800682701224], [-115.278602619767, 36.3793802002213], [-115.278347167265, 36.3793702643952], [-115.260397291894, 36.3793586171045], [-115.260396662789, 36.3792897219973], [-115.260429763321, 36.3649820259165], [-115.26042983692, 36.3649372422743], [-115.260463702091, 36.3504688973176], [-115.260463802271, 36.3504446354847], [-115.260720723996, 36.3358279239421], [-115.256244686336, 36.3357851776064], [-115.251768821699, 36.3357423272116], [-115.242815387577, 36.3356577319898], [-115.233859256785, 36.335573503638], [-115.224905420429, 36.3354892410335], [-115.215948301648, 36.3354041182104], [-115.206992354578, 36.3353185441137], [-115.207025156137, 36.3280258145619], [-115.207041682208, 36.3243802354515], [-115.207058345063, 36.3207333657305], [-115.207074956749, 36.3170872326632], [-115.207092053929, 36.3134413963173], [-115.20712573854, 36.3061495792524], [-115.20701079547, 36.3024287764364], [-115.206895529281, 36.2987076457529], [-115.206766849422, 36.294980801421], [-115.206686148562, 36.2924849506298], [-115.206666190688, 36.2912658307046], [-115.206635432051, 36.2893917465084], [-115.206613561429, 36.2875424747797], [-115.206568946048, 36.2838154375395], [-115.206525232691, 36.2801652976761], [-115.20650340071, 36.2783318135738], [-115.206490596258, 36.2765099748093], [-115.20667254856, 36.2727805612054], [-115.206851789176, 36.2690510111431], [-115.207207214249, 36.2617327813828], [-115.207214190746, 36.2615891395003], [-115.207218708723, 36.2614777908106], [-115.207279556009, 36.2592640041046], [-115.20732788, 36.2578002777], [-115.207366299275, 36.2566567632997], [-115.207391829921, 36.2558967206444], [-115.207435006824, 36.2542009688427], [-115.207464431383, 36.2532107421846], [-115.207501471131, 36.2524681209183], [-115.207507398058, 36.25125840346], [-115.207527585429, 36.2504748288908], [-115.207540542017, 36.2487309963801], [-115.207551836368, 36.2467433841839], [-115.207551861181, 36.2467386660562], [-115.207551881455, 36.2467386147469], [-115.20756460917, 36.2455121608699], [-115.207572928689, 36.2447550909906], [-115.20757880277, 36.2442043535818], [-115.207593947393, 36.2427627988152], [-115.207595970576, 36.2426020760274], [-115.207606853451, 36.2417376738837], [-115.207608248159, 36.2413997607134], [-115.207612752403, 36.240863105726], [-115.207635563127, 36.2387684277166], [-115.20763565856, 36.2387596441206], [-115.20763572231, 36.2387537616523], [-115.207635737787, 36.2387523872457], [-115.207635925798, 36.2387523896386], [-115.207636630576, 36.238747629477], [-115.207635760609, 36.2387476177323], [-115.207635778225, 36.2387460288272], [-115.207635935084, 36.2387316160159], [-115.207642583271, 36.2381209046536], [-115.207653924092, 36.2370790750444], [-115.207609375589, 36.2370793677681], [-115.207605987808, 36.2369470984444], [-115.207599588932, 36.236697309557], [-115.20759172275, 36.2363347439811], [-115.207585503841, 36.2360603821646], [-115.207584694879, 36.2360002000876], [-115.207583452776, 36.2359077795752], [-115.207580921044, 36.2358742249859], [-115.207577473615, 36.2357367685666], [-115.207570008848, 36.2354391416061], [-115.207569178558, 36.2353685406285], [-115.207567948247, 36.2352908642262], [-115.207557366458, 36.2349541469344], [-115.207549750569, 36.2346788262075], [-115.207548732862, 36.2346008981048], [-115.20753359636, 36.2342210040334], [-115.207526891818, 36.2339017296682], [-115.207519756885, 36.2336863457147], [-115.207483069625, 36.2325375245924], [-115.207467039687, 36.232023669866], [-115.207481284199, 36.2302001986342], [-115.207493131728, 36.2283938887693], [-115.207494452956, 36.2280271055987], [-115.20749374389, 36.2274801764337], [-115.207499846561, 36.2265302225506], [-115.207511237179, 36.2246748983036], [-115.207510910289, 36.2245920953916], [-115.207506082255, 36.2233831316534], [-115.207505696347, 36.2228127606693], [-115.207501074214, 36.2219025451519], [-115.207500072499, 36.2215794765105], [-115.207497850823, 36.2209766344096], [-115.207491653834, 36.2192097693132], [-115.207492028913, 36.2191383337353], [-115.207484627247, 36.2174140230077], [-115.207483954559, 36.2172779439323], [-115.21181868029, 36.2171423350727], [-115.211696379556, 36.217007690819], [-115.211458965115, 36.216742731509], [-115.208718840037, 36.2136942863253], [-115.208659146837, 36.213629197851], [-115.208608749699, 36.2135738723433], [-115.20804775048, 36.2129501540758], [-115.207501550383, 36.212340773111], [-115.205576741158, 36.2102651308336], [-115.205256033036, 36.209933300039], [-115.202048627756, 36.2064060898054], [-115.198925810435, 36.2029844434529], [-115.198875425305, 36.2029292210779], [-115.198825494775, 36.2028745147767], [-115.198746211293, 36.2027914768092], [-115.198625645682, 36.2026545082663], [-115.198418634081, 36.2024326478684], [-115.196851453871, 36.2006801239018], [-115.196627317545, 36.2004374222746], [-115.196184429159, 36.1999506192362], [-115.195493545528, 36.1991953999681], [-115.193749819363, 36.1972889174999], [-115.193688832957, 36.1972205185271], [-115.193578756445, 36.1971043356285], [-115.192218946081, 36.1956176471714], [-115.188382989606, 36.1956533785568], [-115.187859196544, 36.1956571559688], [-115.18785958921, 36.1955746533649], [-115.186771974547, 36.1955710549694], [-115.186772208157, 36.1955247295428], [-115.18677100343, 36.1949698196574], [-115.186773127769, 36.1945485457252], [-115.185561405079, 36.1945485484839], [-115.185504686422, 36.1945485483556], [-115.185423947763, 36.1945485476668], [-115.185427306321, 36.1938847583397], [-115.185431322258, 36.1933547412267], [-115.185232492528, 36.193354080115], [-115.185038993329, 36.1933545179561], [-115.18464532013, 36.1933542889223], [-115.184264999735, 36.1933541031116], [-115.183872659731, 36.1933538759812], [-115.183821957159, 36.1933537067656], [-115.183821945406, 36.1933558013201], [-115.183819514221, 36.1937798826273], [-115.183769078232, 36.1937797142782], [-115.183392853117, 36.193778457815], [-115.183359696126, 36.1937783470253], [-115.18335742105, 36.1941688323946], [-115.183361100396, 36.1944117337003], [-115.18336056233, 36.1945546942043], [-115.183356671479, 36.1955929666742], [-115.183351391833, 36.1955929886883], [-115.183351923237, 36.1956767399312], [-115.183200391826, 36.195677255532], [-115.182733772598, 36.1956788726985], [-115.182325617411, 36.1956802846568], [-115.182023956682, 36.1956819811167], [-115.181674539081, 36.1956842745531], [-115.181384234643, 36.195685325233], [-115.180891179464, 36.1956852809021], [-115.180438835396, 36.1956871155716], [-115.18040002419, 36.1956872733396], [-115.180347628037, 36.1956874799941], [-115.179952712929, 36.1956890816544], [-115.1799523676, 36.1956209197067], [-115.179949555005, 36.1939687414735], [-115.179949374825, 36.1938631784146], [-115.179308799628, 36.193866425689], [-115.179308761379, 36.1941335952428], [-115.179307388778, 36.1944007692937], [-115.179307339352, 36.1946701099884], [-115.179307306581, 36.1949362069924], [-115.179081792476, 36.1949343640332], [-115.1788561494, 36.1949336017586], [-115.178855274124, 36.1956247882451], [-115.178854921761, 36.1956932948313], [-115.175469075519, 36.1957074921436], [-115.17478981542, 36.1957121425894], [-115.171690184163, 36.1957263443233], [-115.171316382758, 36.1957300243028], [-115.169825578909, 36.1957316610602], [-115.169725750291, 36.1957312260168], [-115.169161552559, 36.1957298969982], [-115.168709438034, 36.1957288364589], [-115.165312799707, 36.1957207987829], [-115.165307036609, 36.1979449071774], [-115.165307162097, 36.1993457082152], [-115.165307635486, 36.2021659937505], [-115.165307747187, 36.202837254958], [-115.165307431849, 36.2028923774169], [-115.165297510219, 36.2029743417736], [-115.163151636171, 36.2029904862726], [-115.161472488761, 36.2030029297102], [-115.160799179556, 36.2030079180959], [-115.160785467428, 36.2030080138923], [-115.160368016733, 36.2030134792726], [-115.160206979586, 36.2030156860278], [-115.158322500414, 36.2030407432778], [-115.157882129702, 36.2030462627998], [-115.157560568888, 36.2030500673681], [-115.156908135611, 36.2030585600482], [-115.156296136412, 36.203071159103], [-115.156257442844, 36.2030721206078], [-115.154039793792, 36.2030962816158], [-115.15179135887, 36.2031250493171], [-115.151795397492, 36.2020793183306], [-115.151816471409, 36.2011755380202], [-115.151830874336, 36.2002673983329], [-115.151829940099, 36.2001721921208], [-115.15183241695, 36.1994068000524], [-115.15183270573, 36.1993359419754], [-115.151843222069, 36.1984023717213], [-115.151847843339, 36.1976007464298], [-115.151846969926, 36.1974903987826], [-115.151861940557, 36.196608226644], [-115.151866088439, 36.1962474466535], [-115.151869954201, 36.1957941845963], [-115.151873143671, 36.1956871052064], [-115.147423376541, 36.1957182191248], [-115.146956178193, 36.1957183373617], [-115.144139688536, 36.1957373098787], [-115.144132660793, 36.1957373498859], [-115.143978804597, 36.1957371890173], [-115.143783599894, 36.1957367508383], [-115.143406309153, 36.1957358965059], [-115.142977734833, 36.1957349316382], [-115.14297626708, 36.195734928041], [-115.142976309111, 36.1957305993171], [-115.142976316712, 36.1957298377581], [-115.14297798655, 36.1956024101166], [-115.142978565017, 36.195558281657], [-115.142978566604, 36.1955581969419], [-115.142978593992, 36.1955556887626], [-115.142978718099, 36.195533525685], [-115.142982992391, 36.1951852302514], [-115.142985778874, 36.1950648998308], [-115.142987556488, 36.1949877201952], [-115.142990124121, 36.1947912942456], [-115.142991020975, 36.1946470105831], [-115.142991337296, 36.1945964757084], [-115.142993917059, 36.1944038351942], [-115.142995142204, 36.1943061672731], [-115.142996423983, 36.194206327458], [-115.142998868302, 36.1940180117075], [-115.143001417682, 36.1938188727857], [-115.143003831521, 36.1936280513337], [-115.143003849755, 36.1936267805865], [-115.143005682377, 36.1934384814943], [-115.143008113376, 36.1932485613799], [-115.143009289453, 36.1931517044174], [-115.143010476645, 36.1930548474942], [-115.143012821682, 36.1928643871805], [-115.143015233421, 36.1926739262047], [-115.143015205093, 36.1926710419826], [-115.143016090531, 36.1925843865087], [-115.143017070976, 36.192474802645], [-115.143020639564, 36.1921928923293], [-115.143021969109, 36.1920765591034], [-115.143022362111, 36.1920440961935], [-115.143024533298, 36.1918628274336], [-115.143027760107, 36.1916379817196], [-115.143031954053, 36.1912344134314], [-115.143032093299, 36.1912194706041], [-115.14303303235, 36.1910517265073], [-115.143037271584, 36.1908883288346], [-115.143036064598, 36.1908655939339], [-115.143038087502, 36.190752507866], [-115.14303823483, 36.1907162586393], [-115.1430412348, 36.1905458173461], [-115.14304265293, 36.1904633007088], [-115.143044137767, 36.1903807843156], [-115.143044272349, 36.1903805775146], [-115.143045475164, 36.190104129211], [-115.143046841933, 36.189824209739], [-115.143047525141, 36.1896842801906], [-115.143047463879, 36.189683306575], [-115.143048903542, 36.1896505681027], [-115.143050365391, 36.1896178387247], [-115.143050429993, 36.1896142428259], [-115.143054337078, 36.1890989813072], [-115.143057103943, 36.1887343765629], [-115.143058160279, 36.188595115314], [-115.143058319836, 36.1885741573623], [-115.143058347361, 36.1885573214137], [-115.143059434556, 36.1884204910465], [-115.142951822838, 36.1884204007408], [-115.142909948696, 36.1884203656535], [-115.142164621913, 36.1884221185293], [-115.141539184614, 36.1884242191692], [-115.14134160748, 36.1884245983955], [-115.140998521904, 36.1884249894869], [-115.13989716031, 36.188428629691], [-115.139748981514, 36.1884291802565], [-115.138514790395, 36.1884323334751], [-115.137912718682, 36.1884334114314], [-115.136501654662, 36.1884364444199], [-115.135567804178, 36.188443887546], [-115.135415270321, 36.1884438396322], [-115.135238075739, 36.1884437893422], [-115.134941730166, 36.1884406247237], [-115.13476949155, 36.1884410789991], [-115.134575107703, 36.1884410534431], [-115.134440992712, 36.1884415870698], [-115.133879954421, 36.1884435016128], [-115.132675438165, 36.1884525013132], [-115.130743853456, 36.1884669078105], [-115.130577021091, 36.1884647627609], [-115.129625353206, 36.1884655487882], [-115.129523910244, 36.188465227345], [-115.12752376147, 36.1884729768667], [-115.125109210955, 36.1884511224215], [-115.125051598195, 36.1884505954319], [-115.125108017225, 36.1848024121375], [-115.12506852577, 36.1848025043133], [-115.120595539382, 36.1848132645273], [-115.12059325904, 36.1885028611013], [-115.119521526152, 36.1885068429435], [-115.118343022601, 36.1885104545671], [-115.117777115681, 36.1885139511125], [-115.117149807344, 36.1885183324823], [-115.116119005186, 36.1885214698641], [-115.116015203313, 36.1885195865656], [-115.115981821618, 36.1885184017365], [-115.115009865458, 36.1884998039616], [-115.113431026231, 36.1884690205306], [-115.111664740121, 36.188434548656], [-115.110540594448, 36.1884089697798], [-115.109069983895, 36.1883785292151], [-115.108226195288, 36.1883651699194], [-115.107219229678, 36.1883486682193], [-115.102815368357, 36.1882538581622], [-115.102399459651, 36.1882449325563], [-115.10069041711, 36.1882096004224], [-115.098312415355, 36.1881558700288], [-115.096694782983, 36.1881905214858], [-115.096009004357, 36.1882037925312], [-115.093698791334, 36.1882526964778], [-115.091789480194, 36.1882951993023], [-115.091741458093, 36.188293686223], [-115.09138723285, 36.1882994232626], [-115.089206374545, 36.1883470235222], [-115.089108181775, 36.1883497456148], [-115.086800444203, 36.18839274937], [-115.084496365673, 36.1884334706581], [-115.084392273952, 36.1884351999234], [-115.083893830222, 36.1884444775169], [-115.083343317524, 36.1884556986452], [-115.082192945212, 36.1884768451827], [-115.081607079842, 36.1884873785575], [-115.079887482442, 36.1885194908181], [-115.07978526507, 36.1885186192457], [-115.078635717984, 36.1885148595962], [-115.077522207815, 36.1885090781027], [-115.075350539819, 36.1885020451161], [-115.073082833117, 36.1884913187709], [-115.070813187719, 36.1884813523207], [-115.069740797172, 36.1885246151423], [-115.067586529559, 36.1886127005976], [-115.06660154155, 36.1886452341354], [-115.065424305445, 36.1886909879792], [-115.06434852358, 36.1887317534247], [-115.063282065604, 36.1887747217997], [-115.062361325424, 36.1888094372958], [-115.062191994954, 36.1888153967629], [-115.062188937514, 36.1869374909059], [-115.062188294504, 36.1851213419914], [-115.062183967179, 36.1832554255584], [-115.062183990582, 36.1814392333709], [-115.062176454176, 36.1777430483703], [-115.062171319089, 36.1758998385472], [-115.062169050338, 36.1740501243376], [-115.062145540655, 36.1721614346892], [-115.062127805701, 36.1702803773503], [-115.062120695519, 36.169460579007], [-115.062107852473, 36.1683415552826], [-115.062090356482, 36.1666058033622], [-115.062089380769, 36.1665231780904], [-115.062091781926, 36.1664408829687], [-115.062140546877, 36.1646995245221], [-115.062198676466, 36.1627721525087], [-115.062237216636, 36.1613858839732], [-115.062246723394, 36.1609973619328], [-115.062300033942, 36.1591523094221], [-115.062306257396, 36.1590196938558], [-115.062475813787, 36.1590186109067], [-115.065472929093, 36.1589994972871], [-115.069980391875, 36.1589778073383], [-115.071255713175, 36.1589775357891], [-115.074465017182, 36.1589710013169], [-115.078951078512, 36.1589586616872], [-115.080206243128, 36.1589491789776], [-115.081916245336, 36.1589330803981], [-115.081997638828, 36.1589324928713], [-115.082089657157, 36.1589319677907], [-115.083461255903, 36.1589220370006], [-115.084683285792, 36.1589129098026], [-115.085800451474, 36.158907273104], [-115.086914969277, 36.1588967570528], [-115.087372514251, 36.1588943268206], [-115.089146690546, 36.1588762456825], [-115.090503689319, 36.1588743035921], [-115.092317545779, 36.158853752069], [-115.093587864281, 36.1588555474628], [-115.095808219993, 36.1588375684038], [-115.09647785615, 36.1588338035992], [-115.096797321921, 36.1588323981889], [-115.096914708868, 36.1588328750909], [-115.09743027192, 36.1588284789909], [-115.097929794147, 36.158831586485], [-115.098023834811, 36.1588330942716], [-115.100715380817, 36.1588310120232], [-115.100992506185, 36.1588307947239], [-115.101044483531, 36.1588314547278], [-115.103220568299, 36.158833728239], [-115.105456036747, 36.1588360279621], [-115.105567325037, 36.1588358321263], [-115.106081478866, 36.158834682862], [-115.106090733039, 36.1582998569882], [-115.106088901148, 36.1580813047444], [-115.106089682215, 36.15787356848], [-115.106087556114, 36.1577329045876], [-115.106087265573, 36.1574580809738], [-115.105459106234, 36.1574566212981], [-115.105460674164, 36.15704439431], [-115.105562032455, 36.1570446365262], [-115.106642303197, 36.1570449761054], [-115.106643076058, 36.1566565769182], [-115.106642525829, 36.156281114075], [-115.106642711689, 36.1555269848427], [-115.107706984209, 36.155522951899], [-115.107709566614, 36.156957648806], [-115.107719014858, 36.1586963878769], [-115.107718900533, 36.1587245167018], [-115.107719625218, 36.1588327105002], [-115.109899794385, 36.1588342209052], [-115.110387492338, 36.1588355803173], [-115.111523375639, 36.158838745377], [-115.111523530725, 36.1588629456436], [-115.111523870125, 36.1589138879315], [-115.111523492504, 36.1590140117281], [-115.111518847412, 36.1593181069211], [-115.111515165976, 36.1594762067316], [-115.111513716552, 36.15974221694], [-115.11151338644, 36.1598140034332], [-115.111510250349, 36.1598903583265], [-115.111508844014, 36.160152880692], [-115.111505325929, 36.1603096742525], [-115.111504414804, 36.1604784192786], [-115.111500850248, 36.1606429628437], [-115.111499934733, 36.1608105821313], [-115.111499082544, 36.1609713419427], [-115.111495604811, 36.1611176797708], [-115.111494615693, 36.1613087052653], [-115.111491451675, 36.1613934140889], [-115.111490099222, 36.1616432112829], [-115.111489836332, 36.1616907893612], [-115.111489596533, 36.1617382233237], [-115.111486011648, 36.161907994257], [-115.111484996231, 36.1620941256167], [-115.111484350101, 36.1622167796557], [-115.111480984576, 36.1623406667565], [-115.111480290632, 36.16247129702], [-115.111476766003, 36.16263100166], [-115.112030148981, 36.1626405897077], [-115.112166201479, 36.1626430809446], [-115.112678559467, 36.1626508822353], [-115.112708498435, 36.1626516037763], [-115.112779989671, 36.16265332681], [-115.113303193167, 36.1626634393], [-115.113527430004, 36.1626662210443], [-115.113904762231, 36.162672540873], [-115.113908723351, 36.1624779489108], [-115.11390865682, 36.1623623401471], [-115.113908271614, 36.1617054863576], [-115.11390971311, 36.1613928605062], [-115.116019205984, 36.1614080337565], [-115.116045799167, 36.1607644799887], [-115.116129558656, 36.1589474135327], [-115.116132108521, 36.1588304800876], [-115.115835991228, 36.1584897440937], [-115.114417425843, 36.1572259663951], [-115.113620609981, 36.1569267864914], [-115.108536934952, 36.1523918814328], [-115.104588355517, 36.148878997872], [-115.099550948051, 36.1444086517132], [-115.100474921007, 36.1444031332771], [-115.104876871251, 36.1483296679012], [-115.105209027191, 36.1481089521606], [-115.105229772908, 36.1480927666625], [-115.105251204041, 36.1480771688356], [-115.105273287022, 36.1480621963996], [-115.105296000743, 36.1480478483688], [-115.105319320538, 36.1480341606959], [-115.10534321418, 36.1480211332521], [-115.105367648225, 36.1480087839293], [-115.105392600282, 36.1479971396766], [-115.105418036961, 36.1479862093734], [-115.105443936037, 36.1479759929307], [-115.105470241784, 36.1479665171646], [-115.105496942981, 36.1479578000558], [-115.105524006346, 36.1479498324585], [-115.105551398433, 36.1479426322648], [-115.105579074684, 36.1479362173225], [-115.105607012874, 36.1479305875429], [-115.105635179666, 36.1479257427927], [-115.105663530504, 36.14792170092], [-115.105692043161, 36.1479184618359], [-115.10576589389, 36.1479136910958], [-115.105549243162, 36.1477226633238], [-115.105432310986, 36.1476208095046], [-115.105294122953, 36.147498421308], [-115.105157285454, 36.1473749477799], [-115.105118763713, 36.1473392109484], [-115.105053654222, 36.1472807274647], [-115.104987227003, 36.1472233202327], [-115.104543099618, 36.1468245884361], [-115.104428728858, 36.1467222571735], [-115.10431097042, 36.1466178762316], [-115.104269795644, 36.1465799654119], [-115.10412896287, 36.1464543296437], [-115.104046582796, 36.1463817614071], [-115.10386856269, 36.1462225466676], [-115.10381276766, 36.1461694805102], [-115.10358691649, 36.1459669478892], [-115.103371713644, 36.1457698283159], [-115.103278710844, 36.1456864285057], [-115.102658078549, 36.145140942932], [-115.102642570011, 36.1451273117289], [-115.102598456191, 36.1450885395168], [-115.102134601132, 36.1446808391072], [-115.102131701942, 36.1446782921227], [-115.102015113616, 36.1445758171405], [-115.10183930436, 36.144421289564], [-115.101953429836, 36.144419721332], [-115.102014396622, 36.1444188839165], [-115.102602544675, 36.1444039233561], [-115.102842635756, 36.1444111508285], [-115.102893215061, 36.1444317770313], [-115.102922507341, 36.1444426379433], [-115.102959815615, 36.1444491867709], [-115.103022487942, 36.1444492939287], [-115.103062498136, 36.1444482827031], [-115.10309185046, 36.144444011113], [-115.103138469997, 36.1444288129817], [-115.103170639983, 36.1444160354552], [-115.103259301038, 36.1443983560252], [-115.104192130421, 36.1443818396263], [-115.104594469527, 36.144374706068], [-115.104984351495, 36.1443678008037], [-115.105343026952, 36.144361445694], [-115.10544438166, 36.1443595879268], [-115.105545742923, 36.1443566485486], [-115.106567280053, 36.1443364928057], [-115.107682181616, 36.1443144820094], [-115.109928582726, 36.1442781829097], [-115.110047915281, 36.1442802768797], [-115.111021222645, 36.1442880669454], [-115.112111183738, 36.1442999944336], [-115.113187131192, 36.1443140381201], [-115.114371745455, 36.1443262174302], [-115.114473348764, 36.1443273633124], [-115.117210489007, 36.1443582636473], [-115.118539113877, 36.1443732334057], [-115.118644096338, 36.1443744159029], [-115.118776190961, 36.1443756944654], [-115.123277227477, 36.1444066427246], [-115.125498666071, 36.1444260431415], [-115.126856229103, 36.144412469268], [-115.127710377627, 36.1444059788243], [-115.128067787576, 36.1443989830179], [-115.132300172354, 36.1443344395062], [-115.136705303007, 36.1442676778352], [-115.136874708879, 36.1442617841047], [-115.137022858065, 36.144259830692], [-115.137313547035, 36.1442551273137], [-115.141699619265, 36.1441494895729], [-115.141774962815, 36.144147009422], [-115.146661929218, 36.1439652007299], [-115.147519821694, 36.1439415481653], [-115.147881018576, 36.1439284953614], [-115.147938890779, 36.143926488582], [-115.148365285481, 36.1439109133611], [-115.148480363071, 36.1439069058979], [-115.149099016456, 36.1438799486394], [-115.149693036895, 36.1438604969074], [-115.150267770383, 36.1438382866307], [-115.15030767464, 36.1438384038784], [-115.151486748253, 36.1437971638507], [-115.151685756113, 36.1437890215443], [-115.152518382439, 36.143758148006], [-115.153581239472, 36.1437256894831], [-115.153997854525, 36.143711942813], [-115.154600864791, 36.1436920392954], [-115.154632818333, 36.1436888729661], [-115.154785900252, 36.1436827692757], [-115.154902389258, 36.1436765705437], [-115.156342712196, 36.1436134412508], [-115.157197831657, 36.1436474644142], [-115.157393960292, 36.1436578690457], [-115.158089309073, 36.1436838728243], [-115.158505419563, 36.14369943681], [-115.159120546064, 36.1437198594116], [-115.160643266627, 36.1437867927251], [-115.162678054307, 36.1438635287703], [-115.163047613181, 36.1438757949837], [-115.16370693986, 36.1438976920672], [-115.164725152804, 36.1439348375749], [-115.164816062857, 36.1439389948122], [-115.164948454568, 36.1439450634382], [-115.166163669026, 36.1440006853396], [-115.166307599308, 36.1440074875534], [-115.166309024648, 36.1440075547059], [-115.166310686615, 36.1440076334978], [-115.166310795895, 36.1440075617747], [-115.16631111295, 36.1440070743768], [-115.166364487454, 36.1439270007987], [-115.166390009882, 36.1438875318167], [-115.167641088936, 36.1419772638743], [-115.168602641587, 36.1405112667686], [-115.168784182952, 36.1402351073814], [-115.169272336204, 36.1394897011696], [-115.169515750143, 36.1391186398475], [-115.169755210413, 36.1387531073184], [-115.170244871619, 36.1380047828118], [-115.170487015525, 36.1376349317655], [-115.170714359732, 36.1372855607421], [-115.170892337247, 36.1369930533], [-115.171290216832, 36.1363836764571], [-115.171497796685, 36.1360646005324], [-115.171784366336, 36.1356234266463], [-115.171928989117, 36.1353995907963], [-115.172281161628, 36.134858939546], [-115.173183626744, 36.1334687069677], [-115.173233103173, 36.1333938875807], [-115.173232817746, 36.1334658281153], [-115.17321992852, 36.1352553572026], [-115.174220822312, 36.135269244147], [-115.174379535797, 36.1352707505399], [-115.173209508846, 36.1370654978426], [-115.173358864869, 36.1370678297881], [-115.175629223777, 36.1371025111661], [-115.175734617902, 36.1371038613038], [-115.176694431112, 36.1371187685349], [-115.176857186222, 36.1371213489067], [-115.177253380905, 36.137127740083], [-115.177875039352, 36.1371351908326], [-115.177998512252, 36.1369916617967], [-115.178331379631, 36.1365988302224], [-115.178532794518, 36.136343002119], [-115.178599960309, 36.1362523153151], [-115.178715465078, 36.1361022692499], [-115.178875350583, 36.135882027641], [-115.179199385162, 36.13538744338], [-115.17928546624, 36.1352524572658], [-115.179339280656, 36.1351628065418], [-115.17941596052, 36.1350386140932], [-115.179527688266, 36.1348420214138], [-115.179753902822, 36.1344326207694], [-115.179900865795, 36.1341311714793], [-115.180082967671, 36.1337389444941], [-115.18020300697, 36.1334828655686], [-115.180286814961, 36.1332656195604], [-115.180420706587, 36.1329078485833], [-115.180469456041, 36.1327651659714], [-115.180508789664, 36.1326386750193], [-115.180630767244, 36.1322613956755], [-115.180668849974, 36.1321165040747], [-115.180706993388, 36.1319618795525], [-115.180783373643, 36.1316320712786], [-115.180898362616, 36.1313282427688], [-115.180977341034, 36.1308680974233], [-115.181009262209, 36.1306610765693], [-115.181036730171, 36.1304536270472], [-115.181059722377, 36.1302458190857], [-115.181078238529, 36.1300377175799], [-115.181094440351, 36.1297932490444], [-115.18304139769, 36.1298933980339], [-115.18314275206, 36.1298985865813], [-115.185510678051, 36.1300196502999], [-115.186683642252, 36.1300794567239], [-115.187867943716, 36.1301408843939], [-115.188709510921, 36.1301812620408], [-115.189058929412, 36.1301990776886], [-115.190250489947, 36.1302604426135], [-115.190256473512, 36.1303906466132], [-115.190268032222, 36.1306995502955], [-115.190285450159, 36.1311480310319], [-115.190320373164, 36.1320298508845], [-115.190335444303, 36.1324209922792], [-115.190348435843, 36.1327033492291], [-115.190356543767, 36.1329067085438], [-115.190367563111, 36.1331792979475], [-115.190384088012, 36.1336444135071], [-115.190391816548, 36.1337991014873], [-115.190559660628, 36.1337936763958], [-115.192597910244, 36.1337584235146], [-115.194837763103, 36.1337208788143], [-115.199190430799, 36.1336530075348], [-115.199292914078, 36.1336514254166], [-115.199480229544, 36.1372993943195], [-115.201634517815, 36.1372905784866], [-115.202368060076, 36.1372864696528], [-115.203401670602, 36.1372808029402], [-115.204185898754, 36.1372728149431], [-115.205412210427, 36.1372722742532], [-115.20540874007, 36.1371618174286], [-115.205414222493, 36.1371261073013], [-115.205414534696, 36.1370471005619], [-115.205412026779, 36.1370070389946], [-115.205409467652, 36.1369799739734], [-115.20540559076, 36.1369496601234], [-115.205401693124, 36.136923672435], [-115.205388615735, 36.1368586926951], [-115.205380744071, 36.1368272846814], [-115.205364942967, 36.1367742024813], [-115.205345162254, 36.1367189527179], [-115.205326675231, 36.1366745235036], [-115.205314777666, 36.1366485195763], [-115.205301540864, 36.1366214298639], [-115.205289638905, 36.1365986615778], [-115.205267120075, 36.1365585548685], [-115.205253879541, 36.1365368819362], [-115.205240622757, 36.136516281495], [-115.20522737117, 36.1364945995118], [-115.205215452907, 36.1364729217363], [-115.205203550952, 36.1364501624542], [-115.205192971252, 36.1364273983323], [-115.205181063388, 36.1364035574721], [-115.205170488848, 36.1363797208205], [-115.20516124244, 36.1363569699181], [-115.205150683525, 36.1363298796301], [-115.205142775677, 36.1363060423827], [-115.205133555236, 36.1362778837753], [-115.20512434004, 36.1362486337124], [-115.205117765521, 36.1362248006733], [-115.205111206578, 36.1361977230121], [-115.205103355164, 36.1361598166864], [-115.205099452431, 36.1361349195391], [-115.205095554934, 36.136108931838], [-115.20509165225, 36.1360840256774], [-115.205089088069, 36.1360580421865], [-115.20508786312, 36.1360331444817], [-115.205085345016, 36.1359952459832], [-115.205085518756, 36.1359497850864], [-115.20508484174, 36.1354518782503], [-115.205075508645, 36.1351184759201], [-115.207011808306, 36.1351114252519], [-115.207898629146, 36.1351049879742], [-115.208101688813, 36.135103542289], [-115.20810254802, 36.1354224971105], [-115.208112111641, 36.1372597806344], [-115.208121395928, 36.1390812990345], [-115.208129676289, 36.1408964055167], [-115.207928399084, 36.1408958559146], [-115.206799990049, 36.1408924578948], [-115.20654522887, 36.1408927743022], [-115.206177073344, 36.1408949052627], [-115.205944985778, 36.1408963733475], [-115.205719564104, 36.1408978529864], [-115.205490132203, 36.1408993285627], [-115.205267377305, 36.1409008157635], [-115.205037950587, 36.1409012089338], [-115.204727159053, 36.1409045981668], [-115.204395016827, 36.1409069366297], [-115.204270972018, 36.1409077788733], [-115.204278831853, 36.1412280615064], [-115.204290457143, 36.141599478485], [-115.20430211308, 36.1419622340768], [-115.204312452006, 36.1423239039222], [-115.20432554568, 36.1426650148775], [-115.204325421398, 36.1426931619727], [-115.204331998415, 36.1430006780913], [-115.204333124189, 36.143046161972], [-115.204342181991, 36.1433970022256], [-115.204363229387, 36.144510325647], [-115.20777298412, 36.1445315216904], [-115.208145413648, 36.1445338426526], [-115.208506040009, 36.1445269953848], [-115.208938636471, 36.1445189119391], [-115.209719148055, 36.1445060092994], [-115.210676441507, 36.1444893255546], [-115.212413704151, 36.1444590362974], [-115.212514448993, 36.1444564821486], [-115.213395697595, 36.144440316301], [-115.213482048897, 36.1444384198884], [-115.214573264552, 36.1444220463864], [-115.214676561705, 36.1444202193144], [-115.215628181572, 36.1444044780557], [-115.216721518897, 36.144385703055], [-115.217773588907, 36.1443684324766], [-115.218201934127, 36.1443613571058], [-115.218859697141, 36.1443507785598], [-115.21992203031, 36.1443343134793], [-115.221005476406, 36.1443130088089], [-115.222046605522, 36.1442943336679], [-115.22312580442, 36.1442757369421], [-115.224205023331, 36.1442550846061], [-115.225285286795, 36.1442365166748], [-115.226351531669, 36.1442120658223], [-115.226822308912, 36.1442034547372], [-115.227281311397, 36.1441938874732], [-115.227420083123, 36.1441909921934], [-115.228489490945, 36.1441671716234], [-115.229572433097, 36.1441433003642], [-115.230640865124, 36.1441212242398], [-115.231608074181, 36.1440993821301], [-115.23249582143, 36.1440792732994], [-115.232796366881, 36.1440736369615], [-115.233872521282, 36.1440488056473], [-115.235003911575, 36.1440672343699], [-115.235559408686, 36.1440733011289], [-115.236119981111, 36.1440800650116], [-115.237242832525, 36.1440922108527], [-115.238364842851, 36.1441036587586], [-115.23948764902, 36.1441161619691], [-115.240612976119, 36.1441291125166], [-115.241757775137, 36.1441414050157], [-115.242754390927, 36.1441541124887], [-115.242919549652, 36.1441598636467], [-115.243089725494, 36.1441540561717], [-115.243138049775, 36.1441524088797], [-115.244039286205, 36.1441295038343], [-115.245166569885, 36.1440985059265], [-115.24630061486, 36.1440661284347], [-115.247410978422, 36.1440364398635], [-115.248540790423, 36.1440060842398], [-115.249677382955, 36.1439750428465], [-115.250794511884, 36.1439426117154], [-115.251929479014, 36.1439118779111], [-115.25305454909, 36.1438826562876], [-115.253607233568, 36.1438678746912], [-115.254171766648, 36.1438496711385], [-115.254274177452, 36.1438471134727], [-115.255297428087, 36.1438194746902], [-115.256428889425, 36.1437895088151], [-115.257560368521, 36.1437574683245], [-115.258674050459, 36.1437294968427], [-115.259251226577, 36.1437114297949], [-115.259817384695, 36.1436947182016], [-115.260938571761, 36.1436652768149], [-115.26094072776, 36.1436652195278], [-115.262050986636, 36.1436885633838], [-115.262625876594, 36.1437050116774], [-115.263177067454, 36.1437179959679], [-115.264283697438, 36.1437432652448], [-115.265401329208, 36.1437685444911], [-115.266537591346, 36.1437952055249], [-115.267668764995, 36.1438218423682], [-115.268805015122, 36.1438519158073], [-115.269954819343, 36.1438829242459], [-115.271086187737, 36.1439115302082], [-115.271650175857, 36.1439262844302], [-115.272202318401, 36.1439382652776], [-115.273335390229, 36.1439636457991], [-115.27445313916, 36.1439918332001], [-115.275587745058, 36.1440174667613], [-115.276705406219, 36.1440457861404], [-115.277836613469, 36.144071389698], [-115.278972836047, 36.1440996865952], [-115.278973332329, 36.1432693242879], [-115.278971696449, 36.1422458568138], [-115.278970539094, 36.1420880815371], [-115.278967556824, 36.1404609645998], [-115.278967893398, 36.140359443141], [-115.278965226872, 36.1386390330555], [-115.278964916629, 36.1377239503097], [-115.278964635361, 36.1368214856907], [-115.278962549047, 36.1352211841693], [-115.278959956701, 36.1331937079942], [-115.278955803239, 36.1311100860691], [-115.278954208869, 36.1295635189132], [-115.283443087917, 36.1296152286574], [-115.287797602376, 36.1296650507533], [-115.287933974445, 36.1296666219215], [-115.28806848762, 36.129669125705], [-115.292490705114, 36.1297515441237], [-115.297048158494, 36.1298364218102], [-115.29733285844, 36.1298364619881], [-115.299338036055, 36.1298376727237], [-115.30392376416, 36.1298353073001], [-115.30502749926, 36.1298426627235], [-115.306213436653, 36.1298349842164], [-115.30642722461, 36.1298400211842], [-115.30731506871, 36.1298338144253], [-115.307976249184, 36.1298377786932], [-115.308456168102, 36.129834762019], [-115.309581261478, 36.1298378162732], [-115.310701037062, 36.1298365306231], [-115.311919433733, 36.1298398112938], [-115.312556657493, 36.1298350525137], [-115.313052560144, 36.1298363798009], [-115.31421232129, 36.1298351695691], [-115.31517746597, 36.1298334224533], [-115.315227907301, 36.132557516397], [-115.31524482608, 36.1334697086737], [-115.31529030347, 36.1357824894663], [-115.315313501788, 36.1369559011582], [-115.315316576159, 36.1371104729341], [-115.315348023947, 36.1385574663375], [-115.315383937101, 36.1402336167571], [-115.315394249729, 36.140756196339], [-115.315407166767, 36.1413004399328], [-115.31543722881, 36.1427665908339], [-115.31547330716, 36.1444016411808], [-115.315564362493, 36.1479421904114], [-115.315660704839, 36.1516884616044], [-115.315755377132, 36.155369274432], [-115.31576547956, 36.1557618400329], [-115.315843844799, 36.1588146703149], [-115.315846424816, 36.1589516534031], [-115.318505496322, 36.1589474052113], [-115.318505480878, 36.1589529887128], [-115.320373026118, 36.1589538831781], [-115.323103278164, 36.1589551375198], [-115.323106613578, 36.1589551393606], [-115.323201473406, 36.1589551814341], [-115.326180367227, 36.1589564773874], [-115.327198763809, 36.1589569034425], [-115.330662130681, 36.1589582868081], [-115.331372552205, 36.1589585579825], [-115.332152013468, 36.1589610734105], [-115.332155375529, 36.158961084068], [-115.333585231737, 36.1589657079624], [-115.333855473674, 36.1589665804378], [-115.333949718174, 36.1589668587689], [-115.33642702768, 36.1589677536487], [-115.336435850253, 36.1589677574192], [-115.337090387965, 36.1589679848849], [-115.337104667714, 36.1589679818022], [-115.337856064811, 36.1589682473875], [-115.33785607796, 36.1591640425817], [-115.357007423964, 36.1591486751566], [-115.357180515488, 36.1591462352026], [-115.357273596625, 36.1591430401079], [-115.35736660373, 36.1591385289063], [-115.357459492341, 36.159132701514], [-115.357552241338, 36.1591255578914], [-115.357644826237, 36.1591171070057], [-115.357737203714, 36.1591073397627], [-115.357829373739, 36.1590962651757], [-115.35792128071, 36.1590838921535], [-115.358012902394, 36.159070220655], [-115.35807773079, 36.1590595901393], [-115.358477517475, 36.1589692833944], [-115.358566816244, 36.1589477477914], [-115.358655630647, 36.1589249493957], [-115.358743936202, 36.1589008971754], [-115.358831711789, 36.158875591092], [-115.358918935124, 36.158849049131], [-115.359005572835, 36.1588212802438], [-115.35909159155, 36.1587922933823], [-115.359176981288, 36.1587620795162], [-115.359261706381, 36.1587306737305], [-115.359345734614, 36.158698068756], [-115.359429054847, 36.1586642726851], [-115.359511633658, 36.1586293124957], [-115.35959344884, 36.1585931791348], [-115.359674466973, 36.1585558995805], [-115.35975467805, 36.1585174738156], [-115.359834046452, 36.1584779198012], [-115.359912551035, 36.1584372465126], [-115.359990169517, 36.1583954719358], [-115.360066868528, 36.1583526050232], [-115.360142636926, 36.1583086547688], [-115.360217452434, 36.1582636382576], [-115.360291282761, 36.1582175752596], [-115.360364114573, 36.1581704648506], [-115.360435915535, 36.158122343024], [-115.360506674558, 36.1580732007481], [-115.360576358221, 36.1580230650016], [-115.360644955359, 36.1579719537913], [-115.360712443692, 36.1579198851038], [-115.360778800992, 36.1578668588996], [-115.360844006067, 36.1578129012787], [-115.360962296225, 36.1577099944685], [-115.361516609729, 36.1572117655321], [-115.363077245795, 36.1573752846402], [-115.363120652639, 36.1571028389115], [-115.361792615618, 36.1569636894028], [-115.363478455743, 36.1554483483236], [-115.370306608157, 36.1554917486113], [-115.379321426346, 36.1554167033448], [-115.3867061254, 36.1588609840195], [-115.394230770497, 36.1626354271592], [-115.405683720446, 36.1666735926888], [-115.406587068763, 36.1744591856962], [-115.406216890704, 36.181682962996], [-115.405790078338, 36.1889086201843], [-115.40614959193, 36.1961322700484], [-115.397317636251, 36.1960631975096], [-115.397684631088, 36.2032776816125], [-115.397733091124, 36.2105139513226], [-115.388816324869, 36.2104368715056], [-115.370664866985, 36.2107399305131], [-115.370531515917, 36.218207686944], [-115.3519774195, 36.2179640739589], [-115.3475955614, 36.2180797197721], [-115.347595560886, 36.218079891016], [-115.347578264204, 36.2180801723923], [-115.347370625423, 36.2180856422519], [-115.33417672532, 36.2184324432777], [-115.334163826281, 36.2184327814419], [-115.334161175505, 36.2184328507294], [-115.334160795086, 36.2184328571476], [-115.334160790514, 36.2184350004021], [-115.334160771491, 36.218435036414], [-115.334160798371, 36.2184353284875], [-115.334160847803, 36.2184376286786], [-115.334160729891, 36.2184376320383], [-115.334179336124, 36.2193047030346], [-115.334197953835, 36.220171773927], [-115.334235179194, 36.2219059153072], [-115.334271048425, 36.2236402065725], [-115.334306919044, 36.2253744874157], [-115.334344257118, 36.2271094837201], [-115.334381607738, 36.2288444795386], [-115.334419511988, 36.2305842528162], [-115.33445741766, 36.2323240345946], [-115.334382237597, 36.2332958271728], [-115.334355464444, 36.2336418121992], [-115.334307055602, 36.2342676195386], [-115.334278715374, 36.2346339423536], [-115.334278347712, 36.2346341110301], [-115.334156753144, 36.2362057636114], [-115.334156699832, 36.2362064367609], [-115.336372037873, 36.236238878878], [-115.336233336553, 36.2381793913935], [-115.33609456291, 36.2401208177612], [-115.338330690828, 36.2401436220969], [-115.338205113931, 36.2420484131123], [-115.340451848244, 36.2420716178208], [-115.342690215321, 36.2420946941094], [-115.344945477342, 36.2421179018862], [-115.347192374342, 36.2421409812412], [-115.349439326301, 36.242164019408], [-115.351686334331, 36.242187015484], [-115.351625237197, 36.2440944599112], [-115.353858966645, 36.2441317731556], [-115.35608701534, 36.2441689500862], [-115.356092700668, 36.244169044705], [-115.35831721367, 36.2442061202118], [-115.358315889378, 36.2443133363963], [-115.35830966083, 36.2460509975353], [-115.356044228604, 36.2460349701921], [-115.355993084722, 36.246034608034], [-115.351564098665, 36.2460031500901], [-115.351506075107, 36.2478145006353], [-115.351506030956, 36.2478158867252], [-115.350776045305, 36.2478160930741], [-115.350747712768, 36.2478160974771], [-115.346939310403, 36.2478171053978], [-115.3469393339, 36.2478244509114], [-115.346939665756, 36.2479167205489], [-115.346944689815, 36.2493146114585], [-115.346952530182, 36.2514964596011], [-115.344271229395, 36.251500244074], [-115.342386998665, 36.2515028673061], [-115.337824880218, 36.2515090960507], [-115.337828287515, 36.2533419521554], [-115.335342577435, 36.2533448615118], [-115.333262057001, 36.2533472573971], [-115.333262727573, 36.2515975649983], [-115.333262749089, 36.2515199239778], [-115.332122331993, 36.2515200851545], [-115.330982799584, 36.2515202373256], [-115.329843267235, 36.2515203786414], [-115.328703734949, 36.2515205091023], [-115.328703601077, 36.2516029230712], [-115.328700878528, 36.253357647259], [-115.327560658983, 36.2533590271148], [-115.326420439464, 36.2533603961021], [-115.325280219973, 36.2533617542209], [-115.324140000508, 36.2533631014711], [-115.324145044871, 36.2516033534488], [-115.324145283703, 36.2515209316097], [-115.32300332179, 36.251528969848], [-115.321861348554, 36.2515370061725], [-115.32071938631, 36.251545022606], [-115.319577412773, 36.2515530281126], [-115.319577124633, 36.2516354498243], [-115.319570852729, 36.2533955552567], [-115.318428551463, 36.2534036391471], [-115.31728625, 36.2534117211411], [-115.316143937275, 36.2534197831884], [-115.315171226101, 36.2534266464215], [-115.315001648864, 36.2534278343812], [-115.315000803188, 36.2552270576697], [-115.314995653739, 36.2552659364594], [-115.315025507488, 36.2552657312386], [-115.315071133359, 36.2552654009543], [-115.315163475634, 36.2552647427784], [-115.315174292292, 36.2552646678864], [-115.315195291318, 36.2552645166776], [-115.315944847244, 36.2552591735482], [-115.316136488037, 36.2552578082249], [-115.317279094896, 36.2552496568289], [-115.317601892157, 36.2552473460452], [-115.317624691722, 36.255247183088], [-115.318677593531, 36.2552396581317], [-115.319328688576, 36.2552350006286], [-115.319377530475, 36.2552346487611], [-115.320706914492, 36.2552251281372], [-115.321849520704, 36.2552169240678], [-115.322992126715, 36.255208718096], [-115.324134732554, 36.2552005012091], [-115.325275561517, 36.2551978935787], [-115.326416390472, 36.2551952750677], [-115.327557219387, 36.2551926546889], [-115.328698048321, 36.2551900144168], [-115.329838866087, 36.2551873722534], [-115.330979694999, 36.2551847102204], [-115.33212052387, 36.2551820463197], [-115.333261352756, 36.2551793625257], [-115.335334999056, 36.2551773175092], [-115.337831695838, 36.2551748067993], [-115.342402038293, 36.2551700737449], [-115.342395885933, 36.2536699312852], [-115.342394786295, 36.2534018080832], [-115.342394518426, 36.2533364708065], [-115.346959125566, 36.2533317492785]], [[-115.225743473398, 36.2121473540737], [-115.225738662158, 36.2121111620498], [-115.225735361264, 36.2121109025301], [-115.225740181112, 36.2121471576699], [-115.225743473398, 36.2121473540737]], [[-115.324124244456, 36.2588559837147], [-115.324124155226, 36.2588873706734], [-115.324287887049, 36.2588862382606], [-115.324340918911, 36.2588858709129], [-115.324519049113, 36.2588846386727], [-115.324360697007, 36.2587811982636], [-115.324296055052, 36.2587427474891], [-115.324124858187, 36.2586409156776], [-115.324124244456, 36.2588559837147]], [[-115.18589016595, 36.1920766317566], [-115.185888407986, 36.1916500010205], [-115.185702984856, 36.1916518511413], [-115.185617324716, 36.191652705789], [-115.185617937615, 36.1920768091124], [-115.185848471808, 36.1920766591492], [-115.18589016595, 36.1920766317566]], [[-115.170854100506, 36.1893907796128], [-115.170852729344, 36.1896522485423], [-115.170851712461, 36.1898461572118], [-115.171261373664, 36.1898475681443], [-115.171262514463, 36.1896298136088], [-115.171263770669, 36.1893900274689], [-115.170854100506, 36.1893907796128]], [[-115.306688049101, 36.2850884767547], [-115.306688572825, 36.284760307372], [-115.306690097966, 36.2846530579285], [-115.306361068955, 36.2846487569659], [-115.306359526765, 36.2847572384116], [-115.306359451154, 36.2848032088163], [-115.306359117318, 36.285004163265], [-115.306358618827, 36.2853040073297], [-115.306687700165, 36.2853071935446], [-115.306688049101, 36.2850884767547]], [[-115.21571476368, 36.1516686011928], [-115.215700702627, 36.151778714359], [-115.215913974358, 36.1517790696611], [-115.216191347197, 36.1517795309921], [-115.216190100852, 36.1517374465868], [-115.216189567436, 36.15170763911], [-115.216188887759, 36.1516696320997], [-115.216188362467, 36.1516402275266], [-115.216181809715, 36.1512736163012], [-115.216098346839, 36.1512746122859], [-115.216044241225, 36.151275258423], [-115.215768694163, 36.1512785400324], [-115.215712669188, 36.1512792071673], [-115.21571476368, 36.1516686011928]], [[-115.206423881031, 36.1930274142481], [-115.206963180332, 36.1930334454729], [-115.206967247961, 36.1927527157511], [-115.206732056065, 36.1927507800092], [-115.206242110147, 36.1927467472736], [-115.206056988774, 36.1927440999907], [-115.206048451703, 36.1930240585031], [-115.20623538175, 36.1930253054881], [-115.206423881031, 36.1930274142481]], [[-115.215718711275, 36.188236944127], [-115.215459832098, 36.1882300975741], [-115.215453531063, 36.1886799345487], [-115.215350637625, 36.1886769261386], [-115.215097108805, 36.1886695139133], [-115.215092906612, 36.18887339619], [-115.215193084441, 36.1888737043178], [-115.215374572665, 36.1888763001437], [-115.21564910364, 36.1888802252125], [-115.215840501961, 36.1888820864775], [-115.215867185278, 36.1888823459459], [-115.215869099525, 36.1888826627672], [-115.215869119837, 36.1888823608974], [-115.215869542658, 36.1888346929733], [-115.215872161492, 36.1886906117958], [-115.215713507739, 36.188686600626], [-115.215717806916, 36.1883424283276], [-115.215718711275, 36.188236944127]], [[-115.234114042797, 36.2150430827898], [-115.23439170094, 36.2150566567384], [-115.23444080086, 36.2145366845554], [-115.234320693746, 36.2145288536544], [-115.234141146885, 36.2145171476234], [-115.233811166104, 36.2144956322739], [-115.23385018559, 36.2150301830073], [-115.234114042797, 36.2150430827898]], [[-115.260698296899, 36.2325713803071], [-115.260691680678, 36.2321980512713], [-115.260520596523, 36.2321974185636], [-115.259572495023, 36.2321939375139], [-115.25957235583, 36.2323669423254], [-115.259572192333, 36.2325714767045], [-115.259607157865, 36.2325716407131], [-115.260033700425, 36.232573645742], [-115.260052932524, 36.2325737364625], [-115.260529666594, 36.23257440443], [-115.260695883755, 36.2325714251732], [-115.260696556855, 36.2325714125677], [-115.260698296899, 36.2325713803071]], [[-115.170786324732, 36.1898459318772], [-115.170787378946, 36.1893905496838], [-115.170552534849, 36.1893897400923], [-115.169941388323, 36.1893876310923], [-115.169838844441, 36.1893891696243], [-115.169838491438, 36.1895297107943], [-115.169837704601, 36.189842875101], [-115.170591751257, 36.1898453053038], [-115.170786324732, 36.1898459318772]], [[-115.226820281256, 36.2657403883565], [-115.227058275031, 36.2657642585808], [-115.227072690328, 36.2649428021862], [-115.227074134628, 36.2648600420568], [-115.226810510312, 36.2648340207267], [-115.226595754189, 36.2648128222174], [-115.226569647011, 36.2657152506109], [-115.226820281256, 36.2657403883565]], [[-115.225558926225, 36.2134175309648], [-115.225784060201, 36.2134322737965], [-115.225771383546, 36.2133510651581], [-115.225655647357, 36.2125691767731], [-115.225369564429, 36.2125512744624], [-115.22527902123, 36.212545608498], [-115.225118756158, 36.2125355031513], [-115.22523714757, 36.2133217351792], [-115.225248858423, 36.2133975413759], [-115.225510627648, 36.2134143681532], [-115.225558926225, 36.2134175309648]], [[-115.274931433202, 36.3090616352656], [-115.274616571876, 36.3090443112687], [-115.27461128298, 36.3100074010538], [-115.274785396525, 36.3100154546042], [-115.27515236067, 36.3100324285056], [-115.275152202267, 36.3099453461669], [-115.275150588074, 36.3090736925599], [-115.274931433202, 36.3090616352656]], [[-115.238633501491, 36.2649111016853], [-115.238133495407, 36.2648602244819], [-115.238130968401, 36.2649842872711], [-115.238131259104, 36.2650092715667], [-115.238129577176, 36.2651486765616], [-115.238129396357, 36.2651637156837], [-115.238120127002, 36.2659328990262], [-115.238397130231, 36.2659654052101], [-115.238565431287, 36.265972758213], [-115.238619119281, 36.2659696070688], [-115.238619713132, 36.2659213434889], [-115.238632562302, 36.2649799585061], [-115.238633501491, 36.2649111016853]], [[-115.255885383723, 36.2405341791675], [-115.255885239222, 36.2405389483631], [-115.256480215076, 36.2405425671664], [-115.256485639948, 36.2404046937531], [-115.25650737351, 36.2398160997287], [-115.256514731671, 36.2396168154218], [-115.256514575916, 36.239616814095], [-115.256015195216, 36.2396115562472], [-115.255913414422, 36.2396094751768], [-115.255891447112, 36.2403341595408], [-115.255885383723, 36.2405341791675]], [[-115.262245267581, 36.2256244754112], [-115.262242292834, 36.2257344792609], [-115.262308347272, 36.225736313058], [-115.262872496208, 36.2257519772568], [-115.262856097973, 36.2248199209423], [-115.262520211435, 36.2248109273294], [-115.262230737794, 36.2248031749261], [-115.262245267581, 36.2256244754112]], [[-115.212570613517, 36.1508647658617], [-115.212470765894, 36.1508631371949], [-115.212474149722, 36.15177072152], [-115.213033289142, 36.1517717082111], [-115.213033747279, 36.1516626754193], [-115.213031978634, 36.1514805298666], [-115.213031746217, 36.1514566862789], [-115.213029950378, 36.1512718160198], [-115.213554978666, 36.1512732671054], [-115.213552644921, 36.1512110011123], [-115.213549527159, 36.1508702260784], [-115.213067527198, 36.1508676281815], [-115.21302619722, 36.1508674012456], [-115.212570613517, 36.1508647658617]], [[-115.212969143802, 36.2064346140397], [-115.212981984512, 36.2060318405919], [-115.21298209946, 36.2060267982456], [-115.212967545215, 36.2060315660812], [-115.212807879913, 36.2060285635979], [-115.211408984306, 36.206002254808], [-115.211352201592, 36.2060008733164], [-115.21130759049, 36.2059997892039], [-115.211300080337, 36.2064025790212], [-115.211295627495, 36.2064881063382], [-115.212629795321, 36.2065148144585], [-115.21296867498, 36.2065223168414], [-115.212969143802, 36.2064346140397]], [[-115.215629282536, 36.1896049473545], [-115.215628912176, 36.1896461171333], [-115.215621808522, 36.18984327047], [-115.21516982388, 36.1898335082102], [-115.215067265464, 36.1898331927359], [-115.215056592108, 36.1902177681484], [-115.215159706955, 36.1902180853446], [-115.215611731295, 36.1902245851012], [-115.215611308302, 36.1902722530125], [-115.216060601915, 36.1902852499977], [-115.216163271186, 36.1902879083158], [-115.216175490382, 36.1902855934294], [-115.216176220039, 36.1902555241371], [-115.216179415281, 36.190123625684], [-115.216190465388, 36.1896690661555], [-115.216195840679, 36.1894478953115], [-115.216202650059, 36.1891676844581], [-115.216094613059, 36.1891662210436], [-115.215684662628, 36.189159338619], [-115.21564260985, 36.1891586326297], [-115.215639010493, 36.1892626304197], [-115.215635268493, 36.1893828690119], [-115.215631975739, 36.1894521951215], [-115.215630849989, 36.1895160534525], [-115.215629282536, 36.1896049473545]], [[-115.211116297977, 36.1883202142641], [-115.211106773316, 36.18867841219], [-115.211094860017, 36.1891264161849], [-115.211446765882, 36.1891261039545], [-115.211786669779, 36.1891268530112], [-115.212127911895, 36.189126523705], [-115.2121403592, 36.1886866301515], [-115.212150663215, 36.1883224977514], [-115.212153886816, 36.1882142718477], [-115.211800480552, 36.1882132025378], [-115.211464406659, 36.1882121770162], [-115.211116313481, 36.1882112033076], [-115.211116297977, 36.1883202142641]], [[-115.285623733038, 36.2759975077352], [-115.285609940455, 36.2764067981255], [-115.285599623198, 36.276784625391], [-115.286215019366, 36.2767803967319], [-115.286229937846, 36.2764006971653], [-115.286630474474, 36.2764016915581], [-115.286766814301, 36.2764020297363], [-115.286781727508, 36.2759965084219], [-115.286247372328, 36.275997345256], [-115.286268576623, 36.2755067408677], [-115.285640046798, 36.2755134066367], [-115.285623733038, 36.2759975077352]], [[-115.187888566033, 36.1917668259927], [-115.187443714219, 36.1917653555548], [-115.187434142938, 36.1920741774482], [-115.187879536303, 36.1920722248193], [-115.188377672322, 36.1920678921212], [-115.188952934118, 36.1920628867601], [-115.189233710051, 36.1920566282379], [-115.189189366759, 36.1920079658721], [-115.188575544371, 36.1913274071234], [-115.188348163102, 36.1910800951078], [-115.18798905937, 36.1906895114492], [-115.187894500077, 36.190586569362], [-115.187888566033, 36.1917668259927]], [[-115.32766392063, 36.3248388579443], [-115.326522925249, 36.3248580244376], [-115.32649507495, 36.32593224772], [-115.326673858786, 36.3259201581485], [-115.327637434122, 36.3258549965505], [-115.327663035566, 36.3248728322148], [-115.32766392063, 36.3248388579443]], [[-115.24630356752, 36.2697663575225], [-115.246999601381, 36.2697938330078], [-115.246996830705, 36.268337713878], [-115.246996320516, 36.2680697189742], [-115.246583162913, 36.2680562629603], [-115.246289372062, 36.2680451968762], [-115.246290926822, 36.2684836833271], [-115.246291528551, 36.2686337299167], [-115.246293449391, 36.268686604343], [-115.246292333592, 36.2688840894008], [-115.246292204322, 36.268976326804], [-115.246293680337, 36.2692647942277], [-115.246293108591, 36.269303046489], [-115.24629310245, 36.2693034394292], [-115.24630356752, 36.2697663575225]], [[-115.264769083193, 36.3104554514482], [-115.264764938867, 36.3095689914876], [-115.264768028091, 36.3094939407922], [-115.264043786352, 36.3094513198041], [-115.263257644947, 36.3094050516056], [-115.263259133127, 36.3094877654225], [-115.263262365024, 36.3100783620828], [-115.263569044609, 36.3100964097118], [-115.263963850525, 36.3101196418067], [-115.263965201743, 36.310408143804], [-115.264769083193, 36.3104554514482]], [[-115.324226214025, 36.3254700264897], [-115.324240933011, 36.3248963247426], [-115.32406056085, 36.3249012961975], [-115.323079588997, 36.3249283294839], [-115.323053669601, 36.3260675017313], [-115.323312304753, 36.3260555270556], [-115.324208240536, 36.3260140413337], [-115.324226214025, 36.3254700264897]], [[-115.316107139582, 36.3260138421412], [-115.316107777716, 36.3258788150121], [-115.316079405437, 36.3258802386757], [-115.316053924145, 36.3257914505775], [-115.316029355939, 36.3257223131441], [-115.315978583807, 36.3256097028262], [-115.315973322164, 36.3256005918154], [-115.315915869357, 36.3255011034655], [-115.315841688723, 36.3253973452792], [-115.315756617313, 36.3252992127399], [-115.315661289703, 36.3252074480912], [-115.31557149882, 36.3251349352223], [-115.315549971671, 36.325135525998], [-115.315326475111, 36.3251416710609], [-115.315441882381, 36.3252241257786], [-115.315480607595, 36.3252538103372], [-115.315518037147, 36.3252845735065], [-115.315554104364, 36.3253163700747], [-115.315588787094, 36.3253491639425], [-115.31562202974, 36.3253829279484], [-115.315653799099, 36.3254175998316], [-115.315684050719, 36.3254531506529], [-115.315712751335, 36.3254895361766], [-115.315739867686, 36.3255267112657], [-115.315765355375, 36.3255646307585], [-115.315789203414, 36.3256032495676], [-115.315811356329, 36.3256425044809], [-115.315831815293, 36.3256823774765], [-115.315850533771, 36.3257227963493], [-115.315867501891, 36.3257637160144], [-115.315882686359, 36.3258051003473], [-115.315896087417, 36.3258468781486], [-115.315907638794, 36.3258888852391], [-115.315300945475, 36.3259194133049], [-115.314948699294, 36.325937135019], [-115.314947155481, 36.3268852253264], [-115.314946906362, 36.3270380903646], [-115.316000661226, 36.3269851588313], [-115.316102570786, 36.3269800241532], [-115.316107139582, 36.3260138421412]], [[-115.320736969303, 36.3261747419743], [-115.320756886105, 36.3249922969654], [-115.320581111685, 36.3249971353743], [-115.319595528345, 36.3250242588065], [-115.31949364055, 36.325027062223], [-115.319478520227, 36.3261184800882], [-115.319476933297, 36.3262330462737], [-115.320736969303, 36.3261747419743]], [[-115.253380944023, 36.241679907844], [-115.253395680304, 36.2406673190525], [-115.253399694797, 36.2405274689965], [-115.252079233, 36.2405183394742], [-115.252078650771, 36.2405674677092], [-115.252077782476, 36.2406406224594], [-115.252069551695, 36.2413361748203], [-115.251372674737, 36.2413307642456], [-115.251366145149, 36.2416672320274], [-115.251569602729, 36.2416685084229], [-115.252666846944, 36.2416754126669], [-115.252989834, 36.2416774459695], [-115.253380944023, 36.241679907844]], [[-115.327233771563, 36.218619768348], [-115.327238301531, 36.2192774769326], [-115.328924189781, 36.2192841283747], [-115.329555987558, 36.2192866145454], [-115.329544756692, 36.2184040473897], [-115.327583163852, 36.2183909195815], [-115.327348443055, 36.2183893469787], [-115.327232188416, 36.2183888548886], [-115.327233771563, 36.218619768348]], [[-115.312628207748, 36.2847094208573], [-115.312614727167, 36.2847092848897], [-115.311508808721, 36.2846984671997], [-115.311508235111, 36.2848430056518], [-115.311504418389, 36.2865344801225], [-115.312341951905, 36.2865431271638], [-115.312633202473, 36.2865461337775], [-115.31263317489, 36.2865031932372], [-115.312633159897, 36.2864733681194], [-115.312628207748, 36.2847094208573]], [[-115.285442379336, 36.2346440550925], [-115.284913842246, 36.2346464593898], [-115.284913908236, 36.234617385004], [-115.284915518277, 36.2338754899767], [-115.284915802926, 36.2337443753429], [-115.284847121071, 36.2337431774562], [-115.283755615395, 36.2337476146815], [-115.283755555689, 36.2338802052751], [-115.283755136489, 36.2346135662734], [-115.28375511216, 36.2346517293189], [-115.284913842246, 36.2346464593898], [-115.284912861713, 36.2351006143996], [-115.284912066649, 36.2354670243552], [-115.28491225489, 36.2355547865302], [-115.284915460117, 36.23555477019], [-115.285035558764, 36.2355541656922], [-115.285239282556, 36.2355531403583], [-115.285439971338, 36.2355521296531], [-115.285967427416, 36.2355494761102], [-115.286042249035, 36.2355490987466], [-115.286069158029, 36.2355489628176], [-115.286072554205, 36.2346459468919], [-115.286072568043, 36.2346422913145], [-115.286072571291, 36.2346414332993], [-115.286073147403, 36.2346411832721], [-115.286072574475, 36.2346411800461], [-115.286028262615, 36.2346413835917], [-115.285970853007, 36.2346416455988], [-115.285442379336, 36.2346440550925]], [[-115.326125316345, 36.2290768451197], [-115.326123210834, 36.2286212158056], [-115.326117073653, 36.2272933303341], [-115.324942944607, 36.2273195246263], [-115.32494482817, 36.228273720218], [-115.324946477655, 36.2291096987862], [-115.326125316345, 36.2290768451197]], [[-115.322974595838, 36.2609787656896], [-115.322975082988, 36.2608178942478], [-115.322975334236, 36.2607354815802], [-115.321831789922, 36.260743955565], [-115.32182932933, 36.2615128426978], [-115.321828841713, 36.2616651330075], [-115.321826329051, 36.2624489379209], [-115.321825882268, 36.2625863012706], [-115.322411456113, 36.2625819191572], [-115.322969731961, 36.2625777379323], [-115.322970154454, 36.2624403835343], [-115.322971343814, 36.2620484989469], [-115.32297253318, 36.261656605321], [-115.322973813662, 36.2612372498113], [-115.322974595838, 36.2609787656896]], [[-115.324167571945, 36.2846030784274], [-115.323016897914, 36.2846189200589], [-115.32301428895, 36.2851296245963], [-115.323012133922, 36.2855505627762], [-115.323010030338, 36.2859627045643], [-115.323007511743, 36.2864562127991], [-115.323519768182, 36.2864489792656], [-115.324159060209, 36.286439949608], [-115.324166902605, 36.2847476050631], [-115.324167571945, 36.2846030784274]], [[-115.326387459277, 36.2772270472115], [-115.325349642378, 36.277239053117], [-115.325349056847, 36.2773764068394], [-115.325345703311, 36.2781587569588], [-115.325344164069, 36.2785182739418], [-115.325170995474, 36.2786870352005], [-115.325061182455, 36.2787892014339], [-115.324949170297, 36.2788898035998], [-115.324835024765, 36.2789888147957], [-115.324790941956, 36.2790257332319], [-115.324718748227, 36.2790861908582], [-115.325339782627, 36.2790784834221], [-115.326490436616, 36.2790641964672], [-115.3264911387, 36.2788872669529], [-115.326491949556, 36.278680531461], [-115.326492051403, 36.2786545396874], [-115.326493430794, 36.2783027976813], [-115.326494049069, 36.2781449877042], [-115.326495855337, 36.2776873922215], [-115.326496409952, 36.2775466315943], [-115.326496429686, 36.277541626832], [-115.326496694244, 36.2774734393026], [-115.326497122377, 36.2773631326314], [-115.326497661372, 36.2772257787993], [-115.326496426869, 36.2770521617801], [-115.326474058245, 36.2770880567643], [-115.326387459277, 36.2772270472115]], [[-115.314798354894, 36.2773640306173], [-115.313796535625, 36.277358687286], [-115.313771891763, 36.2773585596377], [-115.313772588035, 36.2774668498986], [-115.313756133549, 36.2787036290515], [-115.313750972955, 36.279091477402], [-115.313750682846, 36.2791758454662], [-115.315005153853, 36.2792063360657], [-115.315019847471, 36.27777256839], [-115.315024022021, 36.2773652329196], [-115.314798354894, 36.2773640306173]], [[-115.271295629452, 36.3085363730264], [-115.269377093207, 36.3084464059176], [-115.269379019818, 36.3096685312911], [-115.269379166732, 36.3097652112554], [-115.269847534799, 36.3097869001598], [-115.27169246751, 36.3098723147746], [-115.271693337659, 36.3093710369473], [-115.271693400155, 36.308555022376], [-115.271295629452, 36.3085363730264]], [[-115.332134480835, 36.2643848700745], [-115.332134706449, 36.2644235427358], [-115.332137132538, 36.2648395676489], [-115.332139557529, 36.2652555916294], [-115.331097070456, 36.2652645735611], [-115.330995306343, 36.2652649636673], [-115.331000169874, 36.266097687554], [-115.331000650421, 36.266180101724], [-115.332144890322, 36.2661700816159], [-115.33328913111, 36.2661600505622], [-115.333286424478, 36.2656953523689], [-115.333285059271, 36.2654609749], [-115.333283898497, 36.2652616198428], [-115.333278485934, 36.2643320277036], [-115.332134220253, 36.2643411303346], [-115.332134480835, 36.2643848700745]], [[-115.258074915327, 36.2312499242172], [-115.258380080651, 36.2312489436151], [-115.258794774099, 36.2312503575601], [-115.258914924381, 36.231250767215], [-115.258926692897, 36.2312508063339], [-115.259521658542, 36.2312528316741], [-115.259519478747, 36.2311730873078], [-115.259497746278, 36.230330136084], [-115.259334836117, 36.230330821663], [-115.259035714242, 36.2303300834116], [-115.258968941592, 36.2303310019825], [-115.258814040933, 36.2303317085653], [-115.258591038286, 36.2303322481585], [-115.258368029027, 36.2303316967635], [-115.258333305544, 36.2303326930062], [-115.258147695142, 36.2303322337657], [-115.257930032167, 36.2303327866389], [-115.257708367849, 36.230332237672], [-115.257273030818, 36.2303333323809], [-115.257212952881, 36.2303320961189], [-115.257200834824, 36.2303321469088], [-115.257050031596, 36.2303327785566], [-115.256827028959, 36.2303333148621], [-115.256605353539, 36.2303327638214], [-115.256220680121, 36.2303358226445], [-115.256173934391, 36.2303360283132], [-115.256072202485, 36.2303357771451], [-115.256084751437, 36.2312593894951], [-115.256084833934, 36.2312593473604], [-115.257234316475, 36.231252621171], [-115.257250388348, 36.2312525694367], [-115.257340208165, 36.2312522815306], [-115.257735220004, 36.2312510155737], [-115.258074915327, 36.2312499242172]], [[-115.313772557553, 36.297458273209], [-115.313773830988, 36.2976489590702], [-115.313776336301, 36.2978637838762], [-115.313777786843, 36.2979816398081], [-115.313781733509, 36.2983024362812], [-115.313783672334, 36.2984599224107], [-115.313786199137, 36.2986652766281], [-115.313787369374, 36.2987604062393], [-115.313789887357, 36.2989650916797], [-115.313792238281, 36.2991562017191], [-115.313793961829, 36.2992963341752], [-115.313794685155, 36.2993550241861], [-115.313795096831, 36.2993884408177], [-115.313795472929, 36.299418930025], [-115.314605921006, 36.2994305575219], [-115.31492568446, 36.2994351440745], [-115.31491933809, 36.2975989926627], [-115.314913002907, 36.2957628316997], [-115.314395737911, 36.2957558687296], [-115.31425437275, 36.2957539662322], [-115.314176690721, 36.2957529198522], [-115.314077666314, 36.2957515865236], [-115.313868474277, 36.2957487692301], [-115.313768461252, 36.2957474226021], [-115.313768867748, 36.2959169599158], [-115.313769549316, 36.2962029760952], [-115.313769948682, 36.2963700546982], [-115.313770242869, 36.2964916564606], [-115.313770746378, 36.2967045129141], [-115.313771437, 36.2969901613555], [-115.313772557553, 36.297458273209]], [[-115.324812463299, 36.271740047274], [-115.325882364781, 36.2717281735381], [-115.325882395931, 36.2717281781115], [-115.32645908012, 36.2717217761646], [-115.326458614271, 36.2716601176772], [-115.326458552272, 36.2716518618164], [-115.326456766281, 36.27141557833], [-115.326455291268, 36.2712202758195], [-115.326455017055, 36.2711850622063], [-115.326453325256, 36.2709608019844], [-115.326453278993, 36.2709545379861], [-115.326451369824, 36.2707014985026], [-115.326451293034, 36.2706909623692], [-115.326449544179, 36.270460338966], [-115.326449403857, 36.2704420156323], [-115.326447806257, 36.2702297777657], [-115.326446080885, 36.2700021826978], [-115.326446042889, 36.2699967929584], [-115.326445211001, 36.2698871855406], [-115.325397463634, 36.2698980035682], [-115.325301021691, 36.2698989987462], [-115.324156820974, 36.2699108009802], [-115.324165448059, 36.2713387524845], [-115.32416637114, 36.2714915386192], [-115.324167914833, 36.2717471847038], [-115.324812463299, 36.271740047274]], [[-115.319570861891, 36.2837468968127], [-115.319569348818, 36.2839792006659], [-115.319564873505, 36.2846663604821], [-115.31966664841, 36.2846649626313], [-115.320715548693, 36.2846505610862], [-115.320716206285, 36.2845406786881], [-115.32072109966, 36.2837313667541], [-115.320726661561, 36.2828121723041], [-115.320732223446, 36.2818929236355], [-115.320734995774, 36.2814341869887], [-115.320736572291, 36.2811732432197], [-115.320737594973, 36.2810038582334], [-115.320737773639, 36.2809737829529], [-115.320163500133, 36.2809811457725], [-115.319588836902, 36.2809885139874], [-115.319587526182, 36.2811895052679], [-115.319585843032, 36.2814482505598], [-115.319582847533, 36.2819084557581], [-115.319582163915, 36.2820123806864], [-115.319570861891, 36.2837468968127]], [[-115.306386773909, 36.2201647629943], [-115.306387992452, 36.2203107023041], [-115.306399610337, 36.2212495391212], [-115.308681566774, 36.2212077151882], [-115.308673939292, 36.2202793687644], [-115.308673880663, 36.2202722763973], [-115.308673044389, 36.2193405845137], [-115.306380202738, 36.2193776965179], [-115.306386773909, 36.2201647629943]], [[-115.328621226287, 36.2680328570129], [-115.327432853642, 36.2680442513734], [-115.327435891957, 36.2685184406498], [-115.327437354502, 36.2687490103307], [-115.327438777153, 36.2689713413101], [-115.327440250866, 36.2692019019846], [-115.327441673526, 36.2694242329472], [-115.327443096157, 36.2696465738155], [-115.327444560933, 36.269876466596], [-115.327446749008, 36.2702189768216], [-115.327448211586, 36.270449546437], [-115.327449696432, 36.2706801151898], [-115.327451405596, 36.2709476828769], [-115.327452879468, 36.271178206523], [-115.327454353372, 36.2714087220488], [-115.327456062555, 36.2716762888021], [-115.327456284712, 36.2717105379297], [-115.327457891598, 36.2719617020508], [-115.327459600794, 36.2722292687794], [-115.327461309993, 36.2724968363973], [-115.327463019198, 36.2727644040032], [-115.327464509309, 36.272996784251], [-115.32746799762, 36.2735446176903], [-115.327617550376, 36.2735439281214], [-115.327656898385, 36.2735434985186], [-115.327658411086, 36.2735434819243], [-115.327739656107, 36.2735425920753], [-115.328272856734, 36.2735367455026], [-115.328300631866, 36.2735364406184], [-115.32866189445, 36.2735324751296], [-115.328643513855, 36.2728047982926], [-115.328642229469, 36.2725840801484], [-115.328642340441, 36.2725838397428], [-115.328643017382, 36.2724514935911], [-115.328644014498, 36.2722565487966], [-115.328645625603, 36.2719417800869], [-115.328646869729, 36.271698532583], [-115.328368872539, 36.2717014967075], [-115.327736482519, 36.2717082286501], [-115.32764921109, 36.2717091569902], [-115.327625423846, 36.2717090096967], [-115.327602776327, 36.2717088684405], [-115.327588755933, 36.2698749183827], [-115.327627177109, 36.2698748563291], [-115.327641534965, 36.2698748329488], [-115.32773330987, 36.2698738835913], [-115.328522887409, 36.2698657138129], [-115.328620748418, 36.2698647010333], [-115.328621997433, 36.2698646324921], [-115.32862076831, 36.2697554262066], [-115.328621044589, 36.2682173190812], [-115.32862105308, 36.2681663832105], [-115.328621075046, 36.2680458414448], [-115.328621226287, 36.2680328570129]], [[-115.255980778585, 36.2238101087704], [-115.255995359909, 36.2247501554247], [-115.257119528232, 36.2247529370123], [-115.257117834777, 36.2256723455712], [-115.257999044471, 36.2256726465324], [-115.258279924949, 36.225672741131], [-115.259429966396, 36.2256792215323], [-115.260572299771, 36.2256880224448], [-115.260557199357, 36.2247488789547], [-115.26055464584, 36.2247514713748], [-115.260470970172, 36.2247520793197], [-115.260387295616, 36.224752687209], [-115.259606760077, 36.2247498390215], [-115.259417693198, 36.224749156122], [-115.258902531641, 36.2247472737748], [-115.258377613726, 36.2247453537019], [-115.258271183126, 36.2247449835058], [-115.25826197619, 36.2241745437478], [-115.258256323889, 36.2238243878597], [-115.258256227115, 36.2238243875968], [-115.258256240178, 36.2238196180275], [-115.258154512652, 36.2238192695201], [-115.257120505685, 36.2238157340767], [-115.255985481292, 36.2238053790696], [-115.25598079846, 36.2238053392203], [-115.255980736166, 36.2238053399512], [-115.255980778585, 36.2238101087704]], [[-115.263418939779, 36.2322936489795], [-115.264105158233, 36.2323181644448], [-115.264068915797, 36.2294908215789], [-115.262913175711, 36.2294524468573], [-115.262928785204, 36.2303954419346], [-115.262827359601, 36.2303909793163], [-115.262588153386, 36.230382688215], [-115.26230687499, 36.2303729372426], [-115.261775722267, 36.230354900287], [-115.261779585007, 36.2308025978228], [-115.261786228231, 36.2312178565434], [-115.261791298255, 36.2313000493197], [-115.261796368289, 36.2313822420947], [-115.261808300532, 36.2318126565712], [-115.261812240862, 36.2322387323865], [-115.262356755835, 36.2322568050513], [-115.262855902483, 36.2322726447223], [-115.26295733048, 36.2322771163399], [-115.263058950879, 36.2322807862431], [-115.263418939779, 36.2322936489795]], [[-115.110583221026, 36.1518897820132], [-115.110583319411, 36.1517859950544], [-115.110451303723, 36.1517865589786], [-115.109955081586, 36.15177956926], [-115.109948139027, 36.1516939722797], [-115.109939494498, 36.1516289910259], [-115.109787668446, 36.1514713496789], [-115.109572608187, 36.1512803805842], [-115.109386521198, 36.1511209619271], [-115.109242971767, 36.1509918064213], [-115.109095440542, 36.1508593993365], [-115.10895719176, 36.1507378344267], [-115.108818954511, 36.1506162703033], [-115.108680724151, 36.1504936335094], [-115.108587668304, 36.1504133110434], [-115.108542486646, 36.150372069064], [-115.108405573105, 36.1502505088073], [-115.108351078341, 36.1502038310823], [-115.108266017074, 36.1501267757111], [-115.10812777085, 36.1500052107494], [-115.108016372435, 36.1499076724778], [-115.107851313858, 36.1497599164831], [-115.107849336391, 36.149758152915], [-115.107707762836, 36.1496318496821], [-115.107673207242, 36.149601456065], [-115.107570843378, 36.1495135339939], [-115.107436603333, 36.1493930647938], [-115.107295716824, 36.1492693252728], [-115.107222622691, 36.1492020416654], [-115.107157486621, 36.1491456051599], [-115.106883689656, 36.1489024733105], [-115.106690969955, 36.1487299111542], [-115.106580661621, 36.1486311411074], [-115.106514201558, 36.1485714453149], [-115.106443754129, 36.1485095786178], [-115.106350722549, 36.1484260098484], [-115.106013130766, 36.1481264452576], [-115.105922081156, 36.1481214136332], [-115.105893315117, 36.148122443596], [-115.105864600761, 36.1481241136752], [-115.105835960203, 36.1481264419851], [-115.105807403499, 36.1481294195527], [-115.105778966207, 36.1481330465201], [-115.105750658383, 36.1481373139143], [-115.105722513364, 36.1481422218685], [-115.105694542261, 36.1481477704271], [-115.105666778466, 36.1481539507105], [-115.105639244258, 36.1481607537947], [-115.105611950749, 36.1481681797243], [-115.105584920217, 36.1481762195753], [-115.105558174888, 36.1481848734366], [-115.105531748153, 36.1481941324286], [-115.105505651178, 36.1482039875834], [-115.10547989513, 36.1482144299325], [-115.105454524514, 36.1482254506411], [-115.105429528216, 36.1482370496648], [-115.105404950851, 36.1482492001433], [-115.105380792362, 36.1482619110896], [-115.10535709731, 36.1482751646558], [-115.105333854636, 36.1482889517852], [-115.105310506472, 36.1483036397809], [-115.105191676186, 36.1483990718865], [-115.105058315905, 36.1485061716531], [-115.109656641941, 36.1525700395826], [-115.109662758469, 36.1525754444869], [-115.10966146597, 36.1525578912275], [-115.109724575134, 36.1525128572418], [-115.1099753101, 36.1523339354838], [-115.11027915664, 36.1521126513971], [-115.110583221026, 36.1518897820132]], [[-115.258210208063, 36.2201557594257], [-115.258211458477, 36.2201062551604], [-115.257075020156, 36.2201063977407], [-115.257082196254, 36.2206041986569], [-115.257089593407, 36.221032709248], [-115.255940555167, 36.221034365895], [-115.255958309817, 36.2219547826456], [-115.255961933603, 36.222038107444], [-115.25597234697, 36.2228728917052], [-115.255972459364, 36.222872880296], [-115.256080526362, 36.2228720673086], [-115.256527611373, 36.2228742625666], [-115.256611692143, 36.2228744651315], [-115.256964007013, 36.222876417987], [-115.25712682933, 36.2228768259151], [-115.257407087728, 36.2228785990375], [-115.257587671712, 36.2228790439001], [-115.257648651678, 36.2228791936636], [-115.258135765008, 36.2228825553703], [-115.258154440952, 36.2228826061237], [-115.258251856224, 36.2228860884016], [-115.258251894317, 36.2228908608144], [-115.258351906871, 36.2228954289062], [-115.258868398078, 36.2228956137707], [-115.259388865792, 36.2229001423568], [-115.259385780147, 36.2224750144935], [-115.259384051556, 36.2220444915697], [-115.259383113346, 36.2219644998829], [-115.258884016223, 36.2219610566976], [-115.258721305829, 36.2219612057596], [-115.258243412529, 36.2219616433807], [-115.258243852835, 36.2218794292548], [-115.258228296987, 36.2210367366581], [-115.258209834606, 36.2201841849843], [-115.258210208063, 36.2201557594257]], [[-115.242436435842, 36.2728358828172], [-115.242435907992, 36.272752477042], [-115.242432222592, 36.2719406204453], [-115.242421694444, 36.2696211911541], [-115.24238971733, 36.2696187747026], [-115.241487276572, 36.2695506892791], [-115.241300984009, 36.2695366338813], [-115.241300690698, 36.269646507003], [-115.24130047915, 36.2700420874286], [-115.241300411598, 36.2701647602415], [-115.240823031878, 36.2701287399102], [-115.240345664854, 36.2700927177109], [-115.240207694253, 36.2700823060512], [-115.24020759987, 36.2700822553088], [-115.240204319028, 36.2727442386371], [-115.242436435842, 36.2728358828172]], [[-115.324854921689, 36.2345863401236], [-115.324827996666, 36.2350737072399], [-115.324753588325, 36.2364869453545], [-115.325929483989, 36.2364523840754], [-115.325934081628, 36.2363700525136], [-115.326035652744, 36.2345476963447], [-115.326053722916, 36.2342234930884], [-115.326141792666, 36.2326433593433], [-115.326133551256, 36.2308593769547], [-115.324950003581, 36.2308986286199], [-115.324951257248, 36.2315363752536], [-115.324953524376, 36.2326890900942], [-115.324854921689, 36.2345863401236]], [[-115.216213014989, 36.1881442312327], [-115.216213583522, 36.1882534963626], [-115.217331172356, 36.1882865620448], [-115.217899312248, 36.1883017720752], [-115.217896585953, 36.188194564315], [-115.217892424204, 36.1879033312687], [-115.217891655721, 36.1878495264104], [-115.217891127266, 36.1878125025035], [-115.217829470009, 36.1878132525024], [-115.217788893324, 36.1878137459853], [-115.217325886898, 36.1878188745875], [-115.21732598746, 36.1877972619586], [-115.217258788773, 36.1877970618851], [-115.216856352632, 36.1877958791896], [-115.216763706826, 36.1877967275427], [-115.216763265359, 36.1877301758327], [-115.216761098833, 36.1874032144947], [-115.21685144814, 36.1874023870515], [-115.216915323342, 36.1874018435296], [-115.217323774144, 36.1873983703211], [-115.217323904899, 36.1873702684939], [-115.21732198441, 36.1872040313672], [-115.217321019753, 36.1871205473155], [-115.217321175669, 36.1870870378227], [-115.217311905291, 36.1867735218117], [-115.217775813331, 36.1867716316315], [-115.217876271448, 36.186773019911], [-115.217983017514, 36.1867733277231], [-115.218427307061, 36.1867724657018], [-115.218427866499, 36.1866470708893], [-115.218424612866, 36.1864784295541], [-115.218424913715, 36.1864135736192], [-115.218423889709, 36.1863397557203], [-115.218422888946, 36.1862676386262], [-115.218419676552, 36.1860925081153], [-115.21841849675, 36.1860568314454], [-115.21841440936, 36.1857779227807], [-115.218413435134, 36.1856979302848], [-115.218411271082, 36.1855844241817], [-115.218969790676, 36.185572146452], [-115.218966408213, 36.1853734637924], [-115.218408174081, 36.1853844264967], [-115.218407074522, 36.1853314543026], [-115.218407694123, 36.185193090073], [-115.21897173704, 36.1851975210639], [-115.219524421594, 36.1851866199781], [-115.219517174334, 36.1850179664885], [-115.21951729318, 36.1849898637081], [-115.218966484008, 36.1849970310187], [-115.218401907657, 36.1849952571877], [-115.218402756835, 36.1848050054508], [-115.218776332008, 36.1848028539789], [-115.218946234507, 36.1848825947081], [-115.219140569305, 36.1848028360304], [-115.219515487498, 36.18479852324], [-115.219511962724, 36.184690420744], [-115.219510987511, 36.1846104011979], [-115.21930820372, 36.1846087482463], [-115.219048042147, 36.1846090744465], [-115.218954651518, 36.1846087992313], [-115.218907950631, 36.184607584537], [-115.218667806152, 36.1846068802839], [-115.218423663139, 36.1846050908246], [-115.21818886024, 36.1846033203443], [-115.217950044905, 36.1846037002542], [-115.217709899351, 36.1846029940761], [-115.217480432985, 36.184601247518], [-115.217016141539, 36.1845998817563], [-115.216921417877, 36.1845996098886], [-115.216303257447, 36.1845987067406], [-115.216190304305, 36.1845985415356], [-115.216191261124, 36.1846817786506], [-115.216193704818, 36.1850277023399], [-115.216196807347, 36.1852276901817], [-115.216196118282, 36.1853801052933], [-115.216238640745, 36.1853800338085], [-115.216663081551, 36.1853793193344], [-115.216747676247, 36.1853789267844], [-115.216749872623, 36.1857102109129], [-115.216749970104, 36.1857248418583], [-115.216665527356, 36.185725233973], [-115.216270241653, 36.1857286272593], [-115.216195878541, 36.1857292653578], [-115.216198367675, 36.1860654551906], [-115.216202125365, 36.1864157090233], [-115.216204504587, 36.1867778367115], [-115.2162765827, 36.1867772150377], [-115.216671491277, 36.1867738061693], [-115.216756920445, 36.1867733675032], [-115.216758738181, 36.1870475284261], [-115.216759070438, 36.1870976709203], [-115.21667402673, 36.1870981080637], [-115.216256618999, 36.1870988188821], [-115.216207053215, 36.1870989030191], [-115.216208132534, 36.1874513026606], [-115.216211885232, 36.187802637945], [-115.216213014989, 36.1881442312327]], [[-115.242211539015, 36.2466361529131], [-115.243321147317, 36.2466380049336], [-115.243321142281, 36.2466391675731], [-115.244451071417, 36.2466402557134], [-115.244460361671, 36.2460012270625], [-115.245614130577, 36.2460038588381], [-115.24561689549, 36.2456819007037], [-115.245619472229, 36.2453827246337], [-115.245619563594, 36.2453720915635], [-115.24562239188, 36.2450276294556], [-115.244583254007, 36.2450244211568], [-115.244481515596, 36.245023862646], [-115.244484248907, 36.2446999756627], [-115.244585986899, 36.244700534169], [-115.245590973541, 36.2447037001007], [-115.245626433081, 36.2447038182294], [-115.245630370791, 36.244212665585], [-115.245605715305, 36.2442125238817], [-115.245614573594, 36.2439173058782], [-115.245618189925, 36.2436974121694], [-115.245626703486, 36.2432728050402], [-115.245391466558, 36.2432712304801], [-115.245391052908, 36.2430545871138], [-115.245393453042, 36.2428097784937], [-115.244493891021, 36.2428115872569], [-115.244490533147, 36.2432802095401], [-115.244488769605, 36.2436939301734], [-115.244486557736, 36.2442063489456], [-115.242284904638, 36.2441991373934], [-115.242202147703, 36.2441988653908], [-115.242196593514, 36.2446806849897], [-115.243350963963, 36.2446914788396], [-115.243384875837, 36.2446918455935], [-115.243379434834, 36.2450233046304], [-115.243373996704, 36.2453515181396], [-115.243369970861, 36.245664486851], [-115.243369745127, 36.2456824388487], [-115.243365902429, 36.2459872793997], [-115.243360473159, 36.2463134109188], [-115.243326560585, 36.2463130441544], [-115.24221294595, 36.246312415528], [-115.242177763429, 36.2463123963167], [-115.242174031046, 36.2466360910181], [-115.242211539015, 36.2466361529131]], [[-115.216057264318, 36.1905094995522], [-115.215602637543, 36.1904954046204], [-115.215599101837, 36.1905928952703], [-115.215181780456, 36.1905833116309], [-115.215151104397, 36.190583163204], [-115.215049356664, 36.1905828502053], [-115.215044690237, 36.1907791998107], [-115.215022505308, 36.1915704925859], [-115.215017423964, 36.1919147704135], [-115.215001723753, 36.1925435066211], [-115.215141541402, 36.1925452175062], [-115.215231040029, 36.1925466202785], [-115.215738915369, 36.1925545792706], [-115.215737334373, 36.1926111690759], [-115.215731077052, 36.1928351545002], [-115.215136417101, 36.1928203842912], [-115.215052911471, 36.1928191963673], [-115.214995522895, 36.192818379871], [-115.214993878021, 36.192894428301], [-115.214987653332, 36.1932121235138], [-115.214983803607, 36.1934469732089], [-115.214975993425, 36.19392344001], [-115.21497048453, 36.1941381290433], [-115.215063192995, 36.1941461563841], [-115.215095194733, 36.1941463089154], [-115.215704684515, 36.194144901697], [-115.215698158943, 36.1944276430735], [-115.215691649106, 36.1947093849551], [-115.215686627282, 36.1949772695692], [-115.215841604401, 36.1949784034178], [-115.216436201894, 36.1949814892656], [-115.216448564909, 36.1944265296009], [-115.216550417833, 36.1944289597751], [-115.217194538326, 36.1944412605532], [-115.217200556853, 36.1942113420861], [-115.217205599674, 36.1939402127836], [-115.217211575864, 36.1936978744019], [-115.217212024232, 36.1936636628351], [-115.217215600846, 36.1934089054482], [-115.217215975445, 36.193366654154], [-115.217216276491, 36.1933504733276], [-115.217218539547, 36.193229071178], [-115.217219309969, 36.1931423965445], [-115.217870086274, 36.1931488916904], [-115.217971741475, 36.1931504548099], [-115.21797818474, 36.1928740661644], [-115.217984678887, 36.1925938931468], [-115.217883037329, 36.192591941626], [-115.217229687423, 36.192577976015], [-115.217233877656, 36.1923533190175], [-115.217234799339, 36.1923038915202], [-115.216601422089, 36.1922948595452], [-115.21649808866, 36.1922933802505], [-115.216504645161, 36.1919461236171], [-115.216135479307, 36.1919382437716], [-115.216135332642, 36.1919377449086], [-115.216136082451, 36.1919069393333], [-115.216142927386, 36.1916256507662], [-115.216122124143, 36.1916255869495], [-115.21602861518, 36.1916253000535], [-115.215569921523, 36.1916187723478], [-115.215577289662, 36.1913912824815], [-115.216035955681, 36.1914010637259], [-115.216129281648, 36.1914047659414], [-115.216148377373, 36.1914014086317], [-115.216164051417, 36.1907567174197], [-115.216170040532, 36.1905098455219], [-115.216156019945, 36.190509802516], [-115.21610804419, 36.1905096553455], [-115.216057264318, 36.1905094995522]], [[-115.243165241918, 36.2659000290045], [-115.242406326069, 36.2658901613239], [-115.24240392281, 36.2656109012533], [-115.242403505125, 36.2655167497403], [-115.242402080162, 36.2651949818053], [-115.242400318586, 36.2647988186008], [-115.242399963329, 36.2647182143816], [-115.24234160094, 36.264717775821], [-115.242238052831, 36.2647169974797], [-115.241304423266, 36.2647121682229], [-115.241306843561, 36.2644633860193], [-115.241308650676, 36.2643552277593], [-115.241308656597, 36.2643546356357], [-115.241310948291, 36.2641345741175], [-115.241312863883, 36.2640015327404], [-115.241316369636, 36.2638100830905], [-115.24131770176, 36.2637478102975], [-115.241318406133, 36.2637149066014], [-115.241319724429, 36.2636532520455], [-115.241321790881, 36.2634856019593], [-115.241325512712, 36.2632139480518], [-115.241325706891, 36.2632000418649], [-115.241326684811, 36.2631286434993], [-115.241327598559, 36.2630620082113], [-115.239796930391, 36.2628695192256], [-115.239228427629, 36.2627980214588], [-115.239221752988, 36.2635389548715], [-115.239213452953, 36.2639392621417], [-115.239207586344, 36.2643632620039], [-115.239198241895, 36.2649711398137], [-115.240176836617, 36.2650777878361], [-115.240280535287, 36.2650788513966], [-115.240265952244, 36.2658455925834], [-115.240316406631, 36.2658445566178], [-115.240358854037, 36.265844894653], [-115.241182867843, 36.2658580250133], [-115.241303399419, 36.2658624858959], [-115.241303480651, 36.265862488832], [-115.241426853547, 36.2658669604193], [-115.242406326069, 36.2658901613239], [-115.24241314105, 36.2663271577877], [-115.242407595764, 36.2664404597916], [-115.242566039628, 36.2664398838657], [-115.243336352224, 36.2664471124533], [-115.243573769259, 36.2664493391231], [-115.243570641307, 36.2663389866441], [-115.243558341669, 36.2659051381402], [-115.243165241918, 36.2659000290045]], [[-115.223251942567, 36.2150915044062], [-115.223251767589, 36.2150903691604], [-115.223200562842, 36.2147476992858], [-115.223195310297, 36.2147119195404], [-115.223150663351, 36.214411539685], [-115.223129655856, 36.2142727315449], [-115.223100770438, 36.2140764616091], [-115.223050882897, 36.2137403019673], [-115.22300230676, 36.2134117269556], [-115.222508404484, 36.2134153130581], [-115.222440322038, 36.2134162974621], [-115.221873009897, 36.2134208492386], [-115.221321701054, 36.2134232566107], [-115.220765070873, 36.2134267448906], [-115.220814961207, 36.2137553157532], [-115.220834677654, 36.213878933716], [-115.220860910762, 36.2140654532523], [-115.2208648353, 36.2140947299037], [-115.220887124038, 36.2142562988912], [-115.220917337477, 36.2144504111772], [-115.220946231424, 36.2146412649098], [-115.220961938169, 36.2147637981619], [-115.220973789706, 36.2148299523999], [-115.221001349269, 36.2150208020674], [-115.221007906596, 36.215065264339], [-115.221023670159, 36.2151682749888], [-115.221079095979, 36.2155291744163], [-115.221278479236, 36.2168274159608], [-115.221289838093, 36.2169088905149], [-115.221290139303, 36.2169111085894], [-115.222909831198, 36.2168858227675], [-115.222909766448, 36.2168853899553], [-115.222896581393, 36.2168040091912], [-115.222887246981, 36.2167463889066], [-115.222834779464, 36.2163711958693], [-115.223450878052, 36.2163656867486], [-115.223260970488, 36.2151500079178], [-115.223251942567, 36.2150915044062]], [[-115.325262261673, 36.260733506807], [-115.325260229521, 36.2615799421874], [-115.325257874418, 36.2625610480599], [-115.325258680115, 36.2626984051207], [-115.32526096974, 36.2630883324223], [-115.325263259258, 36.2634782957495], [-115.32526571441, 36.2638957214545], [-115.325268169633, 36.2643131291049], [-115.325268655288, 36.2643955433225], [-115.326412922189, 36.2643864973666], [-115.326402156035, 36.2625529305062], [-115.326788576897, 36.2625501908731], [-115.327546437481, 36.2625448020045], [-115.327547236057, 36.2626821590425], [-115.327551807563, 36.2634611303046], [-115.327556700805, 36.2642950352573], [-115.327557177735, 36.2643774494516], [-115.327943759964, 36.2643743873953], [-115.328475692097, 36.2643701720103], [-115.328464006725, 36.2642878511009], [-115.328460350953, 36.2642621027122], [-115.328382640404, 36.2638896916126], [-115.328372542284, 36.2638504949848], [-115.328229813167, 36.2634560349929], [-115.328113413959, 36.2631343166528], [-115.327930380579, 36.2627083038062], [-115.327914682098, 36.2626795464365], [-115.327840028977, 36.2625427166383], [-115.327736214144, 36.2623524595863], [-115.327627248476, 36.2621467578785], [-115.327587200299, 36.2620711565595], [-115.327547237372, 36.2619957149355], [-115.327524297203, 36.2619523953369], [-115.327232535916, 36.261476686417], [-115.327069225007, 36.2612287617163], [-115.327052804604, 36.2612038340301], [-115.326860734964, 36.2609544603404], [-115.32664414916, 36.260712109689], [-115.326406230045, 36.2604459000443], [-115.326241350525, 36.2602614048415], [-115.326202424043, 36.2602262522839], [-115.325951917047, 36.2600000351871], [-115.325666920454, 36.2597426697659], [-115.325657743005, 36.2597347772967], [-115.325636216508, 36.2597162654539], [-115.325474679336, 36.2595773488075], [-115.325265476976, 36.2593974415467], [-115.325264129865, 36.2599554926811], [-115.325263729347, 36.260121231274], [-115.3252625602, 36.2606055434415], [-115.325262359806, 36.2606935261522], [-115.325262294127, 36.2607202580327], [-115.325262261673, 36.260733506807]], [[-115.283238514676, 36.2942620328221], [-115.28324112563, 36.2935805909355], [-115.28294332411, 36.2935798431467], [-115.282615800011, 36.2935790198671], [-115.280932184696, 36.2935834259446], [-115.279232573721, 36.2935812784474], [-115.278693938983, 36.2935810339134], [-115.278678181799, 36.2954230968546], [-115.27922541179, 36.2954265899156], [-115.279279732059, 36.2954268317093], [-115.282624683684, 36.2954416765617], [-115.282711952022, 36.2954433317413], [-115.28322705942, 36.2954462642659], [-115.283229208708, 36.2952240574229], [-115.283238514676, 36.2942620328221]], [[-115.316093958425, 36.3288008204878], [-115.315981901097, 36.3288021921776], [-115.315964416715, 36.3301053400901], [-115.315118460027, 36.329182010138], [-115.314942018582, 36.3289894260505], [-115.314921210558, 36.3308148276843], [-115.315256641662, 36.3311826411915], [-115.316050991989, 36.3320536619021], [-115.316473115905, 36.3325165074215], [-115.317176336801, 36.3332875733602], [-115.317160062304, 36.3343714701915], [-115.319853483516, 36.3343497873477], [-115.320563525244, 36.3351246516134], [-115.320579458703, 36.3343439320849], [-115.320578443297, 36.3342615266692], [-115.32059860057, 36.3334104090305], [-115.320452778051, 36.3334106111176], [-115.319457192722, 36.3334119681716], [-115.319448093249, 36.3339004287479], [-115.318847593876, 36.3342818629437], [-115.318807218691, 36.3342377104632], [-115.318292132894, 36.3336743917744], [-115.318879993707, 36.333300989724], [-115.318902796002, 36.3324932923444], [-115.318331202924, 36.3324987588428], [-115.318158877626, 36.3325004044907], [-115.317566306862, 36.3328805881583], [-115.315885161132, 36.3310419278275], [-115.316492939231, 36.3306558829932], [-115.316544847503, 36.3306553139053], [-115.317215969246, 36.3306478964918], [-115.317242251111, 36.3288976761381], [-115.317243918371, 36.3287866765497], [-115.316206015781, 36.3287994396802], [-115.316093958425, 36.3288008204878]], [[-115.258127126876, 36.2403991483256], [-115.258124432636, 36.2404790821316], [-115.258121956584, 36.2405525390062], [-115.259256503452, 36.2405594120693], [-115.259262579275, 36.2404216844876], [-115.259278235723, 36.2400976524197], [-115.259299667062, 36.2396305644281], [-115.259318450339, 36.2391580534109], [-115.25932586006, 36.2389733752339], [-115.259329966386, 36.2388685373278], [-115.259332905087, 36.2387934854843], [-115.259336370437, 36.2387113239381], [-115.260295485378, 36.2387233358829], [-115.26046465292, 36.238725450891], [-115.260466985319, 36.2386723084868], [-115.260547021464, 36.2368435185435], [-115.260547132225, 36.2368409321574], [-115.26060735455, 36.2354954288406], [-115.260569347789, 36.2354943105687], [-115.260435345791, 36.2354903690965], [-115.260401649201, 36.2354902655329], [-115.260102707546, 36.2354893447252], [-115.259941160627, 36.235488953246], [-115.259943018119, 36.2354434001553], [-115.259958447497, 36.2350652152472], [-115.259958658567, 36.2349872159776], [-115.258345239001, 36.2349814338642], [-115.258273090731, 36.2368255200788], [-115.258272904111, 36.2368302882649], [-115.258270637098, 36.2368689057257], [-115.258268032426, 36.2369133013011], [-115.258263749371, 36.2369976318098], [-115.258256203118, 36.2371462140886], [-115.258246808433, 36.2373311860829], [-115.258239988921, 36.2374654498286], [-115.258231349997, 36.2376355409662], [-115.258225042767, 36.2377597261385], [-115.258135208011, 36.2377588691188], [-115.257428655095, 36.2377521607292], [-115.257100074281, 36.2377493905496], [-115.256071612363, 36.2377464195304], [-115.255969903648, 36.2377460421365], [-115.255969416057, 36.2377621233086], [-115.255941755144, 36.238674811799], [-115.256146818337, 36.2386771437944], [-115.256300711695, 36.2386788939492], [-115.256408730754, 36.2386801219956], [-115.256554421599, 36.2386817782085], [-115.2566722975, 36.2386831176596], [-115.256813251292, 36.2386847200656], [-115.256914737718, 36.2386858730454], [-115.256981914361, 36.2386866367336], [-115.257073078933, 36.2386876721958], [-115.257070695198, 36.2387582380025], [-115.2570663811, 36.2388858452872], [-115.257058936491, 36.2391060211723], [-115.257053377863, 36.2392704587092], [-115.257049299247, 36.2393911826212], [-115.257045219103, 36.2395120029638], [-115.257042786997, 36.239584021497], [-115.257041898884, 36.2396103239337], [-115.257041694632, 36.2396163700873], [-115.257136996708, 36.2396169012532], [-115.25735208585, 36.2396180994732], [-115.257473310341, 36.2396187722008], [-115.25763077389, 36.239619649819], [-115.257742630713, 36.2396202724364], [-115.257786042803, 36.2396204140055], [-115.257799556528, 36.239620588673], [-115.257949402469, 36.239621421711], [-115.258086289447, 36.239622180577], [-115.258153300534, 36.2396225511008], [-115.258150884094, 36.2396942551524], [-115.258148532374, 36.2397640315336], [-115.258142039007, 36.2399567145929], [-115.258135854101, 36.2401401900715], [-115.258127126876, 36.2403991483256]], [[-115.24995164343, 36.2733027511126], [-115.249953123157, 36.2729546996185], [-115.250746243756, 36.272989948724], [-115.250746082558, 36.2727130386377], [-115.249960915513, 36.2726769374671], [-115.249944713075, 36.2725321289832], [-115.249952299289, 36.2721928900421], [-115.249950915027, 36.2718744456069], [-115.24997377938, 36.2718753880867], [-115.250745493423, 36.2719071841943], [-115.250742642611, 36.2716345936163], [-115.250741099869, 36.2713685039801], [-115.250742260497, 36.2710948420976], [-115.250740708614, 36.2708309073692], [-115.250739156738, 36.2705669717279], [-115.251577501905, 36.2705962033274], [-115.25157963177, 36.2716713381146], [-115.251580412718, 36.2720655513609], [-115.25158180518, 36.2723388949348], [-115.251582859291, 36.2725369907306], [-115.252583529602, 36.2725926223042], [-115.252717072355, 36.2726005622882], [-115.253149774868, 36.2726255514357], [-115.253878023021, 36.2726640345208], [-115.253870524231, 36.2706583239256], [-115.25376984854, 36.2706586215637], [-115.253700398974, 36.2706564203182], [-115.253395879721, 36.2706467661206], [-115.253397042381, 36.2706878766484], [-115.253061810487, 36.2706750544962], [-115.253058763984, 36.2701298797184], [-115.253064971179, 36.2700199462591], [-115.251579348421, 36.2699650060351], [-115.248785445327, 36.2698606009802], [-115.248392849248, 36.2698459252911], [-115.248394877092, 36.2702467485038], [-115.2477377839, 36.270221111846], [-115.247738054264, 36.2702726332935], [-115.247738310851, 36.2703200917381], [-115.247739273479, 36.2704980257533], [-115.24711153251, 36.2704800306381], [-115.247090158294, 36.2704810520822], [-115.247003791496, 36.2704814004757], [-115.247009008484, 36.2713375089139], [-115.247009026947, 36.2713402109984], [-115.247094489551, 36.2713399213483], [-115.247149597183, 36.2713421005375], [-115.247357950132, 36.2713503396834], [-115.247592547152, 36.2713596156096], [-115.247742239243, 36.2713655344392], [-115.247742327309, 36.2715283190848], [-115.247742389869, 36.2716424445365], [-115.247742655001, 36.2716962290671], [-115.247743237968, 36.2718143702697], [-115.247743820575, 36.2719323357196], [-115.24774471094, 36.2721079099376], [-115.247745269793, 36.2722179017061], [-115.247746737527, 36.2724991415954], [-115.247102953878, 36.2724756928148], [-115.247016606543, 36.2724725479124], [-115.247020405485, 36.2730400952704], [-115.247020076072, 36.2731220926288], [-115.24995164343, 36.2733027511126]], [[-115.255720531735, 36.2942233544932], [-115.255736322527, 36.2924010424753], [-115.255751964682, 36.2905873997642], [-115.255250457619, 36.2905843934744], [-115.255254602594, 36.2912270874096], [-115.254915237067, 36.2912261557839], [-115.254914506098, 36.2905823806768], [-115.253495807265, 36.2905738710387], [-115.251268774072, 36.2905604779659], [-115.251238908445, 36.2942057365498], [-115.251375183889, 36.294208278031], [-115.253303828701, 36.2942149887396], [-115.255720531735, 36.2942233544932]], [[-115.28760115252, 36.336080346813], [-115.28760442253, 36.3323978396487], [-115.287604675094, 36.3321129216986], [-115.287468692767, 36.332100787529], [-115.286481151153, 36.332065126119], [-115.286286827558, 36.3320581091059], [-115.285342832999, 36.3320240164857], [-115.284796322191, 36.332004275751], [-115.284233863024, 36.3319839518456], [-115.283913863927, 36.331972389446], [-115.283211988158, 36.3319470247798], [-115.283008275306, 36.3319396634152], [-115.282974930173, 36.331938453034], [-115.282971159026, 36.3322795752259], [-115.282970221976, 36.332364084974], [-115.282969297965, 36.332448099055], [-115.282959933267, 36.3332945411664], [-115.282955412847, 36.3337031214533], [-115.282955312292, 36.3337121951865], [-115.283274069278, 36.3337261796594], [-115.284088490676, 36.3337617533196], [-115.284084826488, 36.3341437095568], [-115.284082261959, 36.3343939578459], [-115.284078535568, 36.3347574991417], [-115.284074684719, 36.3351331802073], [-115.284064778901, 36.3360474826934], [-115.286293040418, 36.3360682027489], [-115.28760115252, 36.336080346813]], [[-115.263647725891, 36.3136198972007], [-115.262465210012, 36.3135979104595], [-115.262470774633, 36.314416741279], [-115.262390889516, 36.3144174281049], [-115.261355309303, 36.3144004122345], [-115.261363221527, 36.3154742209895], [-115.260195488367, 36.3154580106829], [-115.260205033721, 36.3164021027279], [-115.260214935335, 36.3173813361753], [-115.260211238826, 36.3174593673102], [-115.26022563226, 36.3192877205305], [-115.260395376836, 36.3192893058234], [-115.261371505122, 36.3192984371197], [-115.261482906009, 36.3192994797672], [-115.262415533759, 36.3193082024056], [-115.262544941542, 36.3193094059654], [-115.264721840249, 36.3193152371328], [-115.264836436691, 36.3193162184784], [-115.26483049028, 36.3183634304373], [-115.264825251824, 36.3175240692037], [-115.264824692573, 36.3174343280673], [-115.264824181505, 36.3173519053861], [-115.264813597041, 36.3163801689471], [-115.264804267989, 36.3155236363124], [-115.263662827979, 36.3155070883087], [-115.263647725891, 36.3136198972007]], [[-115.222399275165, 36.2683431638596], [-115.222403895795, 36.2676486699572], [-115.22240640446, 36.2671035204331], [-115.222407567621, 36.2665605199531], [-115.222411441581, 36.2660088762318], [-115.22174533119, 36.2660110282091], [-115.221640745934, 36.2660113609018], [-115.221646220582, 36.2654564683938], [-115.222416665892, 36.2654539919314], [-115.222421880101, 36.2649012796303], [-115.223101744754, 36.2649000845904], [-115.223161853395, 36.2649002656118], [-115.223160178703, 36.2654516096615], [-115.223926017297, 36.2654513628], [-115.223927297821, 36.2651718972671], [-115.223929882232, 36.2648993313225], [-115.223260691544, 36.2649005632042], [-115.223219291036, 36.2649004385611], [-115.223219137737, 36.2643520271238], [-115.223261540774, 36.2643518934135], [-115.223929728921, 36.2643498383385], [-115.224686641032, 36.2643474237245], [-115.224684551595, 36.2648969009836], [-115.224671472195, 36.2683389406464], [-115.225256550931, 36.2683376924984], [-115.225423613206, 36.2683371020057], [-115.225424750216, 36.2682294026593], [-115.22542894969, 36.2674554767343], [-115.225436656682, 36.2664982141218], [-115.225437046585, 36.266412765073], [-115.225441381393, 36.2656090971224], [-115.225446641931, 36.2648952091112], [-115.225446867457, 36.2646994241], [-115.225449245763, 36.2646172255788], [-115.225465793233, 36.2626965442389], [-115.225479051401, 36.2611575766829], [-115.225479604634, 36.2610504450684], [-115.225479625277, 36.26104567556], [-115.223942356448, 36.2610519358856], [-115.223942809585, 36.2610995067672], [-115.223942885321, 36.2611075103546], [-115.223943131434, 36.2611329812462], [-115.22394569826, 36.2611557011961], [-115.22394553971, 36.2611903107446], [-115.223941030413, 36.261591600784], [-115.223269182162, 36.2615960694072], [-115.223226447953, 36.2615959407563], [-115.223168932394, 36.261595328659], [-115.223169147238, 36.2615259893924], [-115.223170359328, 36.261135199277], [-115.223174866313, 36.2610552423403], [-115.223174856508, 36.2610549539014], [-115.223171428892, 36.2610549435805], [-115.223117975673, 36.2610553143697], [-115.222433556429, 36.2610547113143], [-115.222432530832, 36.2611349220708], [-115.222433071965, 36.261597875671], [-115.222431819788, 36.262160343961], [-115.222430637223, 36.26270767002], [-115.221734736084, 36.2627131389541], [-115.221675957112, 36.2627145835424], [-115.221683611192, 36.2610543028021], [-115.220942199114, 36.2610544652217], [-115.220941972962, 36.2611347414732], [-115.220941723159, 36.2611888183679], [-115.22093714354, 36.2616020049251], [-115.220934545184, 36.2621644690922], [-115.220929335791, 36.2627139459772], [-115.220931172232, 36.2628945858633], [-115.220928188045, 36.2635405278877], [-115.2209269546, 36.2638075072633], [-115.220919112799, 36.2643461615775], [-115.220917458615, 36.2647041895146], [-115.220917879539, 36.2649021395152], [-115.220913970212, 36.2654591908266], [-115.220910075828, 36.2660129885161], [-115.220906561574, 36.2665134045886], [-115.220906191305, 36.26656463303], [-115.220906005566, 36.2666048294817], [-115.220903692211, 36.2671054654504], [-115.220899872036, 36.2676527830216], [-115.220895986533, 36.2682094015347], [-115.220895292643, 36.2683451048754], [-115.222399275165, 36.2683431638596]], [[-115.233705799029, 36.268937004838], [-115.233829346444, 36.2655439995929], [-115.233244072465, 36.2654764584933], [-115.233244274546, 36.2653887916869], [-115.233257690979, 36.2647766083915], [-115.233716942697, 36.2648266216632], [-115.233850462011, 36.2648414053001], [-115.233855333315, 36.2646722936258], [-115.233880499981, 36.2638221707641], [-115.233905638035, 36.2629758330644], [-115.233924395271, 36.2623201341434], [-115.233931544737, 36.2621269387517], [-115.232880928591, 36.2619917474473], [-115.232854780102, 36.2628775310761], [-115.232845385127, 36.263186859535], [-115.232838656151, 36.2634972863371], [-115.23282832185, 36.263717916229], [-115.232826599721, 36.2638044429919], [-115.232819846474, 36.2641202683512], [-115.232810455965, 36.2644285242335], [-115.232801060582, 36.2647378517054], [-115.232784979203, 36.2653478730773], [-115.232781950466, 36.2654279067783], [-115.232257244788, 36.2653776896942], [-115.231741898058, 36.265325334752], [-115.2317750295, 36.2638283906322], [-115.231780414869, 36.2635850385695], [-115.231799663692, 36.262746660348], [-115.231805277725, 36.2625021588795], [-115.230748042491, 36.2623737691999], [-115.230758364421, 36.2618600064237], [-115.2307589821, 36.2617225721536], [-115.229702502829, 36.2615946071878], [-115.229702442771, 36.2615945988987], [-115.229672487207, 36.2633425783582], [-115.229568318808, 36.2633401072343], [-115.228596496988, 36.2632204051295], [-115.228589134892, 36.2636671121727], [-115.2285817175, 36.2641235618433], [-115.228574389431, 36.2645626981761], [-115.228566073097, 36.2649250335758], [-115.228565701299, 36.2650072381148], [-115.227518896815, 36.2649039333999], [-115.227506857851, 36.2658110184093], [-115.227608330061, 36.2658199815362], [-115.228056934471, 36.2658645762983], [-115.228545580219, 36.2659125417776], [-115.228596321478, 36.2659170184202], [-115.228592551838, 36.2661744394647], [-115.228590524423, 36.2663128977894], [-115.228583517314, 36.2667868242659], [-115.229607108481, 36.2668805335458], [-115.229577846437, 36.2686404220698], [-115.230614059585, 36.2687148727441], [-115.231634241682, 36.2687881857707], [-115.232689158304, 36.2688648374417], [-115.233567819599, 36.268924740581], [-115.233705799029, 36.268937004838]], [[-115.196922809294, 36.1954853209075], [-115.19692233644, 36.1954593532652], [-115.196925291626, 36.1952222690001], [-115.196925983869, 36.1951221200745], [-115.196928400869, 36.1949651414707], [-115.196930761663, 36.1947177625534], [-115.196932413645, 36.1946712163397], [-115.196935183316, 36.1944628203568], [-115.196937489938, 36.1942219305207], [-115.196941012807, 36.194000540373], [-115.196942614355, 36.1938646753962], [-115.196943976304, 36.1937639968493], [-115.196950747771, 36.1931665355697], [-115.196952962995, 36.1930370185282], [-115.196954166686, 36.1928621715095], [-115.196955412297, 36.1927761114728], [-115.196959171932, 36.1925200755947], [-115.196959258583, 36.1924096409642], [-115.196962216088, 36.1922716091231], [-115.196964509174, 36.1920334320338], [-115.196964358859, 36.1919576511848], [-115.196967692941, 36.1917633260471], [-115.196970262628, 36.1916815964547], [-115.19697081509, 36.1915034936413], [-115.196973269547, 36.1912415058898], [-115.196977206562, 36.1909583777713], [-115.196977516822, 36.1909110611014], [-115.196977944416, 36.1908760744431], [-115.1969818602, 36.1905587783714], [-115.196982817869, 36.1905154745241], [-115.196985516436, 36.1903124219083], [-115.196986662231, 36.1902398718356], [-115.196987824146, 36.1900644396633], [-115.19698916121, 36.1899642656934], [-115.196989619373, 36.1899235054701], [-115.196990821229, 36.1898164497188], [-115.196993010773, 36.189687590462], [-115.196992879184, 36.1896079881777], [-115.196993815088, 36.1895668473471], [-115.196994105714, 36.1895235233139], [-115.196996803656, 36.1893183165808], [-115.196997225996, 36.1892549663241], [-115.19700043535, 36.1890746647558], [-115.197002327029, 36.1889951230705], [-115.197004110715, 36.1887451463287], [-115.197007561827, 36.188459015229], [-115.197008534364, 36.1883492863882], [-115.193427511794, 36.1884069245999], [-115.193429454914, 36.1884913420737], [-115.193430095276, 36.1885191687605], [-115.193430881356, 36.1885555058945], [-115.19344156549, 36.1890493633466], [-115.193102706279, 36.1890555776335], [-115.193091243759, 36.1885242924871], [-115.193088473457, 36.1884123757809], [-115.192749977704, 36.1884178178577], [-115.192752390282, 36.1885298028023], [-115.192763847022, 36.1890617909608], [-115.192400972841, 36.1890679789804], [-115.19236891525, 36.1890685322234], [-115.192283649581, 36.1890700112231], [-115.192279458765, 36.1889088100856], [-115.1921947416, 36.1889098041183], [-115.191870560154, 36.1889138547194], [-115.191723817374, 36.1889158983565], [-115.191726007407, 36.1890544255441], [-115.191729064405, 36.1893314737786], [-115.191522281731, 36.1893334649415], [-115.19152989386, 36.1890575061335], [-115.191538336818, 36.188549998937], [-115.191538465627, 36.1885219061754], [-115.191538496242, 36.1884420962184], [-115.190135065001, 36.1884707341248], [-115.18950703373, 36.1884843339811], [-115.189503640491, 36.1886402016667], [-115.189494076092, 36.1890914825765], [-115.189827492759, 36.1890864593298], [-115.190171789753, 36.1890801550084], [-115.190160558586, 36.1896320774128], [-115.190162127763, 36.1897007427587], [-115.189804012022, 36.1897061544036], [-115.189464374836, 36.1897116888697], [-115.189438017387, 36.18987278955], [-115.189441917955, 36.1898998500646], [-115.189455185288, 36.1899215066282], [-115.189499032833, 36.1899734930345], [-115.189650525606, 36.1901424422515], [-115.189831264115, 36.190341726559], [-115.190010674976, 36.1905420958855], [-115.190409367257, 36.1909839831542], [-115.190750909666, 36.1913641326504], [-115.190766087601, 36.1913885082103], [-115.190803470192, 36.1913950209393], [-115.190831669032, 36.1913992142701], [-115.190859952243, 36.1913954134401], [-115.190884981771, 36.1913840942011], [-115.192083949613, 36.1906569098176], [-115.192208620677, 36.1908008123407], [-115.19222822843, 36.1908221107719], [-115.192311523189, 36.1909090409129], [-115.192346531554, 36.1909455772495], [-115.192426865537, 36.1909432619334], [-115.192427634252, 36.1910257323709], [-115.192424460663, 36.1915635940236], [-115.192422368773, 36.1917876124172], [-115.192420255369, 36.1920159560163], [-115.192419497381, 36.1922378066435], [-115.192417394328, 36.1924618240739], [-115.19241662552, 36.1926858467546], [-115.192414671971, 36.1929133346173], [-115.19241439038, 36.1930303849394], [-115.192412418947, 36.1932883092425], [-115.192408578952, 36.1933696199601], [-115.1924002714, 36.1938150645487], [-115.192879779008, 36.1938105279272], [-115.192965218753, 36.1938128705492], [-115.192964693454, 36.1940307021304], [-115.192964126171, 36.1942637103612], [-115.193531572163, 36.1942583258781], [-115.19353267799, 36.1938064009431], [-115.193999992863, 36.193800819697], [-115.194101460281, 36.1937999419617], [-115.19410036886, 36.1942518633534], [-115.194098695554, 36.1945607393482], [-115.194098459999, 36.1946038381905], [-115.194097942273, 36.1946994541854], [-115.194199422014, 36.1946985673977], [-115.194668071079, 36.1946940784553], [-115.194665643583, 36.1951492491063], [-115.194663459942, 36.1954808268623], [-115.194671297623, 36.1955891330778], [-115.196921287717, 36.1955686851619], [-115.196922809294, 36.1954853209075]], [[-115.225824349257, 36.2100057938584], [-115.224727981609, 36.2099529338951], [-115.224597668853, 36.2090858368857], [-115.224468200541, 36.2082243932197], [-115.22430204775, 36.2082291674186], [-115.223979343263, 36.2082262791508], [-115.223071390072, 36.2082208816521], [-115.223071719185, 36.2081515015541], [-115.223076678466, 36.2076615217582], [-115.22307751932, 36.2074804818093], [-115.223673503332, 36.2074808142337], [-115.224181486418, 36.2074809247038], [-115.224355600597, 36.2074807350616], [-115.224339914312, 36.2073772112091], [-115.224279168747, 36.2069782985398], [-115.224446444376, 36.2069825315932], [-115.224907049946, 36.2069944750056], [-115.225393065116, 36.2070093677497], [-115.225355852956, 36.206628605797], [-115.225349494164, 36.2065474799141], [-115.224206812384, 36.2065090145], [-115.224106125755, 36.2065082797123], [-115.224036697457, 36.2065081884698], [-115.223659395378, 36.2065051264247], [-115.223522067968, 36.2065037222274], [-115.223091441087, 36.2065005341163], [-115.223044777688, 36.2065004206895], [-115.222812805082, 36.2064977032554], [-115.222572814373, 36.2064971333056], [-115.222329761004, 36.2064953368985], [-115.22211152106, 36.2064927857072], [-115.221958206844, 36.2064902499186], [-115.221884891568, 36.2064889920432], [-115.221652906822, 36.2064862723244], [-115.221427590764, 36.2064846538665], [-115.221270279211, 36.2064831866539], [-115.221191614767, 36.2064819211844], [-115.220964979267, 36.2064792073053], [-115.220908974302, 36.2064790737743], [-115.220724994761, 36.2064775521242], [-115.220547680561, 36.2064749598379], [-115.220546160704, 36.2065409006257], [-115.220535959136, 36.2069833504117], [-115.220534687479, 36.2070564716006], [-115.220480619213, 36.2070558976017], [-115.220043761662, 36.2070512619018], [-115.220044871976, 36.2069784989418], [-115.220052629198, 36.2064697358764], [-115.219964477065, 36.2064685489557], [-115.219734722511, 36.2064672112598], [-115.219605151941, 36.2064670608973], [-115.219228475878, 36.2064633919371], [-115.218855797314, 36.2064586434077], [-115.218489809752, 36.2064549776342], [-115.218010275872, 36.2064511895236], [-115.217860133252, 36.2064496874369], [-115.217521394384, 36.206446298389], [-115.217492001604, 36.2064462716356], [-115.217163412941, 36.2064426440174], [-115.216800099632, 36.2064378997142], [-115.216438103643, 36.2064342308784], [-115.216080066519, 36.2064306181602], [-115.21571890415, 36.2064273012093], [-115.215363095039, 36.2064228910443], [-115.215264246355, 36.2064215686325], [-115.215529153897, 36.2081770303992], [-115.215778156382, 36.2099283233704], [-115.215910992566, 36.2099281904926], [-115.216226255284, 36.2099306631146], [-115.216608820921, 36.2099315025344], [-115.216987227792, 36.2099324361553], [-115.217372093053, 36.2099340642941], [-115.217747631426, 36.2099345811601], [-115.218164510399, 36.2099373320072], [-115.218554049313, 36.2099384118077], [-115.218755487326, 36.2099397736925], [-115.21894024783, 36.2099427428277], [-115.219327781338, 36.2099443547758], [-115.219715324563, 36.2099465152835], [-115.220148220054, 36.209946567971], [-115.220257608273, 36.2099472603957], [-115.220274851892, 36.2099470891887], [-115.22035366937, 36.2099463080097], [-115.220703182241, 36.209947331513], [-115.221082057204, 36.2099478480258], [-115.22146493089, 36.209947284873], [-115.221839805739, 36.2099472551324], [-115.222221336266, 36.2099483168318], [-115.222608876036, 36.2099488366297], [-115.222999093597, 36.2099499040075], [-115.223384636464, 36.2099493427495], [-115.223775514057, 36.2099493280364], [-115.224169058733, 36.2099500140418], [-115.224597009085, 36.2099516581124], [-115.224627134943, 36.2099521810293], [-115.224727981609, 36.2099529338951], [-115.224857634878, 36.2108201494416], [-115.22502014742, 36.2108258689884], [-115.225052784224, 36.2108275133073], [-115.225402122182, 36.2108451188704], [-115.225474236861, 36.2108496066308], [-115.225546759712, 36.2108531176717], [-115.225943035268, 36.2108723049328], [-115.226004070114, 36.2113054753043], [-115.225859130532, 36.2112984044772], [-115.225631907378, 36.2112873138761], [-115.22540158644, 36.2112790084692], [-115.225401362418, 36.211276182265], [-115.225089185935, 36.2112612268678], [-115.225005944303, 36.2112582963308], [-115.224922701562, 36.2112553666338], [-115.224961248296, 36.211513186096], [-115.224989932157, 36.2116886272378], [-115.224990203181, 36.2116904107945], [-115.224993125825, 36.211688738646], [-115.225069264456, 36.2116914190025], [-115.225099527537, 36.2116924838862], [-115.225154220142, 36.211694409605], [-115.225608316992, 36.2117203188716], [-115.225681767083, 36.2117248105001], [-115.226063751309, 36.2117429767633], [-115.22648312557, 36.2117666429988], [-115.226548187502, 36.2121954988696], [-115.22594373455, 36.2121593301325], [-115.225877787697, 36.2121553829206], [-115.225937967263, 36.2125859910261], [-115.226184530076, 36.2126006609995], [-115.226245694073, 36.2130035302608], [-115.226300277743, 36.2133836394737], [-115.226314635567, 36.2134670341859], [-115.226701010886, 36.2134922217384], [-115.227380403599, 36.2135365075668], [-115.228420812819, 36.2136015971198], [-115.228957438881, 36.2136368143844], [-115.228899512106, 36.2131566166969], [-115.228359936371, 36.2131251127427], [-115.228343124533, 36.2129886711693], [-115.22831077451, 36.2127266153366], [-115.228818283294, 36.2127580425442], [-115.228853007002, 36.2127602814521], [-115.229287064922, 36.2127872169858], [-115.229395251101, 36.212793945146], [-115.22949594452, 36.2136721519684], [-115.230573660746, 36.2137422090728], [-115.231638007807, 36.2138100631119], [-115.23155875143, 36.2129280815835], [-115.231452055471, 36.2129212966701], [-115.230966557221, 36.2128918291264], [-115.230483728585, 36.212862367485], [-115.230445243884, 36.2124617212771], [-115.230404104922, 36.2120578225709], [-115.230395097379, 36.2119733634552], [-115.231455552812, 36.2120308878634], [-115.231369561268, 36.2111462183449], [-115.231268061272, 36.21113950263], [-115.23072847889, 36.2111123445486], [-115.230262346685, 36.2110896728523], [-115.22978954666, 36.2110659071117], [-115.22962127155, 36.2110568746925], [-115.229299384785, 36.2110399340683], [-115.229185864063, 36.2110353531286], [-115.2290790052, 36.2110307827882], [-115.228094675412, 36.2109820706308], [-115.228044500439, 36.2105747824244], [-115.228022312114, 36.2104024769995], [-115.22799759033, 36.2102105042695], [-115.227995105511, 36.2101844857476], [-115.227992018029, 36.210109732845], [-115.2269118487, 36.2100599422621], [-115.226793221348, 36.2091882047156], [-115.226896006964, 36.2091928100246], [-115.227399277094, 36.2092169211448], [-115.22789987485, 36.2092442758593], [-115.228444539147, 36.2092684965019], [-115.228914433911, 36.2092903391889], [-115.2290159012, 36.2092938662418], [-115.228918068672, 36.2084077806103], [-115.22886660022, 36.2079387415362], [-115.228823026737, 36.207541828789], [-115.228203375365, 36.2075170719558], [-115.227697330867, 36.2074989135038], [-115.22773717133, 36.2078937425963], [-115.227774346518, 36.2082779736062], [-115.227782021043, 36.2083613835095], [-115.226680538056, 36.2083180709111], [-115.226569105998, 36.2074548174335], [-115.226466295073, 36.2074513924594], [-115.225954918243, 36.2074321382096], [-115.22544754041, 36.2074139572527], [-115.225504764083, 36.2078012502057], [-115.225033311863, 36.207772170177], [-115.225085891254, 36.2081703008969], [-115.22509711019, 36.2082538026919], [-115.22557099686, 36.2082739940466], [-115.22558669401, 36.2083562203417], [-115.225691766934, 36.2091361946711], [-115.225798223005, 36.2098937128716], [-115.225800781381, 36.2099229582658], [-115.225824349257, 36.2100057938584]], [[-115.307012609906, 36.2855713152745], [-115.306834675317, 36.2855695935175], [-115.306029049489, 36.2855617930713], [-115.305885267745, 36.2855616244889], [-115.305885245882, 36.2855637126987], [-115.305888260856, 36.2864699742368], [-115.30588710265, 36.2883066524812], [-115.305887092228, 36.2883234333398], [-115.308127088604, 36.2883292415198], [-115.308126792659, 36.2884043253563], [-115.308120941926, 36.2898887470938], [-115.30811984829, 36.2901659233465], [-115.307227165801, 36.2901586974669], [-115.307009253705, 36.2901569323006], [-115.307008058798, 36.2902406987377], [-115.307007243657, 36.2907970740942], [-115.307006874411, 36.291047024384], [-115.307006515125, 36.2912815186886], [-115.307006065489, 36.2915852028998], [-115.307005676691, 36.2918476366969], [-115.307005357397, 36.2919855403258], [-115.307005305356, 36.2920536542004], [-115.30700525147, 36.2921229226054], [-115.307004842263, 36.292674648137], [-115.307004642708, 36.2929301334805], [-115.30700445901, 36.293181120578], [-115.307004119072, 36.2936393125922], [-115.307004045016, 36.2937373433708], [-115.307004470679, 36.2937729141348], [-115.307003275777, 36.2938200337159], [-115.307000151888, 36.2938199886428], [-115.306718024467, 36.2938159087347], [-115.306485888191, 36.2938125513807], [-115.306010854661, 36.2938056796775], [-115.305875609853, 36.293804124862], [-115.30587552667, 36.2938276164412], [-115.305869098773, 36.2956428208091], [-115.305873131981, 36.2973922611635], [-115.30600978295, 36.2973924366975], [-115.306010668588, 36.2974001626868], [-115.306013546614, 36.297408055527], [-115.306018308468, 36.297415330856], [-115.306024754791, 36.2974216907902], [-115.306032630399, 36.2974268823802], [-115.306059817701, 36.29743369689], [-115.306216666559, 36.2974358513613], [-115.306433867519, 36.2974388357897], [-115.306622001358, 36.2974414145774], [-115.306807762664, 36.2974439641488], [-115.306993587466, 36.2974465081707], [-115.307180978731, 36.2974490807576], [-115.307346755567, 36.2974513544085], [-115.307441249488, 36.2974526486129], [-115.307572988086, 36.2974544558538], [-115.307569588989, 36.2976173311173], [-115.307568192042, 36.2976842854899], [-115.307566895382, 36.297746471442], [-115.307565103314, 36.2978323643145], [-115.307562761366, 36.2979432041365], [-115.307601494546, 36.2979438162076], [-115.307699071978, 36.2979451398523], [-115.307905330833, 36.2979481044959], [-115.308053746545, 36.2979503146419], [-115.308087830523, 36.2979508221185], [-115.308221353012, 36.2979528112059], [-115.308230107254, 36.2979529413045], [-115.308230194087, 36.2979491399224], [-115.30810432517, 36.2976631719016], [-115.308066624913, 36.2975337123507], [-115.30806546318, 36.2975297233323], [-115.308073935645, 36.297528280067], [-115.308137920713, 36.2975291483769], [-115.308213983358, 36.2975301787341], [-115.308254178332, 36.2975304451633], [-115.30827162793, 36.2975309602806], [-115.308366037397, 36.2975322400409], [-115.308555915131, 36.297534814389], [-115.308672251949, 36.2975363912478], [-115.308965805602, 36.2975403612033], [-115.309049397831, 36.2975414930273], [-115.309142037107, 36.2975427482859], [-115.309375707244, 36.297545915651], [-115.309662319256, 36.297549793185], [-115.30978559785, 36.2975514596554], [-115.310015493794, 36.2975545774791], [-115.310195487379, 36.297557011265], [-115.310310479352, 36.297558568136], [-115.310394042907, 36.2975404576121], [-115.310889468413, 36.2975472196136], [-115.311477553384, 36.2975552375638], [-115.311980209175, 36.2975620944029], [-115.312655309091, 36.2975713026257], [-115.312654055746, 36.2974020157999], [-115.312652082729, 36.2971355274102], [-115.312650001499, 36.2968536350521], [-115.31264735593, 36.2964956484513], [-115.312645656929, 36.2962658696252], [-115.312643606048, 36.2959887351326], [-115.312641146371, 36.2957345380866], [-115.312639045667, 36.2954582948189], [-115.312638683987, 36.2954105524868], [-115.312637914428, 36.2953091048718], [-115.312636374941, 36.2951063168878], [-115.312634926765, 36.2949157720436], [-115.312632665428, 36.2946177120743], [-115.31263157892, 36.2944742696482], [-115.312629594844, 36.2942122964987], [-115.312628825481, 36.2941107956886], [-115.312627820036, 36.2939780515875], [-115.312601686951, 36.293888639852], [-115.312604237679, 36.2935744488611], [-115.3126090305, 36.2929841360625], [-115.31261653272, 36.2920600603649], [-115.312617161787, 36.2918541236123], [-115.312618166146, 36.2915250489296], [-115.312620133195, 36.2908812026829], [-115.312620898005, 36.2906308034918], [-115.312622146305, 36.2902223916644], [-115.312653592223, 36.2902227728925], [-115.313146336996, 36.2902287515042], [-115.313745282423, 36.2902360148552], [-115.313745565928, 36.2901536027039], [-115.3137483788, 36.2893164918692], [-115.313751191645, 36.2884793547801], [-115.313751463996, 36.2883969416781], [-115.313758772974, 36.2883942453106], [-115.3137515148, 36.2883941469311], [-115.312627748556, 36.2883846241334], [-115.31150404467, 36.2883722960554], [-115.311392089385, 36.2883711753693], [-115.310383298614, 36.288361072741], [-115.309259597772, 36.2883452248202], [-115.309260034526, 36.2879188621051], [-115.309261509841, 36.2865116773616], [-115.309220409273, 36.286511266804], [-115.307014974184, 36.2864890125187], [-115.307012609906, 36.2855713152745]], [[-115.222427149612, 36.1561564772991], [-115.222411666324, 36.1556596809716], [-115.22240641474, 36.1555785035212], [-115.223420275125, 36.1555816091086], [-115.223522988939, 36.1555817014662], [-115.223623047649, 36.1555817947731], [-115.224139312392, 36.1555833534633], [-115.22464889891, 36.1555848989377], [-115.224633404279, 36.1553169064832], [-115.224623186599, 36.1550469550843], [-115.224614278995, 36.1548114731283], [-115.224611223009, 36.1546162073634], [-115.224604728644, 36.1544462766179], [-115.224576166155, 36.153687559013], [-115.224570911192, 36.153604218506], [-115.224506831113, 36.1519062073662], [-115.224491637448, 36.1517968166438], [-115.223400934279, 36.1517933541262], [-115.222831635426, 36.1517924258182], [-115.222826901699, 36.1512605470555], [-115.223275547036, 36.1512575525586], [-115.223377120933, 36.1512578038323], [-115.223363264585, 36.1508439944066], [-115.223347739507, 36.1504233030472], [-115.223332233399, 36.1499984927913], [-115.223329120883, 36.1499160058413], [-115.224429550215, 36.1499132701391], [-115.224426449082, 36.1498280333934], [-115.224410952595, 36.1493949763897], [-115.224397123802, 36.1489715420826], [-115.22405176413, 36.1489720476947], [-115.224040885249, 36.148681959028], [-115.224029975074, 36.1483987471426], [-115.224020766624, 36.1481127922966], [-115.224018698736, 36.1480301543494], [-115.224347786052, 36.148027013325], [-115.225444462041, 36.1480178577712], [-115.225404565833, 36.1470642643018], [-115.225395201989, 36.1468334503403], [-115.225225074281, 36.1468366640999], [-115.224304278851, 36.1468543035369], [-115.224316614207, 36.1472199973789], [-115.223334707858, 36.1472271533292], [-115.223234822, 36.1472282770792], [-115.223222396441, 36.1468955703173], [-115.22319609725, 36.1461531816576], [-115.223092834468, 36.146154322177], [-115.222111111894, 36.1461679039409], [-115.221627021148, 36.1461740137485], [-115.221642366456, 36.1466147769305], [-115.221214166893, 36.1466165653897], [-115.221163436977, 36.1466167725063], [-115.221062699411, 36.1466171978728], [-115.221053235469, 36.1461813554695], [-115.219976727943, 36.1461961471496], [-115.219631163123, 36.1462004032372], [-115.218890069725, 36.1462095282923], [-115.218888729051, 36.1461270015146], [-115.218328422284, 36.146134497379], [-115.218328851875, 36.1460177898187], [-115.218230988723, 36.1459352572318], [-115.218107601832, 36.14588837412], [-115.217987443931, 36.1458854389315], [-115.217987623973, 36.1458346334019], [-115.217986232738, 36.145753628747], [-115.217791593018, 36.1457546841918], [-115.217792971256, 36.1458384467757], [-115.217798343897, 36.1462229021326], [-115.21779971419, 36.1463107745971], [-115.217806630947, 36.146733675824], [-115.21781187937, 36.1471497130649], [-115.217815818165, 36.1474600143259], [-115.2178201602, 36.1476618557267], [-115.217410556217, 36.1476639486993], [-115.216885845689, 36.1476686083156], [-115.216746519683, 36.1476722107099], [-115.216742362398, 36.1471733476956], [-115.216742564313, 36.147115628405], [-115.216737312442, 36.1466896056584], [-115.216608883078, 36.1466993880931], [-115.216104355009, 36.1467026099514], [-115.216099149476, 36.1462459333108], [-115.215640174488, 36.1462515551496], [-115.215162581553, 36.1462557390121], [-115.21469007335, 36.1462585666512], [-115.214585065898, 36.1462596584118], [-115.214588500768, 36.1466250454625], [-115.21448726873, 36.1466266444733], [-115.213860703816, 36.1466319865657], [-115.213861368565, 36.1469096428092], [-115.21459113412, 36.1469052674516], [-115.214593736363, 36.1471826412362], [-115.214492117034, 36.1471837343308], [-115.213862099055, 36.1471874975279], [-115.213862834191, 36.1474667303296], [-115.214596327827, 36.1474575715612], [-115.214599075839, 36.1477489158574], [-115.214598804688, 36.1477489159239], [-115.214599074911, 36.1477491141397], [-115.214601886937, 36.1481359959921], [-115.214510540173, 36.1481050436036], [-115.213920472339, 36.1481101549766], [-115.213868248966, 36.1481106076575], [-115.213867892314, 36.1481103559969], [-115.213867893319, 36.1481106155733], [-115.213518491719, 36.1481136380294], [-115.212449818282, 36.1481203105494], [-115.212453427735, 36.1490295237278], [-115.212463781794, 36.1499483925063], [-115.212467277107, 36.1504050699793], [-115.212567124069, 36.1504067157701], [-115.212997300858, 36.1504092816069], [-115.213069679057, 36.1504098479015], [-115.213546024434, 36.1504135549415], [-115.213538874968, 36.1500325182533], [-115.213534093154, 36.1499458493181], [-115.21372378366, 36.1499449973516], [-115.214618023391, 36.1499433366926], [-115.214626349769, 36.1508328410699], [-115.214628464897, 36.1508707659874], [-115.214628456108, 36.1508690823403], [-115.214730083095, 36.1508652312028], [-115.215698835022, 36.1508692726032], [-115.216174741114, 36.1508705794124], [-115.216179732586, 36.1511539440211], [-115.216181829899, 36.1512735776073], [-115.216253488326, 36.1512730501067], [-115.216272004734, 36.1512729139857], [-115.216316431447, 36.1512725868843], [-115.216650474693, 36.1512701401853], [-115.216654148863, 36.1512701117784], [-115.216785267543, 36.1512691143704], [-115.216785261801, 36.1512691540099], [-115.216782150616, 36.1512888630313], [-115.216790304735, 36.1517805086458], [-115.216790239037, 36.1517805363849], [-115.21679407977, 36.1517805427327], [-115.216797299685, 36.1520964124844], [-115.216800239964, 36.1524484945109], [-115.216803407844, 36.1527254010705], [-115.216937754776, 36.152730940564], [-115.217900350859, 36.1527375951896], [-115.217898478903, 36.1530165052393], [-115.217900864108, 36.1531635227983], [-115.2179040507, 36.1535905310759], [-115.217913222145, 36.1536737756526], [-115.217921065015, 36.1537559346191], [-115.217924566282, 36.1540121393664], [-115.218055572477, 36.1540124146684], [-115.218239330116, 36.1540128010946], [-115.218412073149, 36.1540131635885], [-115.218544405056, 36.154013471237], [-115.218691429951, 36.1540138532232], [-115.218805376635, 36.1540141496637], [-115.218931185867, 36.1540144766863], [-115.218932213888, 36.1540692407091], [-115.218932606374, 36.1540901005784], [-115.218933558664, 36.154140815752], [-115.218934625109, 36.1541976041996], [-115.218936030361, 36.1542724430148], [-115.218937543304, 36.1543530711757], [-115.218938557358, 36.1544014873311], [-115.218938452883, 36.1544014888157], [-115.218858759331, 36.1544013886906], [-115.218726430554, 36.1544012238018], [-115.218476490777, 36.1544009113899], [-115.218436034977, 36.1544008602257], [-115.218425008042, 36.1544008464531], [-115.218333133963, 36.1544007313929], [-115.218108898888, 36.154400450593], [-115.217929156052, 36.154400232139], [-115.217931414297, 36.1546153529366], [-115.217935078433, 36.1547861595354], [-115.218947042516, 36.1547884950303], [-115.219048377505, 36.154788514924], [-115.219056818839, 36.1552533582984], [-115.219062877844, 36.1555701008095], [-115.219072650178, 36.1560403550397], [-115.219074081909, 36.1561104621131], [-115.21897252609, 36.156107359136], [-115.218463196395, 36.1561072684029], [-115.218457404066, 36.1556543221154], [-115.218459700614, 36.1555688322728], [-115.217945577865, 36.1555677423315], [-115.217446504426, 36.1555664077517], [-115.217445414941, 36.1556573811332], [-115.217448690605, 36.1560335835198], [-115.217940691072, 36.15602934454], [-115.217949369299, 36.1563698721057], [-115.217955402079, 36.1566985035016], [-115.217590078789, 36.1566973612187], [-115.216972750578, 36.1566972496821], [-115.216842118992, 36.1566917035584], [-115.216840190071, 36.1573187292811], [-115.216841044597, 36.1573715387501], [-115.217594109473, 36.1573730029802], [-115.217971455175, 36.157373082362], [-115.217972261312, 36.1575179327896], [-115.217974827505, 36.1579781245311], [-115.218999336333, 36.1579780013815], [-115.219110988552, 36.1579830097441], [-115.219099963177, 36.157463999925], [-115.21965492307, 36.1574645330039], [-115.220216567555, 36.1574639842017], [-115.221335838245, 36.157461794006], [-115.221314169845, 36.1565180079064], [-115.221416900884, 36.1565148574641], [-115.222436105622, 36.1565158064341], [-115.222427078088, 36.1562181626144], [-115.222427149612, 36.1561564772991]], [[-115.284272977616, 36.3139150952175], [-115.283719537735, 36.3139133434755], [-115.283718725225, 36.3139941333486], [-115.283718612753, 36.3139941321655], [-115.283718446617, 36.3140215421629], [-115.283716248407, 36.3143803451154], [-115.283713517489, 36.3148271271613], [-115.283236024004, 36.3148259294128], [-115.283139149083, 36.3148256861782], [-115.283137683668, 36.3157597453336], [-115.283128976657, 36.3176064434814], [-115.281997001845, 36.317604280274], [-115.280967362503, 36.3176023652446], [-115.28076369415, 36.3176018499003], [-115.27973019047, 36.3175999234458], [-115.278766202369, 36.3175981471675], [-115.278572679584, 36.3175976629521], [-115.278548518836, 36.3213118775076], [-115.27855404831, 36.322187504046], [-115.278706453773, 36.3221886063555], [-115.280700922507, 36.3221976292008], [-115.280802762973, 36.322198094291], [-115.280802326263, 36.3222361628993], [-115.280792757045, 36.3230680249504], [-115.280792614264, 36.3230804720497], [-115.280894453662, 36.3230812227646], [-115.281927139501, 36.3230887431547], [-115.281953935846, 36.3230889368988], [-115.282885087629, 36.3230957107863], [-115.28295981335, 36.3230962545932], [-115.283061660921, 36.3230969196639], [-115.283061001908, 36.3231624458576], [-115.283053619047, 36.3239023865234], [-115.283052791782, 36.3239853455785], [-115.282950946396, 36.3239846805033], [-115.281917625188, 36.3239744815429], [-115.281025346095, 36.3239656669116], [-115.28092225247, 36.3239646481589], [-115.280782467166, 36.3239635076089], [-115.280772323877, 36.3248460563597], [-115.278820932875, 36.3248202995574], [-115.278803157769, 36.324820065005], [-115.278686906803, 36.3248185295207], [-115.278570652501, 36.3248169939149], [-115.278592784379, 36.3283216405041], [-115.279948637647, 36.3283548938435], [-115.285276345675, 36.3284854112295], [-115.286424585947, 36.3285135226951], [-115.287607831855, 36.3285424758276], [-115.287608385045, 36.3277918429114], [-115.287609067877, 36.326868346428], [-115.287609762266, 36.3259447146398], [-115.287610390243, 36.3251034857858], [-115.287610445459, 36.3250210736684], [-115.287613140131, 36.32140474227], [-115.287613198419, 36.3213268148384], [-115.287629824598, 36.3185411526605], [-115.286526302209, 36.3185360203451], [-115.286526868783, 36.317614018289], [-115.287635349952, 36.3176149448836], [-115.287640832005, 36.3167001469671], [-115.287646418771, 36.3157634662662], [-115.28653072419, 36.3157627652637], [-115.285507986418, 36.3157621142373], [-115.285406153872, 36.3157620497531], [-115.284267720234, 36.3157609014333], [-115.284270155158, 36.3156715643626], [-115.284268969661, 36.3152880328977], [-115.284267539861, 36.3148285144852], [-115.284272977616, 36.3139150952175]], [[-115.210189896543, 36.206260198464], [-115.210197675209, 36.2058467833838], [-115.210204814049, 36.205467398885], [-115.210726893816, 36.2054774163815], [-115.211217001532, 36.2054873502243], [-115.211318334657, 36.2054898103072], [-115.21132022458, 36.2053945347971], [-115.21142158496, 36.2053959106284], [-115.21142164056, 36.2053959117025], [-115.212810756857, 36.2054181955376], [-115.212949737484, 36.2054204237887], [-115.212995863906, 36.2054239012899], [-115.212995926857, 36.2054211615713], [-115.213015773415, 36.2047043912868], [-115.21303026189, 36.2042420657376], [-115.213031843896, 36.2041966006784], [-115.212686296822, 36.2041901593958], [-115.212702138687, 36.2034411465766], [-115.212691834715, 36.203017897036], [-115.212693557764, 36.2029637791463], [-115.212694112504, 36.2028814932994], [-115.212689740534, 36.2027426634303], [-115.212704121436, 36.2022515683347], [-115.213090833094, 36.2022592635006], [-115.213105264939, 36.2017638783375], [-115.2131070096, 36.2016814879973], [-115.213943100925, 36.2016970769021], [-115.214675194279, 36.2017101946176], [-115.214780939573, 36.2017074559033], [-115.214814632855, 36.2004882945186], [-115.21482191357, 36.1999195130828], [-115.21483966947, 36.1992823416414], [-115.2148402684, 36.1992608432531], [-115.214876232069, 36.1979624650805], [-115.214896659144, 36.1968541755491], [-115.214927634552, 36.1956065691066], [-115.212682914908, 36.1955732584595], [-115.212684795649, 36.1954950774813], [-115.212694761978, 36.1951098244961], [-115.212705082891, 36.1946540286998], [-115.212710130334, 36.19444891998], [-115.212727068813, 36.1937402690545], [-115.212733584269, 36.1935091166914], [-115.212738790962, 36.1932725354077], [-115.212750496689, 36.192805892232], [-115.212663857909, 36.1928056149602], [-115.211612333443, 36.1927913674206], [-115.210610106514, 36.1927805178115], [-115.210508792428, 36.1927845374965], [-115.210519089568, 36.1923363395395], [-115.210530818614, 36.1918675154961], [-115.210542311891, 36.1914296319432], [-115.21064362147, 36.1914287757356], [-115.211140825459, 36.1914288626506], [-115.21114008853, 36.1914718067968], [-115.211135549713, 36.1917356811862], [-115.211134216337, 36.1918132618259], [-115.211133231378, 36.1918705528223], [-115.211830272346, 36.1918749804138], [-115.212284743329, 36.1918786162251], [-115.212776535277, 36.1918812933161], [-115.212779959898, 36.1917326182138], [-115.2127848782, 36.1915524647921], [-115.21278660279, 36.1914743373533], [-115.212788179144, 36.1914276734678], [-115.212295045535, 36.1914271643807], [-115.212005830799, 36.1914273130519], [-115.212013476293, 36.190973680853], [-115.212305342497, 36.1909767940323], [-115.212319678974, 36.1905188382984], [-115.212808782651, 36.1905236699973], [-115.212810342712, 36.1904780966139], [-115.212813916377, 36.1903001110986], [-115.212818834435, 36.1901199675454], [-115.212820534319, 36.1900494288694], [-115.21233267753, 36.1900472418692], [-115.211772821502, 36.1900460010931], [-115.211222299983, 36.1900458682636], [-115.210678453916, 36.1900425000287], [-115.210577151249, 36.1900422747449], [-115.210600326477, 36.1891264005241], [-115.210601749421, 36.1890701374396], [-115.209913237443, 36.1890662971789], [-115.209912752312, 36.1891239872171], [-115.209882165878, 36.1891238196953], [-115.209430465289, 36.1891205980508], [-115.209062110705, 36.1891197263138], [-115.208460950405, 36.1891172954199], [-115.208359648909, 36.1891170772792], [-115.208349715889, 36.1895050972958], [-115.20833778106, 36.1900307829842], [-115.208324381828, 36.1905813937019], [-115.208315903057, 36.1909488237146], [-115.20830538907, 36.191453910251], [-115.208296738701, 36.1918549487451], [-115.208195434836, 36.1918547214355], [-115.207420965625, 36.1918497321205], [-115.207414507224, 36.1920773504405], [-115.207404035643, 36.192307120143], [-115.208185148121, 36.1923142934941], [-115.20828646374, 36.1923145118379], [-115.208276234336, 36.1927621599955], [-115.208255709533, 36.1936758693331], [-115.208234954364, 36.1946004563604], [-115.20823216236, 36.1947160712444], [-115.208228164868, 36.1948816020283], [-115.208227499686, 36.1949114920862], [-115.208217989273, 36.195338316219], [-115.208216137346, 36.1954214155395], [-115.208216028339, 36.1954263182082], [-115.20821445256, 36.1955070047419], [-115.207800014388, 36.1955008031005], [-115.207799337275, 36.1955003241945], [-115.207799378389, 36.1955007956974], [-115.207492035506, 36.1954961988567], [-115.207488891307, 36.1956073268838], [-115.207488750746, 36.1956344101651], [-115.207475405085, 36.196132745688], [-115.207123510854, 36.1961264036966], [-115.206770267173, 36.1961211379716], [-115.206765313227, 36.1962988123151], [-115.206773659922, 36.1967246171534], [-115.206773243382, 36.1968069575525], [-115.206763340633, 36.1971612057365], [-115.206763037475, 36.1972175443176], [-115.20675973134, 36.197336711273], [-115.206754793616, 36.1975132941706], [-115.206752596454, 36.197672554813], [-115.206746250923, 36.1978621388605], [-115.20675609959, 36.197939491365], [-115.206649546038, 36.1979376329033], [-115.206634730407, 36.1980243541954], [-115.206626270899, 36.198358029526], [-115.206622687168, 36.1985281192623], [-115.206619108647, 36.1986971175501], [-115.206614196402, 36.1988682927525], [-115.20661060743, 36.199039464003], [-115.206607672681, 36.1991228239117], [-115.206722136152, 36.1991242656726], [-115.206720368126, 36.1992055112274], [-115.206711851733, 36.1995511022486], [-115.206706906666, 36.1997266035097], [-115.207057488516, 36.1997340241862], [-115.207040335525, 36.2003440087997], [-115.206692954579, 36.2003386981396], [-115.206691175321, 36.2004199526549], [-115.206682574836, 36.2007807120125], [-115.206678985892, 36.2009518823095], [-115.206674036566, 36.2011284650597], [-115.206040840609, 36.2011181248047], [-115.206007518736, 36.201116956241], [-115.205836947167, 36.2011141381262], [-115.205823830762, 36.2015507084579], [-115.206426620891, 36.2015600348103], [-115.206412681953, 36.2021386824723], [-115.206787393456, 36.2021463692235], [-115.206771740406, 36.202637639771], [-115.206771497592, 36.2026929780613], [-115.206768751041, 36.2027741934511], [-115.206542620715, 36.2027705255528], [-115.20654162462, 36.20290875288], [-115.206532994934, 36.2031825737965], [-115.206527654443, 36.2033687359275], [-115.206522159779, 36.2035754568335], [-115.20650818415, 36.2040365213545], [-115.206505568735, 36.2041135100947], [-115.206749016174, 36.2041175299865], [-115.206751338681, 36.2040296707937], [-115.206768709331, 36.2033726130478], [-115.206895363459, 36.2033745977344], [-115.207268143674, 36.2033804292817], [-115.207266024583, 36.2034886591318], [-115.207248263165, 36.2040771629053], [-115.207246783328, 36.2041261432215], [-115.20738927787, 36.2041297634285], [-115.207390188264, 36.204188214771], [-115.207374485659, 36.2047044777789], [-115.2070241834, 36.2047013850339], [-115.20700865303, 36.2051927549331], [-115.207027552921, 36.2052752289573], [-115.207009594699, 36.2058021469504], [-115.207784767815, 36.2058096020157], [-115.207772676519, 36.206420060766], [-115.208546180215, 36.2064339769179], [-115.209034959035, 36.206443915549], [-115.210186015001, 36.2064664278846], [-115.210189896543, 36.206260198464]], [[-115.224891178508, 36.2279495679669], [-115.224773789961, 36.2278232113024], [-115.22430348789, 36.2272992147738], [-115.22437879786, 36.2272540646581], [-115.224673929738, 36.227261069385], [-115.225441817517, 36.2272786453945], [-115.225500226007, 36.227279676302], [-115.225509925338, 36.2272798495133], [-115.225610699982, 36.2272822508261], [-115.225610814718, 36.2272822160191], [-115.225620475448, 36.2270160676695], [-115.225720507913, 36.2270245503404], [-115.225788582525, 36.2270303147001], [-115.226210394886, 36.2270616862979], [-115.226653555252, 36.2270953372073], [-115.227116717951, 36.2271334172549], [-115.227563852915, 36.227171420818], [-115.227666635142, 36.2271795224862], [-115.227766737701, 36.2271876070904], [-115.227964293186, 36.2272037681784], [-115.228249925565, 36.2272279504058], [-115.228394074656, 36.2272395089535], [-115.228703735915, 36.2272659785337], [-115.228817192276, 36.2272752194291], [-115.229176240826, 36.2273051868809], [-115.229244304827, 36.2273109492442], [-115.22967543349, 36.2273466894057], [-115.229779483512, 36.2273623818227], [-115.229801425691, 36.2264293539302], [-115.229850249137, 36.2245999224782], [-115.229963723451, 36.2246095408737], [-115.231340917184, 36.2247232016707], [-115.2313417501, 36.2246455539145], [-115.231342095447, 36.2246074567132], [-115.231343514487, 36.2245002863858], [-115.231347559858, 36.2241947464415], [-115.231805553147, 36.2242315853913], [-115.23190362356, 36.2242396461395], [-115.231905584731, 36.2242719512516], [-115.231901071803, 36.2246044130286], [-115.231900325454, 36.2246593531697], [-115.231898866542, 36.2247656590533], [-115.231898830525, 36.224769234345], [-115.232599056082, 36.2248264565022], [-115.232922794742, 36.2248525237985], [-115.233255228605, 36.2248791744556], [-115.233958948629, 36.2249362276379], [-115.233964484602, 36.2244668266122], [-115.233967067824, 36.2241160891425], [-115.233977470299, 36.2230726096972], [-115.233987476879, 36.2221430874433], [-115.233990231956, 36.221743635858], [-115.233996098697, 36.2212222313684], [-115.236064660005, 36.221398514197], [-115.236736022157, 36.2214551623768], [-115.237754224121, 36.2215410678591], [-115.239370334971, 36.2216733741799], [-115.240211658911, 36.2217430344869], [-115.240216295414, 36.220808746145], [-115.240287071154, 36.2208164838122], [-115.240317794516, 36.2208187079321], [-115.240709131902, 36.220850941448], [-115.240786602133, 36.2208565168759], [-115.24081866024, 36.2208587537009], [-115.240818797043, 36.2208197194037], [-115.241210192706, 36.2208335111401], [-115.241212652173, 36.2206288713058], [-115.241321755268, 36.2206269930591], [-115.241325823915, 36.2204333453904], [-115.24225041704, 36.2204511890599], [-115.24225046418, 36.2204559597006], [-115.242290113328, 36.220456729745], [-115.242289176722, 36.220206132632], [-115.242289039361, 36.2200481548358], [-115.242119439693, 36.2200343052847], [-115.241229839255, 36.2199616903691], [-115.241232086905, 36.2198874218179], [-115.241232997178, 36.2196196063854], [-115.241233325408, 36.2195161216625], [-115.241233787582, 36.2193665455521], [-115.241233948229, 36.2193398679441], [-115.240224604878, 36.2192549241952], [-115.240228123657, 36.2186197790499], [-115.239656093985, 36.2185755518], [-115.239187297678, 36.2185358547927], [-115.239188788703, 36.2188836302342], [-115.238728021454, 36.2188439355889], [-115.238733367533, 36.218451747329], [-115.238734703009, 36.2180584740622], [-115.238734816926, 36.2180198182259], [-115.238735089271, 36.2179196762], [-115.238736267844, 36.217919774229], [-115.238736863595, 36.2179150523035], [-115.238735110188, 36.2179149066537], [-115.238157574488, 36.21786705125], [-115.238169262942, 36.2179863891175], [-115.238158921972, 36.2183933179231], [-115.237596824022, 36.2183499377639], [-115.237547402913, 36.2183455228719], [-115.237548726113, 36.2187398943303], [-115.237118663958, 36.2187067453342], [-115.237125998215, 36.2185139093644], [-115.237125591573, 36.2182452158793], [-115.237129078691, 36.2177819549781], [-115.237382428198, 36.2178029215383], [-115.237377907677, 36.2176701039499], [-115.237364738103, 36.2173594727304], [-115.238043381335, 36.2173398470056], [-115.238142663031, 36.2173369789298], [-115.238118019414, 36.2167436442363], [-115.238013409508, 36.2142259084952], [-115.237199148282, 36.2141693347238], [-115.235996831482, 36.2140888722624], [-115.234781959428, 36.2140111190967], [-115.234774053288, 36.2140959972734], [-115.234727698727, 36.2145567721193], [-115.234845125474, 36.2145646038195], [-115.234794700989, 36.2150828959222], [-115.234635476134, 36.2150725269391], [-115.234640613249, 36.2151505392415], [-115.23465379794, 36.2154502563122], [-115.234654795299, 36.2155162514119], [-115.234666840507, 36.2157770115449], [-115.234667858598, 36.2158408436139], [-115.234678553302, 36.2161026804393], [-115.23468092047, 36.2161632727058], [-115.234690342995, 36.216428584775], [-115.234694047593, 36.2164935783102], [-115.234703536865, 36.2167513837452], [-115.234705911602, 36.2168152918588], [-115.234715396144, 36.2170741788089], [-115.234719095991, 36.2171402538661], [-115.234729707177, 36.217443549551], [-115.234727730538, 36.2175832260208], [-115.23506104332, 36.2176108115146], [-115.235390130174, 36.2176380476136], [-115.235387607957, 36.2174591187544], [-115.235379261961, 36.217242514515], [-115.235377772591, 36.2172038468087], [-115.235461265299, 36.2172020787793], [-115.236036847059, 36.2171897446073], [-115.236037985484, 36.2172341542836], [-115.236052500537, 36.2175612920969], [-115.23605435236, 36.2176045988638], [-115.236058145621, 36.2176933351857], [-115.236114840328, 36.2176980268606], [-115.236107671681, 36.2178352268763], [-115.236103368953, 36.218193245792], [-115.236103591068, 36.2181955879777], [-115.236103172414, 36.2182404888353], [-115.236102626893, 36.2182549501901], [-115.236002043649, 36.2182467639261], [-115.235601399938, 36.2182141283845], [-115.235549013063, 36.2182098608733], [-115.235541273337, 36.2182092300113], [-115.23506046902, 36.2181694909579], [-115.235059467906, 36.2180741500046], [-115.234952589559, 36.2180739921213], [-115.234952358468, 36.2181411642987], [-115.234163035182, 36.2180760351244], [-115.234027112422, 36.2180660595771], [-115.234027081571, 36.2180987698613], [-115.234026685736, 36.2181387713851], [-115.234024244572, 36.218385402979], [-115.233886656988, 36.2183740046889], [-115.233471384088, 36.2183375600327], [-115.232991672084, 36.2182973742319], [-115.232991043402, 36.2183635357945], [-115.232630401336, 36.2183333273223], [-115.232524362449, 36.2183244425775], [-115.232518751078, 36.2187815664594], [-115.232081347782, 36.2187483823495], [-115.232022061048, 36.2187456603773], [-115.231954272577, 36.2187440670581], [-115.231952522484, 36.2189379240021], [-115.231950112561, 36.2192049543975], [-115.23194675253, 36.2195772305371], [-115.23204838257, 36.2195859198926], [-115.232978764467, 36.2196615146282], [-115.232977820941, 36.2197613581051], [-115.232974672373, 36.2200942793291], [-115.232044394024, 36.2200195068305], [-115.231942828799, 36.2200118685603], [-115.231942802069, 36.2200148607503], [-115.231942769382, 36.2200184387585], [-115.231942493696, 36.2200489924349], [-115.231941773058, 36.2201287964615], [-115.231840095765, 36.2201205701365], [-115.231372098479, 36.2200826167835], [-115.231231516822, 36.2200713373171], [-115.230944787368, 36.2200481080661], [-115.230909992906, 36.2200452891231], [-115.230910621449, 36.2199721155917], [-115.230914013797, 36.2195773696592], [-115.23091453395, 36.2195169516998], [-115.230917941795, 36.2191204735115], [-115.23084247214, 36.2191142955331], [-115.230842867206, 36.2191112746855], [-115.229991865133, 36.2190426438963], [-115.229886375147, 36.2190327516979], [-115.229901064237, 36.2171840467734], [-115.228384646836, 36.2170581093319], [-115.228384012909, 36.2171408283838], [-115.228383617316, 36.2171924537744], [-115.228383601157, 36.2171960309306], [-115.228382873729, 36.2177561906174], [-115.228382493389, 36.2180464720467], [-115.228381476411, 36.2188248419959], [-115.228381471374, 36.2188284191841], [-115.228381369139, 36.2189076788514], [-115.22838135854, 36.2189112560231], [-115.22836384779, 36.2189098043848], [-115.228325309462, 36.2189066103675], [-115.227937669346, 36.2188744663294], [-115.227923436384, 36.2188732866355], [-115.227836655486, 36.2188660889631], [-115.22781241131, 36.2188640800744], [-115.22771552468, 36.2188560519485], [-115.22771108056, 36.2188556845363], [-115.22757240226, 36.2188442180636], [-115.227570428704, 36.2188440544713], [-115.227339084447, 36.2188249261631], [-115.227244676304, 36.2188170924968], [-115.227084957529, 36.2188038269713], [-115.227073766641, 36.2188029004812], [-115.226990573867, 36.2187960021904], [-115.226953720141, 36.2187929434345], [-115.226865824251, 36.2187856480041], [-115.226789312712, 36.2187792976292], [-115.22678920298, 36.2187949003606], [-115.2267886859, 36.2188684058801], [-115.226788265759, 36.2189283924021], [-115.226787674417, 36.2190128699506], [-115.226783405111, 36.2190124606644], [-115.225918123287, 36.218946888532], [-115.22575572138, 36.218934172917], [-115.2257540457, 36.219155730961], [-115.226786224869, 36.2192416119341], [-115.226785897854, 36.2192891636918], [-115.226784652751, 36.2194654965155], [-115.226783069501, 36.2196893801541], [-115.225750636072, 36.2196067520259], [-115.225747211412, 36.2200610627039], [-115.225745469896, 36.2205463465441], [-115.225908345052, 36.220560902214], [-115.226320914043, 36.2205944629185], [-115.226321962399, 36.2206746272734], [-115.226327106025, 36.2211068459158], [-115.225741132339, 36.2210496843455], [-115.225731769531, 36.2221365189717], [-115.225730830848, 36.222396500885], [-115.226754992242, 36.2224863788638], [-115.226749346836, 36.2229434947588], [-115.226749043091, 36.2234049617176], [-115.226413844651, 36.2233763560039], [-115.225725639712, 36.2233194310308], [-115.225720408732, 36.2242510664254], [-115.223500465984, 36.224308916259], [-115.223416277588, 36.2262013103453], [-115.223364048405, 36.22623589775], [-115.223833231931, 36.2267752588661], [-115.223740834177, 36.2268314466945], [-115.222987014965, 36.227278749473], [-115.223187745663, 36.2275023234429], [-115.223383152843, 36.2277204634366], [-115.223544003381, 36.2278984560443], [-115.223617116298, 36.2279798455254], [-115.223781958854, 36.2281632656264], [-115.224186091448, 36.2286125717002], [-115.224775533761, 36.2280950186307], [-115.224843840011, 36.2280355943324], [-115.224892449465, 36.2279509020699], [-115.224894532104, 36.2279508560342], [-115.224891178508, 36.2279495679669]], [[-115.25140872809, 36.2554690059897], [-115.255350561341, 36.2554263880688], [-115.255972980141, 36.2554276604511], [-115.25858490707, 36.2554141010192], [-115.260539113009, 36.2554039181791], [-115.260774620821, 36.2554132418234], [-115.262854501384, 36.2554352725448], [-115.265128713575, 36.2554677604986], [-115.265129147861, 36.2553853656175], [-115.265113747936, 36.2536755550408], [-115.265112735388, 36.253590470467], [-115.2650971304, 36.2521645716107], [-115.265093628592, 36.2517109823096], [-115.265682030754, 36.251721270627], [-115.265681252037, 36.2516387471916], [-115.26567821511, 36.2513168904613], [-115.265674613791, 36.2509337910062], [-115.265673179767, 36.2507822447435], [-115.265191665513, 36.2507712583164], [-115.265089893226, 36.2507689326864], [-115.265079472991, 36.2498289921565], [-115.265079419453, 36.2498243585226], [-115.265073149896, 36.2498242057492], [-115.264973598968, 36.2498259326893], [-115.264973598786, 36.2498259777529], [-115.264973598603, 36.2498260228166], [-115.264970872761, 36.2498259434597], [-115.264572853882, 36.249814455707], [-115.264032038993, 36.2498007100006], [-115.263953009565, 36.2497987063814], [-115.263950958939, 36.2496600476665], [-115.263945406205, 36.2492827822702], [-115.263941159782, 36.2489946661631], [-115.263939726088, 36.2488971814519], [-115.263939120314, 36.2488560074592], [-115.263972753718, 36.2488569174198], [-115.264560533219, 36.2488727434195], [-115.26496762914, 36.248883705579], [-115.264967628664, 36.2488838227445], [-115.264967628482, 36.2488838678081], [-115.265014946739, 36.2488851383563], [-115.265069384539, 36.2488865738351], [-115.265062264998, 36.2488864088858], [-115.26506647217, 36.2492414694029], [-115.265073590613, 36.2493160009468], [-115.265073598926, 36.2493161460754], [-115.265296193667, 36.2493219366659], [-115.265316903522, 36.2493224748104], [-115.265592906268, 36.2493296460807], [-115.265718723067, 36.2493329147724], [-115.265722775141, 36.2493330201655], [-115.266018108216, 36.2493406924169], [-115.266166301592, 36.2493445418334], [-115.266239020891, 36.2493464308262], [-115.266238256322, 36.2492440124937], [-115.266237328879, 36.2491202162137], [-115.266236572972, 36.2490200610201], [-115.266235267767, 36.2488468293012], [-115.266235048487, 36.2488176551129], [-115.266234889524, 36.2487964105662], [-115.266233376387, 36.2485947770804], [-115.266232461643, 36.2484727969046], [-115.266231561239, 36.2483530510434], [-115.266229767145, 36.2481143776959], [-115.26623079473, 36.2480575031901], [-115.266232231847, 36.247978029211], [-115.265060150417, 36.2479453455283], [-115.263960311125, 36.2479141410981], [-115.263944178758, 36.2479137285025], [-115.263940662981, 36.2479136470132], [-115.263892544163, 36.2479123829164], [-115.263877613419, 36.247911991546], [-115.263876467468, 36.2479119614474], [-115.263284910482, 36.2478965455976], [-115.262786698705, 36.2478835580836], [-115.262703889748, 36.2478808756655], [-115.26270387249, 36.2478856452055], [-115.26264547405, 36.2478837131445], [-115.262122596303, 36.2478677365856], [-115.261531744154, 36.2478539993583], [-115.260358689693, 36.2478207893224], [-115.258974490517, 36.2478245690331], [-115.256924109944, 36.2478301391394], [-115.256925115058, 36.2479632982152], [-115.256933000968, 36.2483707362201], [-115.256067262012, 36.2483731738758], [-115.255917737986, 36.248373594809], [-115.255821142807, 36.2483748202123], [-115.255809889434, 36.247833150383], [-115.25580943545, 36.2478331518439], [-115.253534197196, 36.2478390592474], [-115.251261216113, 36.2478452991672], [-115.251263702349, 36.2479887811566], [-115.251296390424, 36.2497411477622], [-115.251334518234, 36.2516572377171], [-115.251370034876, 36.2535543568487], [-115.25140872809, 36.2554690059897]], [[-115.262369888374, 36.3093527949997], [-115.260145421288, 36.309221822524], [-115.260144658981, 36.3091394080547], [-115.260134675612, 36.3079023358887], [-115.260112210747, 36.3051189480347], [-115.257869143259, 36.3051235338034], [-115.257870311766, 36.3052603593294], [-115.257877915815, 36.3061476315376], [-115.25787890496, 36.3062081105802], [-115.257886704026, 36.3071733514311], [-115.256766669895, 36.3071748125661], [-115.256766089272, 36.3070924075644], [-115.256762308686, 36.3065596807134], [-115.256759405386, 36.3061503765954], [-115.256758866835, 36.3061500155162], [-115.255838982608, 36.3061519622905], [-115.255742750292, 36.3061521682026], [-115.255640930306, 36.3061523812536], [-115.255539111419, 36.3061525978259], [-115.255468146205, 36.3061527475158], [-115.255315871087, 36.3061530697595], [-115.255028743133, 36.3061536758887], [-115.254518370396, 36.3061547517604], [-115.254008002119, 36.3061558245642], [-115.253497629388, 36.3061568960782], [-115.253463686795, 36.3061569664602], [-115.25339580734, 36.3061568043834], [-115.253393414647, 36.3058916233321], [-115.253387807806, 36.3052700004831], [-115.253387805955, 36.305269911252], [-115.253387389124, 36.3051325515176], [-115.253386571806, 36.3051325528671], [-115.251279865461, 36.3051367423408], [-115.25114445103, 36.3051370060629], [-115.251175934855, 36.3014938496316], [-115.251212759877, 36.2978530491181], [-115.246396083907, 36.2978443041136], [-115.243341072259, 36.2978386570986], [-115.243325024902, 36.2987373188727], [-115.242226542803, 36.2987392461322], [-115.242233840229, 36.2978354854004], [-115.242249424147, 36.2959975212919], [-115.242265152245, 36.2941415315301], [-115.242278120543, 36.2923438368038], [-115.242291292727, 36.290516985858], [-115.246726186492, 36.2905661174442], [-115.246780259627, 36.2905660533463], [-115.246783099184, 36.2904025870856], [-115.246821643934, 36.2881826777963], [-115.246841673135, 36.2870284502319], [-115.246843106944, 36.2869460055348], [-115.24687278428, 36.2852322727441], [-115.246874206877, 36.2851498279902], [-115.246975959365, 36.2851543141936], [-115.247850697772, 36.2851928856279], [-115.248713796083, 36.2852309404166], [-115.249987966106, 36.2852867641554], [-115.251396658374, 36.2853484726368], [-115.25153224686, 36.2853542385686], [-115.252067078105, 36.2853777666081], [-115.252070406955, 36.2852504705335], [-115.252079449246, 36.2849047109509], [-115.252614547817, 36.2849293638728], [-115.252606931649, 36.2851901812367], [-115.252603174983, 36.2853188199495], [-115.252600767737, 36.285401241331], [-115.255812948744, 36.2855424826587], [-115.255915025106, 36.2855469711576], [-115.255941876562, 36.2847126689673], [-115.255966782763, 36.2838668691481], [-115.260502977303, 36.284130080844], [-115.26062727282, 36.2808756641274], [-115.260632976579, 36.2807880663488], [-115.260662001381, 36.2800675265187], [-115.260001393013, 36.280018443181], [-115.259504564327, 36.2799824807811], [-115.259519440986, 36.2796147538933], [-115.259536878539, 36.2791794471107], [-115.258394595107, 36.2790861940033], [-115.258315063389, 36.2807101735186], [-115.256039564944, 36.280547270388], [-115.256094246599, 36.2788983861488], [-115.253837362263, 36.278714077781], [-115.253782633927, 36.2803151489423], [-115.253776999845, 36.2803843605198], [-115.25152257953, 36.2802245308538], [-115.251386543163, 36.2802133289828], [-115.251095478138, 36.2801924636689], [-115.251044587011, 36.2801888154013], [-115.251053560285, 36.2801070980991], [-115.251071979409, 36.2793409996255], [-115.251407071302, 36.2793663728165], [-115.251446443323, 36.2793691922319], [-115.25153345548, 36.2793754253741], [-115.251545174393, 36.2793762645313], [-115.25155461606, 36.2789698768324], [-115.251564360736, 36.2785610384708], [-115.251428859718, 36.2785505321206], [-115.250381148682, 36.2784693437778], [-115.250394994131, 36.2776047760201], [-115.25079949568, 36.2776371938291], [-115.250800041236, 36.2775348102151], [-115.250815488673, 36.2769055162429], [-115.250818207029, 36.276771098236], [-115.250857340521, 36.2767744696634], [-115.251470538625, 36.276827248262], [-115.251605987268, 36.2768389080511], [-115.2538926336, 36.2770361656194], [-115.253887748251, 36.2752901119687], [-115.252773725216, 36.2752068142894], [-115.251598415673, 36.2751189208911], [-115.251118095348, 36.2750830055447], [-115.251118425999, 36.2750049648052], [-115.251121674818, 36.2742381556777], [-115.250964085555, 36.2742279840142], [-115.250775788738, 36.2742144821568], [-115.250779234649, 36.2749792820108], [-115.250779581102, 36.2750576851429], [-115.249404720666, 36.2749548487635], [-115.249297883164, 36.274948061202], [-115.247024260008, 36.2747858762074], [-115.247025044707, 36.2750985947914], [-115.246917213088, 36.2750949567802], [-115.246111361067, 36.2751323163767], [-115.246070043386, 36.2749978013169], [-115.245799893897, 36.2750376867936], [-115.245588421236, 36.2750271576742], [-115.245561376081, 36.2749697059471], [-115.245403296873, 36.2746339921304], [-115.245404392093, 36.2737935788011], [-115.244390151991, 36.2737308547694], [-115.244391255365, 36.2739828741366], [-115.244393328416, 36.2744560427926], [-115.244395377438, 36.274924470622], [-115.244016036883, 36.2748918141594], [-115.243974000567, 36.274888197926], [-115.243711045661, 36.274865559434], [-115.243406064668, 36.2748393039603], [-115.243101073867, 36.2748130476813], [-115.242626123806, 36.2747721564902], [-115.242445286061, 36.2747660352198], [-115.24244552229, 36.2748166696771], [-115.24245055011, 36.2759132252793], [-115.24245117738, 36.2760505727561], [-115.240217214916, 36.2760316564733], [-115.239386867792, 36.2760246116639], [-115.237988184719, 36.2760127307304], [-115.23800468182, 36.2747766203544], [-115.238010581689, 36.2743341902739], [-115.238010998316, 36.2743027729365], [-115.233575740777, 36.2742185380225], [-115.233519120287, 36.2759697293477], [-115.22455816622, 36.2758888712106], [-115.224481713336, 36.2795064822235], [-115.224619346742, 36.2795151598548], [-115.228840753067, 36.2795537136966], [-115.228942281249, 36.2795540146145], [-115.228907339629, 36.2813711134185], [-115.228872514758, 36.2831644183141], [-115.227392281716, 36.2831513692539], [-115.227334352217, 36.2859036626021], [-115.227692412453, 36.2859061971308], [-115.227680627802, 36.2867368876176], [-115.227683606996, 36.2868212468541], [-115.226576675746, 36.2868158044369], [-115.22436891622, 36.2868069530783], [-115.224324199471, 36.2886393944699], [-115.224493892209, 36.2886395433206], [-115.224560265052, 36.2886396036877], [-115.224725167388, 36.28863975406], [-115.224960792101, 36.2886399674738], [-115.225290703669, 36.2886402654036], [-115.225496930833, 36.2886406024334], [-115.225773807177, 36.2886414306839], [-115.225980488396, 36.2886420485341], [-115.225980083971, 36.2887307427172], [-115.225977232916, 36.2888938262461], [-115.225975901795, 36.288969922336], [-115.225973224086, 36.2891230626079], [-115.22596880842, 36.2893755930019], [-115.225965520448, 36.2895636774782], [-115.225852167912, 36.289564239024], [-115.225716681701, 36.2895649109178], [-115.225639987046, 36.2895652907799], [-115.225528179776, 36.2895658449245], [-115.225404222975, 36.2895664599348], [-115.225304390448, 36.289566953278], [-115.225186576885, 36.2895675359852], [-115.22508048645, 36.289568060869], [-115.224923050259, 36.2895688400436], [-115.224901089647, 36.2903565074556], [-115.224897345917, 36.2904910484625], [-115.226503866122, 36.2904890938798], [-115.227638236832, 36.2904870660448], [-115.228745895075, 36.290486029766], [-115.228692126155, 36.2941063701564], [-115.228649491404, 36.2976195068806], [-115.228648512026, 36.2978358376504], [-115.228624819834, 36.299527497858], [-115.228612744231, 36.3004312789847], [-115.229731334932, 36.3004345924855], [-115.229721420797, 36.3013457794666], [-115.228600567948, 36.3013424591286], [-115.228576294951, 36.3031617549021], [-115.228559125935, 36.3050741726762], [-115.228699718647, 36.3088165993689], [-115.230958957636, 36.3088620796674], [-115.230890746279, 36.3069259688373], [-115.232027879334, 36.30694705279], [-115.232026180326, 36.3070229619889], [-115.232043676252, 36.3075710781437], [-115.232043592929, 36.307594619137], [-115.232054542834, 36.3079115396204], [-115.232085610879, 36.3088847455228], [-115.233210717158, 36.308907369193], [-115.234337004452, 36.3089300037489], [-115.234360224274, 36.3099090902898], [-115.233235744438, 36.3098850191786], [-115.233310836053, 36.3128189749048], [-115.232199271416, 36.3127763385302], [-115.226607169299, 36.3126141637021], [-115.2266935197, 36.3145478685263], [-115.22558055283, 36.3145078071067], [-115.224454223084, 36.3144775551187], [-115.224498318194, 36.3154360019281], [-115.224557626541, 36.3163972070572], [-115.226780339087, 36.3164921730207], [-115.227892905643, 36.3165409103927], [-115.227896555894, 36.3166175211733], [-115.227938524196, 36.3174970800284], [-115.227939031739, 36.3175086754863], [-115.227976629266, 36.3183667322057], [-115.227977800119, 36.3183933952758], [-115.227981077384, 36.3184761515883], [-115.229090078559, 36.3185267148815], [-115.229092455375, 36.3186093684551], [-115.229117560309, 36.3194826497863], [-115.229146256404, 36.3204804701718], [-115.23352993026, 36.3207300624867], [-115.233523798937, 36.3197319657057], [-115.233495472146, 36.3187512082445], [-115.233467079888, 36.3177677916766], [-115.233438669109, 36.3167836718964], [-115.23341332967, 36.3159061137406], [-115.233381056111, 36.3147883544229], [-115.233310836053, 36.3128189749048], [-115.235572599861, 36.3128843027912], [-115.237803012365, 36.312948686134], [-115.240025924026, 36.3130128170619], [-115.242243272311, 36.3130767384735], [-115.242210403633, 36.3091158152985], [-115.242210157588, 36.3090879382356], [-115.242177113373, 36.3051549243496], [-115.242183770153, 36.3042375986008], [-115.242190399751, 36.3033290149856], [-115.242196955463, 36.3024398985302], [-115.242204387117, 36.3015745870801], [-115.242438756212, 36.301575255562], [-115.245844959008, 36.3050029882201], [-115.245842510522, 36.3051474193651], [-115.246538804235, 36.3051460599245], [-115.246660209562, 36.3051458223547], [-115.251005476944, 36.3051364305652], [-115.25114445103, 36.3051370060629], [-115.251163189676, 36.3071747865212], [-115.251172695044, 36.3082012944271], [-115.25124045127, 36.3082017836889], [-115.251308415726, 36.3082022743918], [-115.252310438627, 36.3082033857482], [-115.253312451601, 36.3082044886785], [-115.25341427397, 36.3082046074897], [-115.253414894323, 36.3082733078362], [-115.253417418529, 36.3085530194677], [-115.253417870277, 36.3086030620933], [-115.253421759619, 36.309034787067], [-115.253423467113, 36.3092234227862], [-115.25678387212, 36.3092233217614], [-115.256783047646, 36.3091409080104], [-115.256773676757, 36.3081996361063], [-115.25728316289, 36.3081988726784], [-115.257794107762, 36.3081981110513], [-115.257895352244, 36.3081979540902], [-115.257899669354, 36.3087106108871], [-115.257901486923, 36.3089257316871], [-115.257902052405, 36.3089927735196], [-115.257903996516, 36.3092232676674], [-115.259975624734, 36.3092219311769], [-115.260145421288, 36.309221822524], [-115.260163136167, 36.3114160508026], [-115.260333518478, 36.3114211438207], [-115.261321465488, 36.3114543171486], [-115.261321115417, 36.3114869107345], [-115.2613205806, 36.3115368082591], [-115.261325238425, 36.3122509910808], [-115.261327390697, 36.3126077115609], [-115.262458745592, 36.3126453904484], [-115.262458106554, 36.31255132201], [-115.262456281938, 36.3122818726462], [-115.262455381324, 36.3109607999497], [-115.262444428499, 36.3100302134688], [-115.262441752216, 36.3098025717612], [-115.262436509162, 36.3093567141279], [-115.262369888374, 36.3093527949997]], [[-115.307016630559, 36.2809885875678], [-115.305891638105, 36.2809837296433], [-115.305892736502, 36.2791478421358], [-115.304771680466, 36.2791421987468], [-115.303644684154, 36.2791324030997], [-115.303220503459, 36.2791298645909], [-115.302519235597, 36.279125664814], [-115.302064333077, 36.2791226309652], [-115.301955711341, 36.2791219067737], [-115.301392187156, 36.2791181460783], [-115.301390300077, 36.2772904528519], [-115.302517726709, 36.2772969260576], [-115.302519072723, 36.2772461953261], [-115.302521381282, 36.277159184068], [-115.302531698582, 36.2767710265386], [-115.302542004637, 36.2763828689565], [-115.302634392302, 36.2763833390997], [-115.303053698652, 36.2763854752772], [-115.303565381553, 36.2763880883953], [-115.303636613597, 36.2763892094667], [-115.3036356427, 36.2764295385337], [-115.303614610459, 36.2773032135524], [-115.303648281376, 36.2773034067657], [-115.305900642634, 36.2773162779716], [-115.307028638061, 36.2773223692881], [-115.307029885966, 36.2772449541052], [-115.307030853403, 36.2771849005129], [-115.307037652325, 36.2767682576079], [-115.307043563624, 36.2764060588972], [-115.308069615285, 36.2764133946217], [-115.308165286781, 36.2764144683025], [-115.308169704494, 36.2764145181235], [-115.308169711708, 36.2764140485736], [-115.308171063228, 36.2763194687408], [-115.308166579124, 36.2762777589385], [-115.308176617542, 36.2759309337351], [-115.308182851488, 36.2754949325894], [-115.308182993048, 36.275485043177], [-115.308189524627, 36.2754850446851], [-115.308819303132, 36.275493509307], [-115.309249995754, 36.2754992973635], [-115.30930786346, 36.2755000761888], [-115.30930961766, 36.275500082912], [-115.310432871216, 36.275505203788], [-115.310534650148, 36.2755056685264], [-115.310996081407, 36.2755077692833], [-115.311500723122, 36.2755100647241], [-115.311559293876, 36.2755103330326], [-115.311540606638, 36.2773466254285], [-115.312668571004, 36.2773526634788], [-115.312685643305, 36.2755154469957], [-115.312693665908, 36.2745968432372], [-115.312654124515, 36.2745966933629], [-115.312591848897, 36.2745964604661], [-115.312079894351, 36.2745945478148], [-115.311567938735, 36.2745926320683], [-115.311567945361, 36.2745920047928], [-115.311575818859, 36.2737564472668], [-115.311578319798, 36.2736777919639], [-115.311578469772, 36.2736730578825], [-115.311641213955, 36.2736734086352], [-115.312701697844, 36.2736793308075], [-115.312702682815, 36.2735971174002], [-115.312706711218, 36.2732619577051], [-115.312710695641, 36.2729298532302], [-115.31271468052, 36.2725976045328], [-115.312718676918, 36.272265230565], [-115.312722770724, 36.2719239692771], [-115.312722418976, 36.2718452777268], [-115.313843931035, 36.2718468006669], [-115.313843491999, 36.2719292127206], [-115.313837692926, 36.273023622945], [-115.313836523329, 36.2732444356653], [-115.313835906405, 36.2733607876927], [-115.313835253241, 36.2734841209491], [-115.313835057785, 36.2735209125508], [-115.313834622464, 36.273603206522], [-115.3138341943, 36.2736824460713], [-115.313822240192, 36.2736824011073], [-115.313821645686, 36.2737646956188], [-115.313818615975, 36.2741830817466], [-115.313815586248, 36.2746014588322], [-115.313812594566, 36.2750152304357], [-115.313812567574, 36.2750198449261], [-115.313810309705, 36.2753315167096], [-115.313809537754, 36.2754382219527], [-115.313808943148, 36.2755205344653], [-115.315037238971, 36.275526090326], [-115.315050466125, 36.2736869561999], [-115.31609036983, 36.2736749847559], [-115.316191555389, 36.2736738192435], [-115.316191094878, 36.2737567179285], [-115.316181842317, 36.2754302960452], [-115.316181990838, 36.2754536764688], [-115.316182362611, 36.2755124803795], [-115.317325540202, 36.2754988731642], [-115.317332655469, 36.2736606714229], [-115.318473744105, 36.2736475126885], [-115.319614843558, 36.2736343430896], [-115.319614886985, 36.273551929253], [-115.319615803238, 36.2718794953749], [-115.319615846648, 36.2717970824153], [-115.320753890021, 36.2717843728323], [-115.32075398137, 36.2718667860906], [-115.320754910799, 36.2727027722816], [-115.320755840226, 36.2735387484417], [-115.320755931564, 36.2736211625771], [-115.320756022905, 36.2737035758102], [-115.320756961485, 36.2745401295708], [-115.320757881573, 36.2753755466602], [-115.320757984034, 36.2754579607947], [-115.320758075368, 36.2755403740024], [-115.320758379839, 36.2758150756738], [-115.320758378529, 36.2758221146643], [-115.320759677468, 36.2769827924278], [-115.320759801337, 36.2770937113497], [-115.320760025231, 36.2772947494107], [-115.321907224854, 36.2772806160844], [-115.323054323919, 36.2772664814477], [-115.323053533318, 36.2771290959055], [-115.323053472906, 36.2768019313392], [-115.323053464271, 36.2767307653925], [-115.323053030091, 36.2764860129897], [-115.323052727052, 36.2763191133887], [-115.323052464833, 36.276170094357], [-115.323051994378, 36.2759060905201], [-115.323051231719, 36.2758541751553], [-115.32304629274, 36.2755145703537], [-115.323045906659, 36.2753482104114], [-115.32304589387, 36.2753446863801], [-115.323043048102, 36.27470480673], [-115.32304220244, 36.274513598382], [-115.323040883847, 36.2742167310616], [-115.323040348672, 36.2740962918694], [-115.323038494939, 36.2736789763149], [-115.323038132096, 36.2735978269836], [-115.32303811773, 36.2735947779223], [-115.322632493462, 36.2735994724245], [-115.321897030355, 36.2736079802128], [-115.321896804251, 36.2735255657812], [-115.321894481743, 36.2726898118798], [-115.321892159201, 36.2718540659731], [-115.321891933096, 36.2717716515173], [-115.321886835775, 36.2699353321721], [-115.321871602309, 36.2680980707986], [-115.321871518834, 36.2680897247564], [-115.321852945705, 36.2662608491443], [-115.321856358129, 36.2662608178495], [-115.322995136796, 36.2662504136879], [-115.322995709307, 36.2663327649829], [-115.322998308483, 36.2667065147501], [-115.323000892264, 36.2670782005272], [-115.323003469207, 36.2674485974345], [-115.323007668468, 36.2680511587701], [-115.323007914294, 36.2680877513046], [-115.323907712575, 36.2680789631522], [-115.324010087819, 36.2680779684389], [-115.32414576454, 36.2680766402333], [-115.324145462965, 36.2680240886001], [-115.324144571709, 36.2678690934064], [-115.324143707872, 36.2677189363437], [-115.324140138644, 36.26709821375], [-115.324135206336, 36.2662399744422], [-115.324135171949, 36.2662342142803], [-115.324135010918, 36.2662068294071], [-115.32413493699, 36.2661941743592], [-115.324124602609, 36.264439044695], [-115.324124464973, 36.2644156949009], [-115.32412442145, 36.2644083214238], [-115.324124399349, 36.2644045693416], [-115.323988718505, 36.2644056992449], [-115.323226929121, 36.2644120375856], [-115.322606853863, 36.2644171956653], [-115.322094446233, 36.2644214582379], [-115.321684089167, 36.2644248684764], [-115.321013645662, 36.2644304344491], [-115.320996003027, 36.2644305805169], [-115.320699482751, 36.2644330410047], [-115.320698701409, 36.2643506261289], [-115.320697390879, 36.2642125325362], [-115.320696751669, 36.2641451729726], [-115.320690763128, 36.2635139293942], [-115.3206860218, 36.2630144387182], [-115.320682032362, 36.2625948626818], [-115.320682492278, 36.2624574993692], [-115.320683815635, 36.2620655700576], [-115.320685138966, 36.2616736407201], [-115.320634877388, 36.2616740161327], [-115.320164177879, 36.2616775184676], [-115.319643212318, 36.2616813894298], [-115.319541450481, 36.2616811524268], [-115.319541447139, 36.261682146533], [-115.319540062388, 36.2620740937366], [-115.319538666482, 36.2624660408898], [-115.319538182306, 36.2626034041404], [-115.318394332039, 36.262611943672], [-115.318401178107, 36.2607693299914], [-115.318401167283, 36.2607692398392], [-115.318401478886, 36.2606868543619], [-115.318403039925, 36.2602674364112], [-115.318404589805, 36.2598480184064], [-115.318406476671, 36.259341978907], [-115.318408012452, 36.2589267157162], [-115.31726478393, 36.2589350566615], [-115.316121555204, 36.258943395692], [-115.316121218875, 36.2590258081661], [-115.316119987695, 36.2593317464794], [-115.316119523046, 36.259445297952], [-115.316117827184, 36.2598647877084], [-115.31611612013, 36.2602842864231], [-115.316114424204, 36.2607037761204], [-115.316114087849, 36.2607861885701], [-115.316117823244, 36.2608690066791], [-115.316114179211, 36.2614258752441], [-115.316111896857, 36.2617724669966], [-115.31610955319, 36.2621305147814], [-115.316107176918, 36.2624915907776], [-115.316106619867, 36.2626289808778], [-115.314962769093, 36.2626374785769], [-115.314962791289, 36.2626322917522], [-115.31419466833, 36.2626396065783], [-115.313769889199, 36.2626407806352], [-115.313677428311, 36.2626410408863], [-115.312683427199, 36.2626437798889], [-115.31261102101, 36.2626439855525], [-115.311623731871, 36.2626466948888], [-115.311596977421, 36.2626467693013], [-115.311597294443, 36.2625102709611], [-115.311597422988, 36.2624828001973], [-115.311599544294, 36.2620471066623], [-115.311600275311, 36.2618977533704], [-115.311601676659, 36.2616114221335], [-115.311603797887, 36.2611757285348], [-115.31160557814, 36.2608095499811], [-115.312542992622, 36.2608085123844], [-115.312644752271, 36.2608083993282], [-115.312646734838, 36.2607259978313], [-115.312666985671, 36.2598844745594], [-115.312674275497, 36.2593162481875], [-115.312678504328, 36.2589865697421], [-115.312680381681, 36.2588649604149], [-115.312695342137, 36.2578957069256], [-115.31269551697, 36.2578843809093], [-115.312705653229, 36.2572276638882], [-115.312706300995, 36.2571856917412], [-115.31270692467, 36.2571452192729], [-115.312658781369, 36.2571459395207], [-115.312637353932, 36.2571462587546], [-115.312614594366, 36.2571466002058], [-115.312600675543, 36.2571468084446], [-115.311623374152, 36.2571614194206], [-115.311611032295, 36.2571615995814], [-115.311575554795, 36.2571621021144], [-115.311546939302, 36.2571625102722], [-115.310533196164, 36.2571783102554], [-115.310517773791, 36.257178550874], [-115.30944058798, 36.2571953324976], [-115.308368685758, 36.2572120219309], [-115.307441326026, 36.2572264539572], [-115.307270190702, 36.2572291162635], [-115.306314140538, 36.2572439419985], [-115.30620906617, 36.2572455705731], [-115.306178458774, 36.2572459475957], [-115.305097137496, 36.257257590078], [-115.305099730586, 36.2573356723665], [-115.305096579306, 36.2578063162761], [-115.305093560069, 36.2581468252693], [-115.305248849553, 36.2581463509037], [-115.305636162949, 36.25814516605], [-115.306069173913, 36.2581455702879], [-115.306175665588, 36.2581456710777], [-115.306173121855, 36.2589643481409], [-115.306172866288, 36.2590467724699], [-115.305304510296, 36.2590520684223], [-115.305084620456, 36.2590534083434], [-115.30398335736, 36.2590653800606], [-115.303995883078, 36.2572754554681], [-115.303995896406, 36.2572738998865], [-115.303995914898, 36.2572718314876], [-115.303996472478, 36.2571914844024], [-115.303998924762, 36.2568396269272], [-115.304009107031, 36.2563682450292], [-115.304009706984, 36.2561997138832], [-115.304011645206, 36.2556552430302], [-115.304012288103, 36.2554746419926], [-115.304012434447, 36.2554335312458], [-115.302907317382, 36.255459466659], [-115.302908059024, 36.2552036817936], [-115.302909183706, 36.2548189153038], [-115.302910675301, 36.2543081161231], [-115.302912402387, 36.2537127230772], [-115.302912610643, 36.2536419900143], [-115.302911261053, 36.2536005170401], [-115.302992222091, 36.2535995802031], [-115.303926637603, 36.2535834000969], [-115.305104559478, 36.2535651755099], [-115.305105346211, 36.2536665481935], [-115.305105180596, 36.2536803040838], [-115.305102673556, 36.2541017839196], [-115.305100166442, 36.2545232727383], [-115.305096374674, 36.2551592321899], [-115.305095141024, 36.2553662322347], [-115.305094427163, 36.2554081275825], [-115.30617484762, 36.255390374091], [-115.3061842347, 36.2553902011637], [-115.306190188658, 36.2535780937693], [-115.30619617035, 36.2517614425225], [-115.306196265496, 36.2517313489083], [-115.306197849478, 36.251237430623], [-115.306198024434, 36.2511822148304], [-115.306187874838, 36.2508076496581], [-115.306202180119, 36.2498827969291], [-115.307294609834, 36.2498643300342], [-115.308386818767, 36.2498458571609], [-115.308383008427, 36.2506997168309], [-115.308382695894, 36.2507698674796], [-115.308280934814, 36.2507715649934], [-115.307785932514, 36.2507798234897], [-115.307541500436, 36.2507839000113], [-115.30735405149, 36.2507870259701], [-115.307290868924, 36.250788079796], [-115.307290166252, 36.2509581142282], [-115.307290126578, 36.2509678119417], [-115.307289128636, 36.2512091353678], [-115.30728825436, 36.251420676175], [-115.307287388318, 36.2516301900084], [-115.307283989158, 36.2517126747852], [-115.307287049381, 36.2517126277701], [-115.307287039864, 36.2517944191697], [-115.307285480517, 36.252215576933], [-115.307283898915, 36.2526367256024], [-115.307283597885, 36.2527191382017], [-115.307280768935, 36.2534790409544], [-115.307280456765, 36.2535614535164], [-115.30837073417, 36.253542036409], [-115.30837106745, 36.2534596238901], [-115.308374562797, 36.2526176698364], [-115.308376315953, 36.2521967017904], [-115.30837806917, 36.2517757066765], [-115.308378578408, 36.2516938803715], [-115.309458179305, 36.2516706974425], [-115.309455372215, 36.2524750382216], [-115.309460591702, 36.2535248075315], [-115.310551361381, 36.253507543765], [-115.310547863973, 36.2516508444851], [-115.312744759868, 36.2515985124463], [-115.312744622065, 36.2516191154646], [-115.312744272779, 36.2516397360301], [-115.312712978622, 36.2534733108474], [-115.312711981675, 36.2545551866726], [-115.312711333725, 36.255256415462], [-115.312713172734, 36.2552694512659], [-115.31380501669, 36.2552492230323], [-115.313824856989, 36.2534525950421], [-115.313825362706, 36.2533701468326], [-115.31383053684, 36.2525213014593], [-115.313835652584, 36.2516829287425], [-115.313836020688, 36.2516211015548], [-115.313836147109, 36.2516004894962], [-115.313836295784, 36.2515798774877], [-115.313836752905, 36.2515180504995], [-115.313839786223, 36.2510981035721], [-115.313842819464, 36.2506781656278], [-115.313845864929, 36.2502582186685], [-115.313848898076, 36.2498382806648], [-115.313849492706, 36.2497558416185], [-115.314772998041, 36.2497406516689], [-115.315017037988, 36.2497366369939], [-115.315017208803, 36.2497367960029], [-115.315024955197, 36.2478991882516], [-115.315068113363, 36.246060742743], [-115.315112076208, 36.2441880145044], [-115.315201471403, 36.2404792958682], [-115.315287516647, 36.2386192150118], [-115.315340022862, 36.2367632223245], [-115.315392526314, 36.2349072290273], [-115.315445027036, 36.2330512261076], [-115.315383967408, 36.2330563979547], [-115.313178933518, 36.2331365569233], [-115.312044376952, 36.2331777832839], [-115.310909819232, 36.2332190078935], [-115.308703080926, 36.2332972869146], [-115.307606330354, 36.2333330060324], [-115.307572332276, 36.2351452542483], [-115.30646078441, 36.2351895359704], [-115.306423753792, 36.2370276656391], [-115.306602306581, 36.2370222528553], [-115.307527210447, 36.2369942018259], [-115.307492963557, 36.2388112224357], [-115.3073009404, 36.2388162809986], [-115.306389301029, 36.2388402934342], [-115.305287242896, 36.238873205563], [-115.305290174997, 36.2387178678324], [-115.305319902914, 36.2371429910904], [-115.305321387947, 36.2370651244147], [-115.30529606721, 36.2370658749284], [-115.304208560264, 36.2370993400492], [-115.303091678081, 36.2371305994473], [-115.302014849807, 36.2371640516105], [-115.302032092973, 36.2362544954767], [-115.302049346794, 36.2353449392262], [-115.30208177843, 36.2335335364247], [-115.300980677507, 36.2335707888553], [-115.299874840988, 36.2336129229237], [-115.299537258034, 36.2336245423843], [-115.297671703057, 36.2336894928038], [-115.297646731269, 36.2345967048264], [-115.29761985177, 36.2354990812611], [-115.29760097715, 36.236405793825], [-115.297576797968, 36.2372995150766], [-115.296426578223, 36.2373065412701], [-115.296428525873, 36.2372241414705], [-115.296447776537, 36.2364101182897], [-115.295396974616, 36.2364140472183], [-115.295295243418, 36.2364144242328], [-115.295277221573, 36.2372723427301], [-115.295276358381, 36.2373135473919], [-115.29517463625, 36.2373141676701], [-115.294126127284, 36.237320542428], [-115.292975907184, 36.2373275264319], [-115.292961457635, 36.2382293906889], [-115.291872961446, 36.2382368608441], [-115.291814247008, 36.2382372630709], [-115.291826176471, 36.2373345005696], [-115.29067644563, 36.2373414636578], [-115.290677344323, 36.2372585476669], [-115.290681848215, 36.2368471303284], [-115.290686351474, 36.2364358661782], [-115.290584630639, 36.2364364374952], [-115.29018000473, 36.2364386913781], [-115.290059481751, 36.2364393603831], [-115.289627364626, 36.2364417613146], [-115.289534332839, 36.2364422809658], [-115.289074724463, 36.236444837711], [-115.288518357228, 36.2364479294093], [-115.288382314094, 36.23644868466], [-115.288246314346, 36.2364494398631], [-115.287734415885, 36.236452277071], [-115.28722250739, 36.2364551120637], [-115.286694904069, 36.2364580312326], [-115.286693716907, 36.2367431208543], [-115.286693206001, 36.236865694299], [-115.286844213853, 36.2368648428632], [-115.287220460709, 36.2368627193026], [-115.287218391446, 36.2372751248968], [-115.287217978178, 36.2373575679794], [-115.286154966121, 36.2373639640617], [-115.286062318014, 36.2373645243241], [-115.286036153721, 36.2373646819288], [-115.285510542598, 36.2373678396518], [-115.285150677587, 36.2373700004616], [-115.284948823011, 36.237371211454], [-115.284907296658, 36.2376327805116], [-115.284905709435, 36.2382763603269], [-115.284903477819, 36.2391854640185], [-115.286047455117, 36.2391773164263], [-115.286047432927, 36.2391790630601], [-115.286035812453, 36.2400836387157], [-115.287204573605, 36.2400745232218], [-115.287200023362, 36.2409800068525], [-115.287199244618, 36.2410201021498], [-115.287182131405, 36.2419005988893], [-115.287029608775, 36.241901969723], [-115.286734156663, 36.2419046444623], [-115.286607547551, 36.2419057815757], [-115.286321415339, 36.2419094427845], [-115.286032945401, 36.2419131335509], [-115.286024169345, 36.2409899879037], [-115.284899029967, 36.2409995251192], [-115.284819530237, 36.2410001983228], [-115.283757968647, 36.2410091831285], [-115.283751482002, 36.2410092389883], [-115.283754690282, 36.2401013998675], [-115.283660507378, 36.2401021283672], [-115.283134149984, 36.2401062254952], [-115.282608137484, 36.2401103121614], [-115.282606604813, 36.2396971506766], [-115.282605082443, 36.2392842045961], [-115.282604775078, 36.2392017894974], [-115.282604440664, 36.2391119125978], [-115.282602919124, 36.2386987501707], [-115.28260034311, 36.2382936605722], [-115.282600401059, 36.2378863964588], [-115.2826004595, 36.2374673804712], [-115.28259980704, 36.2373850185571], [-115.282599788893, 36.2373026140734], [-115.282599711, 36.236948236927], [-115.28259962439, 36.2366048472978], [-115.282599596955, 36.2364754849518], [-115.282599587585, 36.2364343593123], [-115.282599529517, 36.2362519932384], [-115.282599375777, 36.2355659241419], [-115.281755278884, 36.2355703427975], [-115.281530978423, 36.2355715166901], [-115.281440940477, 36.2355719925378], [-115.281441456672, 36.235492707825], [-115.281442400326, 36.23534419651], [-115.28144261138, 36.2353110027258], [-115.281446785275, 36.2346593825551], [-115.281447975882, 36.2338895521673], [-115.281448006435, 36.2338758166617], [-115.281448180362, 36.2337582255504], [-115.281448182998, 36.2337569610543], [-115.279118807223, 36.2337663513397], [-115.276822209496, 36.2336856833078], [-115.276786025081, 36.2336844189348], [-115.275669813529, 36.2336451960489], [-115.275666120892, 36.2349568289411], [-115.275665520153, 36.2353855783995], [-115.275660069129, 36.2354678426505], [-115.274500819423, 36.2354323466167], [-115.273325563725, 36.2353963382261], [-115.272177010296, 36.2353573233727], [-115.271028459463, 36.235320469598], [-115.269884813729, 36.2352844468319], [-115.269881152755, 36.2362015679967], [-115.269852922325, 36.2371253662531], [-115.269711603275, 36.2371236349537], [-115.267521289258, 36.23705636073], [-115.266327305835, 36.2370216130851], [-115.265152014177, 36.2369868581736], [-115.262838846565, 36.2369151508304], [-115.262833373156, 36.236999578368], [-115.262818981655, 36.2374533002394], [-115.262958538442, 36.237456494141], [-115.263524289146, 36.2374732664983], [-115.263511565488, 36.2378574417086], [-115.263479093988, 36.2378564986826], [-115.263001698739, 36.2378425791318], [-115.262945076678, 36.2378409286816], [-115.262806786349, 36.2378377480699], [-115.26277720327, 36.2387703551422], [-115.262731787766, 36.2404870101682], [-115.262731722252, 36.2405302986376], [-115.26272890555, 36.240623385559], [-115.261554795343, 36.2405941142294], [-115.261553342282, 36.2407314749262], [-115.2615521019, 36.241517284314], [-115.260547706578, 36.2414911632791], [-115.260380296229, 36.2414875029117], [-115.260369749801, 36.2442187460338], [-115.260366949758, 36.2451237633784], [-115.260535901154, 36.2451279506826], [-115.261239183319, 36.2451453843665], [-115.261586465756, 36.2451562600273], [-115.261912377475, 36.2451606330925], [-115.262611271842, 36.2451737387908], [-115.262712986186, 36.2451756517694], [-115.262713003442, 36.2451708822272], [-115.26272758185, 36.2442685190704], [-115.262853971241, 36.244270689123], [-115.265099105625, 36.2443227479216], [-115.265099105464, 36.2443227875776], [-115.266878726773, 36.2443634902164], [-115.267442830255, 36.244376391305], [-115.267969187683, 36.2443884205419], [-115.269799953645, 36.2444302429067], [-115.269793525933, 36.2450422341826], [-115.269790464769, 36.245334224711], [-115.269787394666, 36.245626773997], [-115.269652534988, 36.2456258526538], [-115.269289757324, 36.2456159060737], [-115.269077841039, 36.2456100951059], [-115.268943546548, 36.2456064165226], [-115.268593240603, 36.2455968160546], [-115.26859007138, 36.245915465275], [-115.268589417157, 36.2459815014461], [-115.268586902118, 36.2462341153795], [-115.268585583077, 36.246366050691], [-115.268583732784, 36.2465527744795], [-115.268581760069, 36.2467506008414], [-115.26858056345, 36.2468714245496], [-115.268577934949, 36.2471356646924], [-115.268577483063, 36.2471900829481], [-115.268574847743, 36.2475087343891], [-115.268574759142, 36.2475197298032], [-115.269632488517, 36.2475487174479], [-115.269764168182, 36.2475496178676], [-115.269760638432, 36.2478382326424], [-115.269761216305, 36.2480740349035], [-115.267649901637, 36.2480178714208], [-115.267411732414, 36.248011595249], [-115.267411715746, 36.248016289084], [-115.267411909331, 36.248016295003], [-115.267411678612, 36.2480266203868], [-115.267411339237, 36.2481203339388], [-115.267411285435, 36.2481353590763], [-115.267411257578, 36.2481431091305], [-115.267411262203, 36.2481508060948], [-115.267411224764, 36.2481515378372], [-115.267432047187, 36.2517581707681], [-115.26975401909, 36.2518061716898], [-115.269759318207, 36.2499313259512], [-115.269761211894, 36.2480787594149], [-115.272115914725, 36.2481429600629], [-115.272676931173, 36.2481585683939], [-115.272675926893, 36.2482942277393], [-115.272672523627, 36.2491990181948], [-115.272665470206, 36.2496541123325], [-115.273746257532, 36.2496873685807], [-115.273839479943, 36.2496887823687], [-115.273847840302, 36.2496841389606], [-115.273847950453, 36.2496841410481], [-115.273848007197, 36.2496841420962], [-115.273853118885, 36.2494248518682], [-115.273854305365, 36.2493646636925], [-115.273874838992, 36.2483231361655], [-115.273877535879, 36.2481863374569], [-115.274461528983, 36.2482022582261], [-115.274462098245, 36.2480660849037], [-115.274462103139, 36.2480648411463], [-115.274465367098, 36.2472749996663], [-115.274467124401, 36.246848218863], [-115.274469056996, 36.246379709084], [-115.274469098552, 36.2463719761841], [-115.274469187377, 36.2463491198792], [-115.274470952243, 36.2459218108774], [-115.274476254409, 36.2446384704964], [-115.274476291256, 36.2446296713641], [-115.274476594395, 36.2445560201881], [-115.274476673089, 36.2445388473417], [-115.274486857467, 36.2445390448782], [-115.275553211815, 36.2445709450576], [-115.275648610004, 36.2445737987652], [-115.275644759508, 36.2446693645363], [-115.275643943188, 36.245003655569], [-115.275643928031, 36.2450100771723], [-115.275643157325, 36.2453250628197], [-115.275643093946, 36.2453508826143], [-115.275642371446, 36.2456464700531], [-115.275642260956, 36.2456916880397], [-115.275641586663, 36.245967877272], [-115.275641429064, 36.2460324925473], [-115.275640856107, 36.2462666479909], [-115.275640593802, 36.2463733006319], [-115.275640586021, 36.2463764208533], [-115.275640019286, 36.2466106889599], [-115.27563975855, 36.2467141014868], [-115.275639226674, 36.2469320943043], [-115.275638934371, 36.2470549113636], [-115.27563844514, 36.2472535077714], [-115.275638087956, 36.247395712151], [-115.275637663622, 36.2475749131098], [-115.27563752602, 36.2476298819901], [-115.275637274871, 36.2477365211162], [-115.275636385235, 36.2480968525488], [-115.275650783902, 36.2481586319516], [-115.275668623043, 36.2482351741973], [-115.276190501587, 36.2482494053969], [-115.276253928622, 36.2482511337563], [-115.276248222737, 36.2483873497838], [-115.276248196428, 36.2483883861913], [-115.27623947597, 36.2486918806392], [-115.27623884534, 36.2487137080846], [-115.276230744312, 36.2489953741409], [-115.276229751691, 36.2490300889961], [-115.276222023702, 36.249298868556], [-115.276220646829, 36.2493464707625], [-115.276213291888, 36.2496023629262], [-115.276210302737, 36.2497065344897], [-115.27620945362, 36.2497358510272], [-115.276198402154, 36.2501202565505], [-115.276197615893, 36.2501477256185], [-115.275027339069, 36.2501193080807], [-115.27502812574, 36.2500918390223], [-115.275028138106, 36.2500915236053], [-115.275007621595, 36.2500909840348], [-115.274492271461, 36.2500773611559], [-115.274476661559, 36.2500769513285], [-115.274024929418, 36.2500650084322], [-115.273991793736, 36.2500641323261], [-115.273839422929, 36.2500604647531], [-115.273816066694, 36.2510736789987], [-115.273714334043, 36.2510721359101], [-115.272653549053, 36.2510464930459], [-115.27264275812, 36.2517822365655], [-115.272639788061, 36.251863498353], [-115.274358136975, 36.2518992415436], [-115.275542234728, 36.2519257003946], [-115.279058791376, 36.2519993548253], [-115.279034317755, 36.2529101300578], [-115.279008396118, 36.2538354481513], [-115.278982502152, 36.2547477156055], [-115.278955275315, 36.2556620344442], [-115.278930595128, 36.2565823441253], [-115.278916934398, 36.2569970439283], [-115.279088514426, 36.2569957229673], [-115.27961952898, 36.2569907454312], [-115.279629666043, 36.2565769378743], [-115.280119621383, 36.2565731426889], [-115.280098279383, 36.2573990697644], [-115.280096146948, 36.2574814865398], [-115.278900459501, 36.2574974123424], [-115.278876345882, 36.2584090167931], [-115.278846185675, 36.2593271670329], [-115.278816038511, 36.2602474892429], [-115.278785261004, 36.2611493785054], [-115.278751089373, 36.2620710781408], [-115.278721421092, 36.2629826704155], [-115.279953616022, 36.262946438721], [-115.279953182181, 36.2629809206139], [-115.279951894573, 36.263083645302], [-115.27995029653, 36.2634968432012], [-115.279948757014, 36.2638948997096], [-115.279949888499, 36.2642929539537], [-115.279951137105, 36.2646607254512], [-115.279950835893, 36.2647386043155], [-115.278733073645, 36.2647787166252], [-115.278744117487, 36.2665808218535], [-115.274182448708, 36.2665950116611], [-115.269751024194, 36.26661052267], [-115.269767909063, 36.2702374939017], [-115.274217639358, 36.2702042027483], [-115.27649454317, 36.2701889760169], [-115.278807468354, 36.2701721393054], [-115.279969907852, 36.270166504289], [-115.281129431402, 36.2701521352333], [-115.281111826969, 36.2719476681308], [-115.282283143682, 36.2719385181328], [-115.282627447595, 36.2719352862045], [-115.282626287755, 36.2718528676092], [-115.282625688812, 36.2718108142153], [-115.282621334189, 36.2715047080892], [-115.282620554214, 36.2714497821663], [-115.282633120724, 36.2714496695579], [-115.282821318018, 36.2714479344536], [-115.282938147824, 36.2715276036242], [-115.283346677854, 36.2718061428521], [-115.283449970014, 36.2718074581956], [-115.28344885469, 36.2718229015234], [-115.28344689833, 36.2719275892191], [-115.284561016804, 36.2719152361623], [-115.285760598805, 36.2719074025287], [-115.285867428373, 36.271906662459], [-115.286909437884, 36.2718994401185], [-115.288093016435, 36.2718850632241], [-115.288029041597, 36.2736844300836], [-115.286859865429, 36.2737035556762], [-115.286859554622, 36.2737857605708], [-115.286844676609, 36.2741881006188], [-115.286829765678, 36.2745991018467], [-115.287264899149, 36.2745963944933], [-115.287326709504, 36.2745960067291], [-115.28730927667, 36.2749680574904], [-115.287291564351, 36.275499579812], [-115.287945432709, 36.2754975103958], [-115.287922175456, 36.2759626489081], [-115.287901252033, 36.2764020976887], [-115.287858836342, 36.277301777219], [-115.287860563948, 36.2773017616593], [-115.287858828917, 36.2773049289718], [-115.288264383035, 36.2773031300262], [-115.288920095152, 36.2773002018455], [-115.288969903229, 36.2772999792657], [-115.288986170498, 36.2772999066457], [-115.288986544184, 36.2772922827485], [-115.28902980516, 36.2763982288487], [-115.289049114329, 36.275986823681], [-115.289060315167, 36.2757481331276], [-115.289068423585, 36.2755753373665], [-115.289069703486, 36.2755480903493], [-115.289069899667, 36.2754970027406], [-115.289072102496, 36.2754969937403], [-115.290181799457, 36.2754924502269], [-115.290158745635, 36.2759871065831], [-115.290121641727, 36.276783044852], [-115.290114681057, 36.2772138416949], [-115.29011385706, 36.2772948772417], [-115.290113447285, 36.2782241178633], [-115.290113188355, 36.2788049659498], [-115.290112323488, 36.278804360874], [-115.290112253366, 36.278906145676], [-115.290112192882, 36.2789934487592], [-115.290113032263, 36.2789952137177], [-115.290112321063, 36.2790112601366], [-115.290113053011, 36.2791090118786], [-115.290068445797, 36.2791091476443], [-115.290047353847, 36.2791092130848], [-115.288984229655, 36.2791125026417], [-115.288972845483, 36.2791125368087], [-115.288963547349, 36.2791125652943], [-115.288963545305, 36.2791131096613], [-115.288804138775, 36.2791139609336], [-115.287854703542, 36.2791190273335], [-115.2878558446, 36.2809427250516], [-115.288967360829, 36.2809251244327], [-115.290100391151, 36.2809231673611], [-115.290112246403, 36.2809231468602], [-115.290112310034, 36.2807793544056], [-115.290112572875, 36.2801820158334], [-115.290112582421, 36.2801607141467], [-115.290112610809, 36.28009687578], [-115.29011292462, 36.2793989942622], [-115.290113053011, 36.2791090118786], [-115.290308789198, 36.2791086895117], [-115.290565348881, 36.2791079028754], [-115.290818111622, 36.2791071244268], [-115.290957222987, 36.2791066895174], [-115.291096322073, 36.2791062634289], [-115.291235432291, 36.2791058372058], [-115.29137453141, 36.279105401781], [-115.29151364274, 36.279104975237], [-115.291652752956, 36.2791045485284], [-115.291791852075, 36.2791041126182], [-115.291944531565, 36.2791036465476], [-115.292097212202, 36.279103171272], [-115.29226892655, 36.2791026429885], [-115.29228589096, 36.2791025851364], [-115.292370701778, 36.2791023228506], [-115.292371361922, 36.2799184094696], [-115.292371609397, 36.2802239352918], [-115.292371610074, 36.2802243525853], [-115.29237169973, 36.2803360608327], [-115.292371729711, 36.2803729709527], [-115.292371874004, 36.2805554350764], [-115.292372040123, 36.2807629097166], [-115.292372156426, 36.2809112252331], [-115.292372158828, 36.2809132774492], [-115.292372166227, 36.2809190816984], [-115.292372651568, 36.2809190810767], [-115.292372658899, 36.2809192054709], [-115.2936119502, 36.2809170238843], [-115.29574615168, 36.2809132374312], [-115.296892011369, 36.2809111954893], [-115.296890635448, 36.2804947529604], [-115.296890064696, 36.2803219341789], [-115.296888336767, 36.2797986270865], [-115.296887860014, 36.2796579661247], [-115.296887554776, 36.2795678528711], [-115.296885928714, 36.2790882597677], [-115.296880418278, 36.2774017892849], [-115.296879974345, 36.2772646361225], [-115.296879732796, 36.2772646373464], [-115.296879971688, 36.2772644495514], [-115.296880219703, 36.2772584133801], [-115.296723167476, 36.2772651616998], [-115.295752282104, 36.2772695742972], [-115.295749508189, 36.2772695865535], [-115.294624981114, 36.2772746361715], [-115.294630278395, 36.2771510025282], [-115.294699436169, 36.2755392826539], [-115.294702967622, 36.2754568331604], [-115.29470329303, 36.2754491685677], [-115.295395147229, 36.2754528317525], [-115.295829735782, 36.2754503181547], [-115.296954472333, 36.275442300557], [-115.298075998803, 36.2754476757571], [-115.298243561937, 36.275448452955], [-115.299198527854, 36.2754528805916], [-115.300320800073, 36.2754583635927], [-115.300318168567, 36.2755407486993], [-115.300304900519, 36.2759561303583], [-115.300292069039, 36.2763578370122], [-115.300291441451, 36.2763775158554], [-115.300283733841, 36.2766187772094], [-115.300275397471, 36.2768797164904], [-115.300266871444, 36.2771466154678], [-115.300266440969, 36.2771600984824], [-115.300263482561, 36.2772839722622], [-115.300252253741, 36.2772839060267], [-115.299215647746, 36.2772779364056], [-115.299149137439, 36.2772775548571], [-115.299135647946, 36.2772774741319], [-115.299134976482, 36.2772772382037], [-115.299134968967, 36.2772774689133], [-115.299135647946, 36.2772774741319], [-115.299135923373, 36.2774010932906], [-115.299136018891, 36.2774422999854], [-115.299136478421, 36.277650245025], [-115.299136810788, 36.2778011469208], [-115.299137252028, 36.2780018537348], [-115.29913758439, 36.2781527565231], [-115.299138025596, 36.2783534723381], [-115.299138357988, 36.2785043661048], [-115.299138805465, 36.2787033514679], [-115.299139124754, 36.2788486473532], [-115.29913957143, 36.279051230607], [-115.299139642293, 36.2790835776635], [-115.299139686933, 36.2791031986042], [-115.30022054719, 36.2791104958412], [-115.30026539882, 36.2791107984937], [-115.300828795184, 36.2791144722663], [-115.300828904679, 36.2791968376727], [-115.300828926541, 36.2792133212086], [-115.300829134713, 36.2793677711074], [-115.300829318775, 36.2795051254937], [-115.300829503942, 36.279642481682], [-115.300829704603, 36.2797925279051], [-115.300310335868, 36.2797935404343], [-115.300266504314, 36.2797936259597], [-115.300266876244, 36.2800241882949], [-115.300267132643, 36.2801791538169], [-115.300267254865, 36.2802532049446], [-115.300268386021, 36.2809363144411], [-115.300269199713, 36.2809363226761], [-115.300796409237, 36.2809415170436], [-115.301354830299, 36.2809471612236], [-115.302387268306, 36.2809515956682], [-115.302469002135, 36.2809519462855], [-115.303639213746, 36.2809621335411], [-115.304765409038, 36.2809729368557], [-115.305891638105, 36.2809837296433], [-115.30589054981, 36.2828009421267], [-115.307004736806, 36.2828121742189], [-115.307005695228, 36.2827297635548], [-115.307007540821, 36.2825699946243], [-115.307010436802, 36.2823194036021], [-115.307015178345, 36.2819090346081], [-115.307016025131, 36.2814919510751], [-115.307016871893, 36.2810748675129], [-115.307016630559, 36.2809885875678]]]}, "properties": {"OBJECTID": 122, "AREA": 3958820761.34226, "PERIMETER": 1183106.57009381, "CNTY_IS": 0, "SYMBOL": 83, "ACRES": 90887.93814579, "SQ_MILES": 142.01240337, "Shape__Area": 3959062749.341797, "Shape__Length": 1180962.7847325928}}, {"type": "Feature", "id": 128, "geometry": {"type": "Polygon", "coordinates": [[[-115.326522925249, 36.3248580244376], [-115.32766392063, 36.3248388579443], [-115.327663035566, 36.3248728322148], [-115.327637434122, 36.3258549965505], [-115.326673858786, 36.3259201581485], [-115.32649507495, 36.32593224772], [-115.326522925249, 36.3248580244376]]]}, "properties": {"OBJECTID": 128, "AREA": 127810.97156317, "PERIMETER": 1434.95041302, "CNTY_IS": 57, "SYMBOL": 0, "ACRES": 2.93414791, "SQ_MILES": 0.00458461, "Shape__Area": 127810.97265625, "Shape__Length": 1434.9504130112632}}, {"type": "Feature", "id": 129, "geometry": {"type": "Polygon", "coordinates": [[[-115.32406056085, 36.3249012961975], [-115.324240933011, 36.3248963247426], [-115.324226214025, 36.3254700264897], [-115.324208240536, 36.3260140413337], [-115.323312304753, 36.3260555270556], [-115.323053669601, 36.3260675017313], [-115.323079588997, 36.3249283294839], [-115.32406056085, 36.3249012961975]]]}, "properties": {"OBJECTID": 129, "AREA": 140103.5738951, "PERIMETER": 1504.687661, "CNTY_IS": 57, "SYMBOL": 0, "ACRES": 3.21634835, "SQ_MILES": 0.00502554, "Shape__Area": 140103.572265625, "Shape__Length": 1504.6876609922208}}, {"type": "Feature", "id": 130, "geometry": {"type": "Polygon", "coordinates": [[[-115.320581111685, 36.3249971353743], [-115.320756886105, 36.3249922969654], [-115.320736969303, 36.3261747419743], [-115.319476933297, 36.3262330462737], [-115.319478520227, 36.3261184800882], [-115.31949364055, 36.325027062223], [-115.319595528345, 36.3250242588065], [-115.320581111685, 36.3249971353743]]]}, "properties": {"OBJECTID": 130, "AREA": 161466.18620637, "PERIMETER": 1613.60162389, "CNTY_IS": 57, "SYMBOL": 0, "ACRES": 3.70676841, "SQ_MILES": 0.00579183, "Shape__Area": 161466.185546875, "Shape__Length": 1613.6016238803659}}, {"type": "Feature", "id": 131, "geometry": {"type": "Polygon", "coordinates": [[[-115.315907638794, 36.3258888852391], [-115.315896087417, 36.3258468781486], [-115.315882686359, 36.3258051003473], [-115.315867501891, 36.3257637160144], [-115.315850533771, 36.3257227963493], [-115.315831815293, 36.3256823774765], [-115.315811356329, 36.3256425044809], [-115.315789203414, 36.3256032495676], [-115.315765355375, 36.3255646307585], [-115.315739867686, 36.3255267112657], [-115.315712751335, 36.3254895361766], [-115.315684050719, 36.3254531506529], [-115.315653799099, 36.3254175998316], [-115.31562202974, 36.3253829279484], [-115.315588787094, 36.3253491639425], [-115.315554104364, 36.3253163700747], [-115.315518037147, 36.3252845735065], [-115.315480607595, 36.3252538103372], [-115.315441882381, 36.3252241257786], [-115.315326475111, 36.3251416710609], [-115.315549971671, 36.325135525998], [-115.31557149882, 36.3251349352223], [-115.315661289703, 36.3252074480912], [-115.315756617313, 36.3252992127399], [-115.315841688723, 36.3253973452792], [-115.315915869357, 36.3255011034655], [-115.315973322164, 36.3256005918154], [-115.315978583807, 36.3256097028262], [-115.316029355939, 36.3257223131441], [-115.316053924145, 36.3257914505775], [-115.316079405437, 36.3258802386757], [-115.316107777716, 36.3258788150121], [-115.316107139582, 36.3260138421412], [-115.316102570786, 36.3269800241532], [-115.316000661226, 36.3269851588313], [-115.314946906362, 36.3270380903646], [-115.314947155481, 36.3268852253264], [-115.314948699294, 36.325937135019], [-115.315300945475, 36.3259194133049], [-115.315907638794, 36.3258888852391]]]}, "properties": {"OBJECTID": 131, "AREA": 152620.2876468, "PERIMETER": 2149.37230527, "CNTY_IS": 57, "SYMBOL": 0, "ACRES": 3.50369371, "SQ_MILES": 0.00547452, "Shape__Area": 152620.291015625, "Shape__Length": 2149.3723052674623}}, {"type": "Feature", "id": 132, "geometry": {"type": "Polygon", "coordinates": [[[-115.320563525244, 36.3351246516134], [-115.319853483516, 36.3343497873477], [-115.317160062304, 36.3343714701915], [-115.317176336801, 36.3332875733602], [-115.316473115905, 36.3325165074215], [-115.316050991989, 36.3320536619021], [-115.315256641662, 36.3311826411915], [-115.314921210558, 36.3308148276843], [-115.314942018582, 36.3289894260505], [-115.315118460027, 36.329182010138], [-115.315964416715, 36.3301053400901], [-115.315981901097, 36.3288021921776], [-115.316093958425, 36.3288008204878], [-115.316206015781, 36.3287994396802], [-115.317243918371, 36.3287866765497], [-115.317242251111, 36.3288976761381], [-115.317215969246, 36.3306478964918], [-115.316544847503, 36.3306553139053], [-115.316492939231, 36.3306558829932], [-115.315885161132, 36.3310419278275], [-115.317566306862, 36.3328805881583], [-115.318158877626, 36.3325004044907], [-115.318331202924, 36.3324987588428], [-115.318902796002, 36.3324932923444], [-115.318879993707, 36.333300989724], [-115.318292132894, 36.3336743917744], [-115.318807218691, 36.3342377104632], [-115.318847593876, 36.3342818629437], [-115.319448093249, 36.3339004287479], [-115.319457192722, 36.3334119681716], [-115.320452778051, 36.3334106111176], [-115.32059860057, 36.3334104090305], [-115.320578443297, 36.3342615266692], [-115.320579458703, 36.3343439320849], [-115.320563525244, 36.3351246516134]]]}, "properties": {"OBJECTID": 132, "AREA": 1026068.92871981, "PERIMETER": 9219.00503361, "CNTY_IS": 57, "SYMBOL": 0, "ACRES": 23.55539562, "SQ_MILES": 0.03680531, "Shape__Area": 1026068.927734375, "Shape__Length": 9219.005033629192}}, {"type": "Feature", "id": 133, "geometry": {"type": "Polygon", "coordinates": [[[-115.278592784379, 36.3283216405041], [-115.278570652501, 36.3248169939149], [-115.278686906803, 36.3248185295207], [-115.278803157769, 36.324820065005], [-115.278820932875, 36.3248202995574], [-115.280772323877, 36.3248460563597], [-115.280782467166, 36.3239635076089], [-115.28092225247, 36.3239646481589], [-115.281025346095, 36.3239656669116], [-115.281917625188, 36.3239744815429], [-115.282950946396, 36.3239846805033], [-115.283052791782, 36.3239853455785], [-115.283053619047, 36.3239023865234], [-115.283061001908, 36.3231624458576], [-115.283061660921, 36.3230969196639], [-115.28295981335, 36.3230962545932], [-115.282885087629, 36.3230957107863], [-115.281953935846, 36.3230889368988], [-115.281927139501, 36.3230887431547], [-115.280894453662, 36.3230812227646], [-115.280792614264, 36.3230804720497], [-115.280792757045, 36.3230680249504], [-115.280802326263, 36.3222361628993], [-115.280802762973, 36.322198094291], [-115.280700922507, 36.3221976292008], [-115.278706453773, 36.3221886063555], [-115.27855404831, 36.322187504046], [-115.278548518836, 36.3213118775076], [-115.278572679584, 36.3175976629521], [-115.278766202369, 36.3175981471675], [-115.27973019047, 36.3175999234458], [-115.28076369415, 36.3176018499003], [-115.280967362503, 36.3176023652446], [-115.281997001845, 36.317604280274], [-115.283128976657, 36.3176064434814], [-115.283137683668, 36.3157597453336], [-115.283139149083, 36.3148256861782], [-115.283236024004, 36.3148259294128], [-115.283713517489, 36.3148271271613], [-115.283716248407, 36.3143803451154], [-115.283718446617, 36.3140215421629], [-115.283718612753, 36.3139941321655], [-115.283718725225, 36.3139941333486], [-115.283719537735, 36.3139133434755], [-115.284272977616, 36.3139150952175], [-115.284267539861, 36.3148285144852], [-115.284268969661, 36.3152880328977], [-115.284270155158, 36.3156715643626], [-115.284267720234, 36.3157609014333], [-115.285406153872, 36.3157620497531], [-115.285507986418, 36.3157621142373], [-115.28653072419, 36.3157627652637], [-115.287646418771, 36.3157634662662], [-115.287640832005, 36.3167001469671], [-115.287635349952, 36.3176149448836], [-115.286526868783, 36.317614018289], [-115.286526302209, 36.3185360203451], [-115.287629824598, 36.3185411526605], [-115.287613198419, 36.3213268148384], [-115.287613140131, 36.32140474227], [-115.287610445459, 36.3250210736684], [-115.287610390243, 36.3251034857858], [-115.287609762266, 36.3259447146398], [-115.287609067877, 36.326868346428], [-115.287608385045, 36.3277918429114], [-115.287607831855, 36.3285424758276], [-115.286424585947, 36.3285135226951], [-115.285276345675, 36.3284854112295], [-115.279948637647, 36.3283548938435], [-115.278592784379, 36.3283216405041]]]}, "properties": {"OBJECTID": 133, "AREA": 10609712.8190849, "PERIMETER": 19206.27041663, "CNTY_IS": 57, "SYMBOL": 0, "ACRES": 243.56646598, "SQ_MILES": 0.3805726, "Shape__Area": 10609712.818359375, "Shape__Length": 19206.27041661479}}, {"type": "Feature", "id": 134, "geometry": {"type": "Polygon", "coordinates": [[[-115.282971159026, 36.3322795752259], [-115.282974930173, 36.331938453034], [-115.283008275306, 36.3319396634152], [-115.283211988158, 36.3319470247798], [-115.283913863927, 36.331972389446], [-115.284233863024, 36.3319839518456], [-115.284796322191, 36.332004275751], [-115.285342832999, 36.3320240164857], [-115.286286827558, 36.3320581091059], [-115.286481151153, 36.332065126119], [-115.287468692767, 36.332100787529], [-115.287604675094, 36.3321129216986], [-115.28760442253, 36.3323978396487], [-115.28760115252, 36.336080346813], [-115.286293040418, 36.3360682027489], [-115.284064778901, 36.3360474826934], [-115.284074684719, 36.3351331802073], [-115.284078535568, 36.3347574991417], [-115.284082261959, 36.3343939578459], [-115.284084826488, 36.3341437095568], [-115.284088490676, 36.3337617533196], [-115.283274069278, 36.3337261796594], [-115.282955312292, 36.3337121951865], [-115.282955412847, 36.3337031214533], [-115.282959933267, 36.3332945411664], [-115.282969297965, 36.332448099055], [-115.282970221976, 36.332364084974], [-115.282971159026, 36.3322795752259]]]}, "properties": {"OBJECTID": 134, "AREA": 1732507.26001378, "PERIMETER": 5663.12035758, "CNTY_IS": 57, "SYMBOL": 0, "ACRES": 39.77305303, "SQ_MILES": 0.0621454, "Shape__Area": 1732507.255859375, "Shape__Length": 5663.120357572836}}, {"type": "Feature", "id": 135, "geometry": {"type": "Polygon", "coordinates": [[[-115.260205033721, 36.3164021027279], [-115.260195488367, 36.3154580106829], [-115.261363221527, 36.3154742209895], [-115.261355309303, 36.3144004122345], [-115.262390889516, 36.3144174281049], [-115.262470774633, 36.314416741279], [-115.262465210012, 36.3135979104595], [-115.263647725891, 36.3136198972007], [-115.263662827979, 36.3155070883087], [-115.264804267989, 36.3155236363124], [-115.264813597041, 36.3163801689471], [-115.264824181505, 36.3173519053861], [-115.264824692573, 36.3174343280673], [-115.264825251824, 36.3175240692037], [-115.26483049028, 36.3183634304373], [-115.264836436691, 36.3193162184784], [-115.264721840249, 36.3193152371328], [-115.262544941542, 36.3193094059654], [-115.262415533759, 36.3193082024056], [-115.261482906009, 36.3192994797672], [-115.261371505122, 36.3192984371197], [-115.260395376836, 36.3192893058234], [-115.26022563226, 36.3192877205305], [-115.260211238826, 36.3174593673102], [-115.260214935335, 36.3173813361753], [-115.260205033721, 36.3164021027279]]]}, "properties": {"OBJECTID": 135, "AREA": 2254324.66467029, "PERIMETER": 6866.66629348, "CNTY_IS": 57, "SYMBOL": 0, "ACRES": 51.75238021, "SQ_MILES": 0.08086309, "Shape__Area": 2254324.66796875, "Shape__Length": 6866.666293481213}}, {"type": "Feature", "id": 136, "geometry": {"type": "Polygon", "coordinates": [[[-115.224498318194, 36.3154360019281], [-115.224454223084, 36.3144775551187], [-115.22558055283, 36.3145078071067], [-115.2266935197, 36.3145478685263], [-115.226607169299, 36.3126141637021], [-115.232199271416, 36.3127763385302], [-115.233310836053, 36.3128189749048], [-115.233381056111, 36.3147883544229], [-115.23341332967, 36.3159061137406], [-115.233438669109, 36.3167836718964], [-115.233467079888, 36.3177677916766], [-115.233495472146, 36.3187512082445], [-115.233523798937, 36.3197319657057], [-115.23352993026, 36.3207300624867], [-115.229146256404, 36.3204804701718], [-115.229117560309, 36.3194826497863], [-115.229092455375, 36.3186093684551], [-115.229090078559, 36.3185267148815], [-115.227981077384, 36.3184761515883], [-115.227977800119, 36.3183933952758], [-115.227976629266, 36.3183667322057], [-115.227939031739, 36.3175086754863], [-115.227938524196, 36.3174970800284], [-115.227896555894, 36.3166175211733], [-115.227892905643, 36.3165409103927], [-115.226780339087, 36.3164921730207], [-115.224557626541, 36.3163972070572], [-115.224498318194, 36.3154360019281]]]}, "properties": {"OBJECTID": 136, "AREA": 5353279.02910732, "PERIMETER": 10943.23047918, "CNTY_IS": 57, "SYMBOL": 0, "ACRES": 122.89486782, "SQ_MILES": 0.19202323000000002, "Shape__Area": 5353279.02734375, "Shape__Length": 10943.230479178186}}, {"type": "Feature", "id": 137, "geometry": {"type": "Polygon", "coordinates": [[[-115.27461128298, 36.3100074010538], [-115.274616571876, 36.3090443112687], [-115.274931433202, 36.3090616352656], [-115.275150588074, 36.3090736925599], [-115.275152202267, 36.3099453461669], [-115.27515236067, 36.3100324285056], [-115.274785396525, 36.3100154546042], [-115.27461128298, 36.3100074010538]]]}, "properties": {"OBJECTID": 137, "AREA": 55403.97799032, "PERIMETER": 1016.96699265, "CNTY_IS": 57, "SYMBOL": 0, "ACRES": 1.27190541, "SQ_MILES": 0.00198735, "Shape__Area": 55403.978515625, "Shape__Length": 1016.9669926406857}}, {"type": "Feature", "id": 138, "geometry": {"type": "Polygon", "coordinates": [[[-115.269379019818, 36.3096685312911], [-115.269377093207, 36.3084464059176], [-115.271295629452, 36.3085363730264], [-115.271693400155, 36.308555022376], [-115.271693337659, 36.3093710369473], [-115.27169246751, 36.3098723147746], [-115.269847534799, 36.3097869001598], [-115.269379166732, 36.3097652112554], [-115.269379019818, 36.3096685312911]]]}, "properties": {"OBJECTID": 138, "AREA": 327255.22567705, "PERIMETER": 2325.86698793, "CNTY_IS": 57, "SYMBOL": 0, "ACRES": 7.51277628, "SQ_MILES": 0.01173871, "Shape__Area": 327255.2265625, "Shape__Length": 2325.866987918046}}, {"type": "Feature", "id": 139, "geometry": {"type": "Polygon", "coordinates": [[[-115.263259133127, 36.3094877654225], [-115.263257644947, 36.3094050516056], [-115.264043786352, 36.3094513198041], [-115.264768028091, 36.3094939407922], [-115.264764938867, 36.3095689914876], [-115.264769083193, 36.3104554514482], [-115.263965201743, 36.310408143804], [-115.263963850525, 36.3101196418067], [-115.263569044609, 36.3100964097118], [-115.263262365024, 36.3100783620828], [-115.263259133127, 36.3094877654225]]]}, "properties": {"OBJECTID": 139, "AREA": 133565.78276078, "PERIMETER": 1591.01751786, "CNTY_IS": 57, "SYMBOL": 0, "ACRES": 3.06626072, "SQ_MILES": 0.00479103, "Shape__Area": 133565.78125, "Shape__Length": 1591.0175178633078}}, {"type": "Feature", "id": 140, "geometry": {"type": "Polygon", "coordinates": [[[-115.260163136167, 36.3114160508026], [-115.260145421288, 36.309221822524], [-115.262369888374, 36.3093527949997], [-115.262436509162, 36.3093567141279], [-115.262441752216, 36.3098025717612], [-115.262444428499, 36.3100302134688], [-115.262455381324, 36.3109607999497], [-115.262456281938, 36.3122818726462], [-115.262458106554, 36.31255132201], [-115.262458745592, 36.3126453904484], [-115.261327390697, 36.3126077115609], [-115.261325238425, 36.3122509910808], [-115.2613205806, 36.3115368082591], [-115.261321115417, 36.3114869107345], [-115.261321465488, 36.3114543171486], [-115.260333518478, 36.3114211438207], [-115.260163136167, 36.3114160508026]]]}, "properties": {"OBJECTID": 140, "AREA": 672436.10911422, "PERIMETER": 3767.76776659, "CNTY_IS": 57, "SYMBOL": 0, "ACRES": 15.43707068, "SQ_MILES": 0.02412042, "Shape__Area": 672436.107421875, "Shape__Length": 3767.767766597347}}, {"type": "Feature", "id": 141, "geometry": {"type": "Polygon", "coordinates": [[[-115.253414894323, 36.3082733078362], [-115.25341427397, 36.3082046074897], [-115.253312451601, 36.3082044886785], [-115.252310438627, 36.3082033857482], [-115.251308415726, 36.3082022743918], [-115.25124045127, 36.3082017836889], [-115.251172695044, 36.3082012944271], [-115.251163189676, 36.3071747865212], [-115.25114445103, 36.3051370060629], [-115.251279865461, 36.3051367423408], [-115.253386571806, 36.3051325528671], [-115.253387389124, 36.3051325515176], [-115.253387805955, 36.305269911252], [-115.253387807806, 36.3052700004831], [-115.253393414647, 36.3058916233321], [-115.25339580734, 36.3061568043834], [-115.253463686795, 36.3061569664602], [-115.253497629388, 36.3061568960782], [-115.254008002119, 36.3061558245642], [-115.254518370396, 36.3061547517604], [-115.255028743133, 36.3061536758887], [-115.255315871087, 36.3061530697595], [-115.255468146205, 36.3061527475158], [-115.255539111419, 36.3061525978259], [-115.255640930306, 36.3061523812536], [-115.255742750292, 36.3061521682026], [-115.255838982608, 36.3061519622905], [-115.256758866835, 36.3061500155162], [-115.256759405386, 36.3061503765954], [-115.256762308686, 36.3065596807134], [-115.256766089272, 36.3070924075644], [-115.256766669895, 36.3071748125661], [-115.257886704026, 36.3071733514311], [-115.25787890496, 36.3062081105802], [-115.257877915815, 36.3061476315376], [-115.257870311766, 36.3052603593294], [-115.257869143259, 36.3051235338034], [-115.260112210747, 36.3051189480347], [-115.260134675612, 36.3079023358887], [-115.260144658981, 36.3091394080547], [-115.260145421288, 36.309221822524], [-115.259975624734, 36.3092219311769], [-115.257903996516, 36.3092232676674], [-115.257902052405, 36.3089927735196], [-115.257901486923, 36.3089257316871], [-115.257899669354, 36.3087106108871], [-115.257895352244, 36.3081979540902], [-115.257794107762, 36.3081981110513], [-115.25728316289, 36.3081988726784], [-115.256773676757, 36.3081996361063], [-115.256783047646, 36.3091409080104], [-115.25678387212, 36.3092233217614], [-115.253423467113, 36.3092234227862], [-115.253421759619, 36.309034787067], [-115.253417870277, 36.3086030620933], [-115.253417418529, 36.3085530194677], [-115.253414894323, 36.3082733078362]]]}, "properties": {"OBJECTID": 141, "AREA": 2953907.5692906, "PERIMETER": 10502.09377681, "CNTY_IS": 57, "SYMBOL": 0, "ACRES": 67.81265806, "SQ_MILES": 0.10595728, "Shape__Area": 2953907.560546875, "Shape__Length": 10502.093776816675}}, {"type": "Feature", "id": 142, "geometry": {"type": "Polygon", "coordinates": [[[-115.233310836053, 36.3128189749048], [-115.233235744438, 36.3098850191786], [-115.234360224274, 36.3099090902898], [-115.234337004452, 36.3089300037489], [-115.233210717158, 36.308907369193], [-115.232085610879, 36.3088847455228], [-115.232054542834, 36.3079115396204], [-115.232043592929, 36.307594619137], [-115.232043676252, 36.3075710781437], [-115.232026180326, 36.3070229619889], [-115.232027879334, 36.30694705279], [-115.230890746279, 36.3069259688373], [-115.230958957636, 36.3088620796674], [-115.228699718647, 36.3088165993689], [-115.228559125935, 36.3050741726762], [-115.228576294951, 36.3031617549021], [-115.228600567948, 36.3013424591286], [-115.229721420797, 36.3013457794666], [-115.229731334932, 36.3004345924855], [-115.228612744231, 36.3004312789847], [-115.228624819834, 36.299527497858], [-115.228648512026, 36.2978358376504], [-115.228649491404, 36.2976195068806], [-115.228692126155, 36.2941063701564], [-115.228745895075, 36.290486029766], [-115.227638236832, 36.2904870660448], [-115.226503866122, 36.2904890938798], [-115.224897345917, 36.2904910484625], [-115.224901089647, 36.2903565074556], [-115.224923050259, 36.2895688400436], [-115.22508048645, 36.289568060869], [-115.225186576885, 36.2895675359852], [-115.225304390448, 36.289566953278], [-115.225404222975, 36.2895664599348], [-115.225528179776, 36.2895658449245], [-115.225639987046, 36.2895652907799], [-115.225716681701, 36.2895649109178], [-115.225852167912, 36.289564239024], [-115.225965520448, 36.2895636774782], [-115.22596880842, 36.2893755930019], [-115.225973224086, 36.2891230626079], [-115.225975901795, 36.288969922336], [-115.225977232916, 36.2888938262461], [-115.225980083971, 36.2887307427172], [-115.225980488396, 36.2886420485341], [-115.225773807177, 36.2886414306839], [-115.225496930833, 36.2886406024334], [-115.225290703669, 36.2886402654036], [-115.224960792101, 36.2886399674738], [-115.224725167388, 36.28863975406], [-115.224560265052, 36.2886396036877], [-115.224493892209, 36.2886395433206], [-115.224324199471, 36.2886393944699], [-115.22436891622, 36.2868069530783], [-115.226576675746, 36.2868158044369], [-115.227683606996, 36.2868212468541], [-115.227680627802, 36.2867368876176], [-115.227692412453, 36.2859061971308], [-115.227334352217, 36.2859036626021], [-115.227392281716, 36.2831513692539], [-115.228872514758, 36.2831644183141], [-115.228907339629, 36.2813711134185], [-115.228942281249, 36.2795540146145], [-115.228840753067, 36.2795537136966], [-115.224619346742, 36.2795151598548], [-115.224481713336, 36.2795064822235], [-115.22455816622, 36.2758888712106], [-115.233519120287, 36.2759697293477], [-115.233575740777, 36.2742185380225], [-115.238010998316, 36.2743027729365], [-115.238010581689, 36.2743341902739], [-115.23800468182, 36.2747766203544], [-115.237988184719, 36.2760127307304], [-115.239386867792, 36.2760246116639], [-115.240217214916, 36.2760316564733], [-115.24245117738, 36.2760505727561], [-115.24245055011, 36.2759132252793], [-115.24244552229, 36.2748166696771], [-115.242445286061, 36.2747660352198], [-115.242626123806, 36.2747721564902], [-115.243101073867, 36.2748130476813], [-115.243406064668, 36.2748393039603], [-115.243711045661, 36.274865559434], [-115.243974000567, 36.274888197926], [-115.244016036883, 36.2748918141594], [-115.244395377438, 36.274924470622], [-115.244393328416, 36.2744560427926], [-115.244391255365, 36.2739828741366], [-115.244390151991, 36.2737308547694], [-115.245404392093, 36.2737935788011], [-115.245403296873, 36.2746339921304], [-115.245561376081, 36.2749697059471], [-115.245588421236, 36.2750271576742], [-115.245799893897, 36.2750376867936], [-115.246070043386, 36.2749978013169], [-115.246111361067, 36.2751323163767], [-115.246917213088, 36.2750949567802], [-115.247025044707, 36.2750985947914], [-115.247024260008, 36.2747858762074], [-115.249297883164, 36.274948061202], [-115.249404720666, 36.2749548487635], [-115.250779581102, 36.2750576851429], [-115.250779234649, 36.2749792820108], [-115.250775788738, 36.2742144821568], [-115.250964085555, 36.2742279840142], [-115.251121674818, 36.2742381556777], [-115.251118425999, 36.2750049648052], [-115.251118095348, 36.2750830055447], [-115.251598415673, 36.2751189208911], [-115.252773725216, 36.2752068142894], [-115.253887748251, 36.2752901119687], [-115.2538926336, 36.2770361656194], [-115.251605987268, 36.2768389080511], [-115.251470538625, 36.276827248262], [-115.250857340521, 36.2767744696634], [-115.250818207029, 36.276771098236], [-115.250815488673, 36.2769055162429], [-115.250800041236, 36.2775348102151], [-115.25079949568, 36.2776371938291], [-115.250394994131, 36.2776047760201], [-115.250381148682, 36.2784693437778], [-115.251428859718, 36.2785505321206], [-115.251564360736, 36.2785610384708], [-115.25155461606, 36.2789698768324], [-115.251545174393, 36.2793762645313], [-115.25153345548, 36.2793754253741], [-115.251446443323, 36.2793691922319], [-115.251407071302, 36.2793663728165], [-115.251071979409, 36.2793409996255], [-115.251053560285, 36.2801070980991], [-115.251044587011, 36.2801888154013], [-115.251095478138, 36.2801924636689], [-115.251386543163, 36.2802133289828], [-115.25152257953, 36.2802245308538], [-115.253776999845, 36.2803843605198], [-115.253782633927, 36.2803151489423], [-115.253837362263, 36.278714077781], [-115.256094246599, 36.2788983861488], [-115.256039564944, 36.280547270388], [-115.258315063389, 36.2807101735186], [-115.258394595107, 36.2790861940033], [-115.259536878539, 36.2791794471107], [-115.259519440986, 36.2796147538933], [-115.259504564327, 36.2799824807811], [-115.260001393013, 36.280018443181], [-115.260662001381, 36.2800675265187], [-115.260632976579, 36.2807880663488], [-115.26062727282, 36.2808756641274], [-115.260502977303, 36.284130080844], [-115.255966782763, 36.2838668691481], [-115.255941876562, 36.2847126689673], [-115.255915025106, 36.2855469711576], [-115.255812948744, 36.2855424826587], [-115.252600767737, 36.285401241331], [-115.252603174983, 36.2853188199495], [-115.252606931649, 36.2851901812367], [-115.252614547817, 36.2849293638728], [-115.252079449246, 36.2849047109509], [-115.252070406955, 36.2852504705335], [-115.252067078105, 36.2853777666081], [-115.25153224686, 36.2853542385686], [-115.251396658374, 36.2853484726368], [-115.249987966106, 36.2852867641554], [-115.248713796083, 36.2852309404166], [-115.247850697772, 36.2851928856279], [-115.246975959365, 36.2851543141936], [-115.246874206877, 36.2851498279902], [-115.24687278428, 36.2852322727441], [-115.246843106944, 36.2869460055348], [-115.246841673135, 36.2870284502319], [-115.246821643934, 36.2881826777963], [-115.246783099184, 36.2904025870856], [-115.246780259627, 36.2905660533463], [-115.246726186492, 36.2905661174442], [-115.242291292727, 36.290516985858], [-115.242278120543, 36.2923438368038], [-115.242265152245, 36.2941415315301], [-115.242249424147, 36.2959975212919], [-115.242233840229, 36.2978354854004], [-115.242226542803, 36.2987392461322], [-115.243325024902, 36.2987373188727], [-115.243341072259, 36.2978386570986], [-115.246396083907, 36.2978443041136], [-115.251212759877, 36.2978530491181], [-115.251175934855, 36.3014938496316], [-115.25114445103, 36.3051370060629], [-115.251005476944, 36.3051364305652], [-115.246660209562, 36.3051458223547], [-115.246538804235, 36.3051460599245], [-115.245842510522, 36.3051474193651], [-115.245844959008, 36.3050029882201], [-115.242438756212, 36.301575255562], [-115.242204387117, 36.3015745870801], [-115.242196955463, 36.3024398985302], [-115.242190399751, 36.3033290149856], [-115.242183770153, 36.3042375986008], [-115.242177113373, 36.3051549243496], [-115.242210157588, 36.3090879382356], [-115.242210403633, 36.3091158152985], [-115.242243272311, 36.3130767384735], [-115.240025924026, 36.3130128170619], [-115.237803012365, 36.312948686134], [-115.235572599861, 36.3128843027912], [-115.233310836053, 36.3128189749048]]]}, "properties": {"OBJECTID": 142, "AREA": 79754033.8843581, "PERIMETER": 70999.41665965, "CNTY_IS": 57, "SYMBOL": 0, "ACRES": 1830.90800968, "SQ_MILES": 2.86079377, "Shape__Area": 79754033.890625, "Shape__Length": 70999.41665961807}}, {"type": "Feature", "id": 143, "geometry": {"type": "Polygon", "coordinates": [[[-115.251238908445, 36.2942057365498], [-115.251268774072, 36.2905604779659], [-115.253495807265, 36.2905738710387], [-115.254914506098, 36.2905823806768], [-115.254915237067, 36.2912261557839], [-115.255254602594, 36.2912270874096], [-115.255250457619, 36.2905843934744], [-115.255751964682, 36.2905873997642], [-115.255736322527, 36.2924010424753], [-115.255720531735, 36.2942233544932], [-115.253303828701, 36.2942149887396], [-115.251375183889, 36.294208278031], [-115.251238908445, 36.2942057365498]]]}, "properties": {"OBJECTID": 143, "AREA": 1727833.00029686, "PERIMETER": 5761.80249935, "CNTY_IS": 57, "SYMBOL": 0, "ACRES": 39.66574636, "SQ_MILES": 0.06197773, "Shape__Area": 1727833, "Shape__Length": 5761.802499339673}}, {"type": "Feature", "id": 144, "geometry": {"type": "Polygon", "coordinates": [[[-115.28294332411, 36.2935798431467], [-115.28324112563, 36.2935805909355], [-115.283238514676, 36.2942620328221], [-115.283229208708, 36.2952240574229], [-115.28322705942, 36.2954462642659], [-115.282711952022, 36.2954433317413], [-115.282624683684, 36.2954416765617], [-115.279279732059, 36.2954268317093], [-115.27922541179, 36.2954265899156], [-115.278678181799, 36.2954230968546], [-115.278693938983, 36.2935810339134], [-115.279232573721, 36.2935812784474], [-115.280932184696, 36.2935834259446], [-115.282615800011, 36.2935790198671], [-115.28294332411, 36.2935798431467]]]}, "properties": {"OBJECTID": 144, "AREA": 613595.37483618, "PERIMETER": 3333.55515114, "CNTY_IS": 57, "SYMBOL": 0, "ACRES": 20.75925367, "SQ_MILES": 0.03243633, "Shape__Area": 904269.46875, "Shape__Length": 4030.2071690438324}}, {"type": "Feature", "id": 146, "geometry": {"type": "Polygon", "coordinates": [[[-115.305875609853, 36.293804124862], [-115.306010854661, 36.2938056796775], [-115.306485888191, 36.2938125513807], [-115.306718024467, 36.2938159087347], [-115.307000151888, 36.2938199886428], [-115.307003275777, 36.2938200337159], [-115.307004470679, 36.2937729141348], [-115.307004045016, 36.2937373433708], [-115.307004119072, 36.2936393125922], [-115.30700445901, 36.293181120578], [-115.307004642708, 36.2929301334805], [-115.307004842263, 36.292674648137], [-115.30700525147, 36.2921229226054], [-115.307005305356, 36.2920536542004], [-115.307005357397, 36.2919855403258], [-115.307005676691, 36.2918476366969], [-115.307006065489, 36.2915852028998], [-115.307006515125, 36.2912815186886], [-115.307006874411, 36.291047024384], [-115.307007243657, 36.2907970740942], [-115.307008058798, 36.2902406987377], [-115.307009253705, 36.2901569323006], [-115.307227165801, 36.2901586974669], [-115.30811984829, 36.2901659233465], [-115.308120941926, 36.2898887470938], [-115.308126792659, 36.2884043253563], [-115.308127088604, 36.2883292415198], [-115.305887092228, 36.2883234333398], [-115.30588710265, 36.2883066524812], [-115.305888260856, 36.2864699742368], [-115.305885245882, 36.2855637126987], [-115.305885267745, 36.2855616244889], [-115.306029049489, 36.2855617930713], [-115.306834675317, 36.2855695935175], [-115.307012609906, 36.2855713152745], [-115.307014974184, 36.2864890125187], [-115.309220409273, 36.286511266804], [-115.309261509841, 36.2865116773616], [-115.309260034526, 36.2879188621051], [-115.309259597772, 36.2883452248202], [-115.310383298614, 36.288361072741], [-115.311392089385, 36.2883711753693], [-115.31150404467, 36.2883722960554], [-115.312627748556, 36.2883846241334], [-115.3137515148, 36.2883941469311], [-115.313758772974, 36.2883942453106], [-115.313751463996, 36.2883969416781], [-115.313751191645, 36.2884793547801], [-115.3137483788, 36.2893164918692], [-115.313745565928, 36.2901536027039], [-115.313745282423, 36.2902360148552], [-115.313146336996, 36.2902287515042], [-115.312653592223, 36.2902227728925], [-115.312622146305, 36.2902223916644], [-115.312620898005, 36.2906308034918], [-115.312620133195, 36.2908812026829], [-115.312618166146, 36.2915250489296], [-115.312617161787, 36.2918541236123], [-115.31261653272, 36.2920600603649], [-115.3126090305, 36.2929841360625], [-115.312604237679, 36.2935744488611], [-115.312601686951, 36.293888639852], [-115.312627820036, 36.2939780515875], [-115.312628825481, 36.2941107956886], [-115.312629594844, 36.2942122964987], [-115.31263157892, 36.2944742696482], [-115.312632665428, 36.2946177120743], [-115.312634926765, 36.2949157720436], [-115.312636374941, 36.2951063168878], [-115.312637914428, 36.2953091048718], [-115.312638683987, 36.2954105524868], [-115.312639045667, 36.2954582948189], [-115.312641146371, 36.2957345380866], [-115.312643606048, 36.2959887351326], [-115.312645656929, 36.2962658696252], [-115.31264735593, 36.2964956484513], [-115.312650001499, 36.2968536350521], [-115.312652082729, 36.2971355274102], [-115.312654055746, 36.2974020157999], [-115.312655309091, 36.2975713026257], [-115.311980209175, 36.2975620944029], [-115.311477553384, 36.2975552375638], [-115.310889468413, 36.2975472196136], [-115.310394042907, 36.2975404576121], [-115.310310479352, 36.297558568136], [-115.310195487379, 36.297557011265], [-115.310015493794, 36.2975545774791], [-115.30978559785, 36.2975514596554], [-115.309662319256, 36.297549793185], [-115.309375707244, 36.297545915651], [-115.309142037107, 36.2975427482859], [-115.309049397831, 36.2975414930273], [-115.308965805602, 36.2975403612033], [-115.308672251949, 36.2975363912478], [-115.308555915131, 36.297534814389], [-115.308366037397, 36.2975322400409], [-115.30827162793, 36.2975309602806], [-115.308254178332, 36.2975304451633], [-115.308213983358, 36.2975301787341], [-115.308137920713, 36.2975291483769], [-115.308073935645, 36.297528280067], [-115.30806546318, 36.2975297233323], [-115.308066624913, 36.2975337123507], [-115.30810432517, 36.2976631719016], [-115.308230194087, 36.2979491399224], [-115.308230107254, 36.2979529413045], [-115.308221353012, 36.2979528112059], [-115.308087830523, 36.2979508221185], [-115.308053746545, 36.2979503146419], [-115.307905330833, 36.2979481044959], [-115.307699071978, 36.2979451398523], [-115.307601494546, 36.2979438162076], [-115.307562761366, 36.2979432041365], [-115.307565103314, 36.2978323643145], [-115.307566895382, 36.297746471442], [-115.307568192042, 36.2976842854899], [-115.307569588989, 36.2976173311173], [-115.307572988086, 36.2974544558538], [-115.307441249488, 36.2974526486129], [-115.307346755567, 36.2974513544085], [-115.307180978731, 36.2974490807576], [-115.306993587466, 36.2974465081707], [-115.306807762664, 36.2974439641488], [-115.306622001358, 36.2974414145774], [-115.306433867519, 36.2974388357897], [-115.306216666559, 36.2974358513613], [-115.306059817701, 36.29743369689], [-115.306032630399, 36.2974268823802], [-115.306024754791, 36.2974216907902], [-115.306018308468, 36.297415330856], [-115.306013546614, 36.297408055527], [-115.306010668588, 36.2974001626868], [-115.30600978295, 36.2973924366975], [-115.305873131981, 36.2973922611635], [-115.305869098773, 36.2956428208091], [-115.30587552667, 36.2938276164412], [-115.305875609853, 36.293804124862]]]}, "properties": {"OBJECTID": 146, "AREA": 6782008.84735818, "PERIMETER": 15033.72486836, "CNTY_IS": 57, "SYMBOL": 0, "ACRES": 155.69412249, "SQ_MILES": 0.24327207, "Shape__Area": 6782008.85546875, "Shape__Length": 15033.724868360869}}, {"type": "Feature", "id": 147, "geometry": {"type": "Polygon", "coordinates": [[[-115.313768867748, 36.2959169599158], [-115.313768461252, 36.2957474226021], [-115.313868474277, 36.2957487692301], [-115.314077666314, 36.2957515865236], [-115.314176690721, 36.2957529198522], [-115.31425437275, 36.2957539662322], [-115.314395737911, 36.2957558687296], [-115.314913002907, 36.2957628316997], [-115.31491933809, 36.2975989926627], [-115.31492568446, 36.2994351440745], [-115.314605921006, 36.2994305575219], [-115.313795472929, 36.299418930025], [-115.313795096831, 36.2993884408177], [-115.313794685155, 36.2993550241861], [-115.313793961829, 36.2992963341752], [-115.313792238281, 36.2991562017191], [-115.313789887357, 36.2989650916797], [-115.313787369374, 36.2987604062393], [-115.313786199137, 36.2986652766281], [-115.313783672334, 36.2984599224107], [-115.313781733509, 36.2983024362812], [-115.313777786843, 36.2979816398081], [-115.313776336301, 36.2978637838762], [-115.313773830988, 36.2976489590702], [-115.313772557553, 36.297458273209], [-115.313771437, 36.2969901613555], [-115.313770746378, 36.2967045129141], [-115.313770242869, 36.2964916564606], [-115.313769948682, 36.2963700546982], [-115.313769549316, 36.2962029760952], [-115.313768867748, 36.2959169599158]]]}, "properties": {"OBJECTID": 147, "AREA": 449730.01746056, "PERIMETER": 3343.75196306, "CNTY_IS": 57, "SYMBOL": 0, "ACRES": 10.32442186, "SQ_MILES": 0.01613191, "Shape__Area": 449730.025390625, "Shape__Length": 3343.751963055869}}, {"type": "Feature", "id": 149, "geometry": {"type": "Polygon", "coordinates": [[[-115.320163500133, 36.2809811457725], [-115.320737773639, 36.2809737829529], [-115.320737594973, 36.2810038582334], [-115.320736572291, 36.2811732432197], [-115.320734995774, 36.2814341869887], [-115.320732223446, 36.2818929236355], [-115.320726661561, 36.2828121723041], [-115.32072109966, 36.2837313667541], [-115.320716206285, 36.2845406786881], [-115.320715548693, 36.2846505610862], [-115.31966664841, 36.2846649626313], [-115.319564873505, 36.2846663604821], [-115.319569348818, 36.2839792006659], [-115.319570861891, 36.2837468968127], [-115.319582163915, 36.2820123806864], [-115.319582847533, 36.2819084557581], [-115.319585843032, 36.2814482505598], [-115.319587526182, 36.2811895052679], [-115.319588836902, 36.2809885139874], [-115.320163500133, 36.2809811457725]]]}, "properties": {"OBJECTID": 149, "AREA": 453589.05786026, "PERIMETER": 3355.11820595, "CNTY_IS": 57, "SYMBOL": 0, "ACRES": 10.4130136, "SQ_MILES": 0.01627033, "Shape__Area": 453589.0546875, "Shape__Length": 3355.1182059503944}}, {"type": "Feature", "id": 150, "geometry": {"type": "Polygon", "coordinates": [[[-115.323016897914, 36.2846189200589], [-115.324167571945, 36.2846030784274], [-115.324166902605, 36.2847476050631], [-115.324159060209, 36.286439949608], [-115.323519768182, 36.2864489792656], [-115.323007511743, 36.2864562127991], [-115.323010030338, 36.2859627045643], [-115.323012133922, 36.2855505627762], [-115.32301428895, 36.2851296245963], [-115.323016897914, 36.2846189200589]]]}, "properties": {"OBJECTID": 150, "AREA": 226853.43576928, "PERIMETER": 2016.08361099, "CNTY_IS": 57, "SYMBOL": 0, "ACRES": 5.20785912, "SQ_MILES": 0.00813728, "Shape__Area": 226853.43359375, "Shape__Length": 2016.083610996927}}, {"type": "Feature", "id": 151, "geometry": {"type": "Polygon", "coordinates": [[[-115.313772588035, 36.2774668498986], [-115.313771891763, 36.2773585596377], [-115.313796535625, 36.277358687286], [-115.314798354894, 36.2773640306173], [-115.315024022021, 36.2773652329196], [-115.315019847471, 36.27777256839], [-115.315005153853, 36.2792063360657], [-115.313750682846, 36.2791758454662], [-115.313750972955, 36.279091477402], [-115.313756133549, 36.2787036290515], [-115.313772588035, 36.2774668498986]]]}, "properties": {"OBJECTID": 151, "AREA": 245892.43439193, "PERIMETER": 2070.76381485, "CNTY_IS": 57, "SYMBOL": 0, "ACRES": 5.64493613, "SQ_MILES": 0.00882021, "Shape__Area": 245892.43359375, "Shape__Length": 2070.763814860336}}, {"type": "Feature", "id": 153, "geometry": {"type": "Polygon", "coordinates": [[[-115.30589054981, 36.2828009421267], [-115.305891638105, 36.2809837296433], [-115.307016630559, 36.2809885875678], [-115.307016871893, 36.2810748675129], [-115.307016025131, 36.2814919510751], [-115.307015178345, 36.2819090346081], [-115.307010436802, 36.2823194036021], [-115.307007540821, 36.2825699946243], [-115.307005695228, 36.2827297635548], [-115.307004736806, 36.2828121742189], [-115.30589054981, 36.2828009421267]]]}, "properties": {"OBJECTID": 153, "AREA": 219132.38579174, "PERIMETER": 1985.32410812, "CNTY_IS": 57, "SYMBOL": 0, "ACRES": 5.03060749, "SQ_MILES": 0.00786032, "Shape__Area": 219132.384765625, "Shape__Length": 1985.3241081157607}}, {"type": "Feature", "id": 154, "geometry": {"type": "Polygon", "coordinates": [[[-115.290113053014, 36.2791090109773], [-115.290112321063, 36.2790112601366], [-115.290113032263, 36.2789952137177], [-115.290112192882, 36.2789934487592], [-115.290112253366, 36.278906145676], [-115.290112323488, 36.278804360874], [-115.290113188355, 36.2788049659498], [-115.290113447285, 36.2782241178633], [-115.29011385706, 36.2772948772417], [-115.290114681057, 36.2772138416949], [-115.290121641727, 36.276783044852], [-115.290158745635, 36.2759871065831], [-115.290181799457, 36.2754924502269], [-115.289072102496, 36.2754969937403], [-115.289069899667, 36.2754970027406], [-115.289069703486, 36.2755480903493], [-115.289068423585, 36.2755753373665], [-115.289060315167, 36.2757481331276], [-115.289049114329, 36.275986823681], [-115.28902980516, 36.2763982288487], [-115.288986544184, 36.2772922827485], [-115.288986170498, 36.2772999066457], [-115.288969903229, 36.2772999792657], [-115.288920095152, 36.2773002018455], [-115.288264383035, 36.2773031300262], [-115.287858828917, 36.2773049289718], [-115.287860563948, 36.2773017616593], [-115.287858836342, 36.277301777219], [-115.287901252033, 36.2764020976887], [-115.287922175456, 36.2759626489081], [-115.287945432709, 36.2754975103958], [-115.287291564351, 36.275499579812], [-115.28730927667, 36.2749680574904], [-115.287326709504, 36.2745960067291], [-115.287264899149, 36.2745963944933], [-115.286829765678, 36.2745991018467], [-115.286844676609, 36.2741881006188], [-115.286859554622, 36.2737857605708], [-115.286859865429, 36.2737035556762], [-115.288029041597, 36.2736844300836], [-115.288093016435, 36.2718850632241], [-115.286909437884, 36.2718994401185], [-115.285867428373, 36.271906662459], [-115.285760598805, 36.2719074025287], [-115.284561016804, 36.2719152361623], [-115.28344689833, 36.2719275892191], [-115.28344885469, 36.2718229015234], [-115.283449970014, 36.2718074581956], [-115.283346677854, 36.2718061428521], [-115.282938147824, 36.2715276036242], [-115.282821318018, 36.2714479344536], [-115.282633120724, 36.2714496695579], [-115.282620554214, 36.2714497821663], [-115.282621334189, 36.2715047080892], [-115.282625688812, 36.2718108142153], [-115.282626287755, 36.2718528676092], [-115.282627447595, 36.2719352862045], [-115.282283143682, 36.2719385181328], [-115.281111826969, 36.2719476681308], [-115.281129431402, 36.2701521352333], [-115.279969907852, 36.270166504289], [-115.278807468354, 36.2701721393054], [-115.27649454317, 36.2701889760169], [-115.274217639358, 36.2702042027483], [-115.269767909063, 36.2702374939017], [-115.269751024194, 36.26661052267], [-115.274182448708, 36.2665950116611], [-115.278744117487, 36.2665808218535], [-115.278733073645, 36.2647787166252], [-115.279950835893, 36.2647386043155], [-115.279951137105, 36.2646607254512], [-115.279949888499, 36.2642929539537], [-115.279948757014, 36.2638948997096], [-115.27995029653, 36.2634968432012], [-115.279951894573, 36.263083645302], [-115.279953182181, 36.2629809206139], [-115.279953616022, 36.262946438721], [-115.278721421092, 36.2629826704155], [-115.278751089373, 36.2620710781408], [-115.278785261004, 36.2611493785054], [-115.278816038511, 36.2602474892429], [-115.278846185675, 36.2593271670329], [-115.278876345882, 36.2584090167931], [-115.278900459501, 36.2574974123424], [-115.280096146948, 36.2574814865398], [-115.280098279383, 36.2573990697644], [-115.280119621383, 36.2565731426889], [-115.279629666043, 36.2565769378743], [-115.27961952898, 36.2569907454312], [-115.279088514426, 36.2569957229673], [-115.278916934398, 36.2569970439283], [-115.278930595128, 36.2565823441253], [-115.278955275315, 36.2556620344442], [-115.278982502152, 36.2547477156055], [-115.279008396118, 36.2538354481513], [-115.279034317755, 36.2529101300578], [-115.279058791376, 36.2519993548253], [-115.275542234728, 36.2519257003946], [-115.274358136975, 36.2518992415436], [-115.272639788061, 36.251863498353], [-115.27264275812, 36.2517822365655], [-115.272653549053, 36.2510464930459], [-115.273714334043, 36.2510721359101], [-115.273816066694, 36.2510736789987], [-115.273839422929, 36.2500604647531], [-115.273991793736, 36.2500641323261], [-115.274024929418, 36.2500650084322], [-115.274476661559, 36.2500769513285], [-115.274492271461, 36.2500773611559], [-115.275007621595, 36.2500909840348], [-115.275028138106, 36.2500915236053], [-115.27502812574, 36.2500918390223], [-115.275027339069, 36.2501193080807], [-115.276197615893, 36.2501477256185], [-115.276198402154, 36.2501202565505], [-115.27620945362, 36.2497358510272], [-115.276210302737, 36.2497065344897], [-115.276213291888, 36.2496023629262], [-115.276220646829, 36.2493464707625], [-115.276222023702, 36.249298868556], [-115.276229751691, 36.2490300889961], [-115.276230744312, 36.2489953741409], [-115.27623884534, 36.2487137080846], [-115.27623947597, 36.2486918806392], [-115.276248196428, 36.2483883861913], [-115.276248222737, 36.2483873497838], [-115.276253928622, 36.2482511337563], [-115.276190501587, 36.2482494053969], [-115.275668623043, 36.2482351741973], [-115.275650783902, 36.2481586319516], [-115.275636385235, 36.2480968525488], [-115.275637274871, 36.2477365211162], [-115.27563752602, 36.2476298819901], [-115.275637663622, 36.2475749131098], [-115.275638087956, 36.247395712151], [-115.27563844514, 36.2472535077714], [-115.275638934371, 36.2470549113636], [-115.275639226674, 36.2469320943043], [-115.27563975855, 36.2467141014868], [-115.275640019286, 36.2466106889599], [-115.275640586021, 36.2463764208533], [-115.275640593802, 36.2463733006319], [-115.275640856107, 36.2462666479909], [-115.275641429064, 36.2460324925473], [-115.275641586663, 36.245967877272], [-115.275642260956, 36.2456916880397], [-115.275642371446, 36.2456464700531], [-115.275643093946, 36.2453508826143], [-115.275643157325, 36.2453250628197], [-115.275643928031, 36.2450100771723], [-115.275643943188, 36.245003655569], [-115.275644759508, 36.2446693645363], [-115.275648610004, 36.2445737987652], [-115.275553211815, 36.2445709450576], [-115.274486857467, 36.2445390448782], [-115.274476673089, 36.2445388473417], [-115.274476594395, 36.2445560201881], [-115.274476291256, 36.2446296713641], [-115.274476254409, 36.2446384704964], [-115.274470952243, 36.2459218108774], [-115.274469187377, 36.2463491198792], [-115.274469098552, 36.2463719761841], [-115.274469056996, 36.246379709084], [-115.274467124401, 36.246848218863], [-115.274465367098, 36.2472749996663], [-115.274462103139, 36.2480648411463], [-115.274462098245, 36.2480660849037], [-115.274461528983, 36.2482022582261], [-115.273877535879, 36.2481863374569], [-115.273874838992, 36.2483231361655], [-115.273854305365, 36.2493646636925], [-115.273853118885, 36.2494248518682], [-115.273848007197, 36.2496841420962], [-115.273847950453, 36.2496841410481], [-115.273847840302, 36.2496841389606], [-115.273839479943, 36.2496887823687], [-115.273746257532, 36.2496873685807], [-115.272665470206, 36.2496541123325], [-115.272672523627, 36.2491990181948], [-115.272675926893, 36.2482942277393], [-115.272676931173, 36.2481585683939], [-115.272115914725, 36.2481429600629], [-115.269761211894, 36.2480787594149], [-115.269759318207, 36.2499313259512], [-115.26975401909, 36.2518061716898], [-115.267432047187, 36.2517581707681], [-115.267411224764, 36.2481515378372], [-115.267411262203, 36.2481508060948], [-115.267411257578, 36.2481431091305], [-115.267411285435, 36.2481353590763], [-115.267411339237, 36.2481203339388], [-115.267411678612, 36.2480266203868], [-115.267411909331, 36.248016295003], [-115.267411715746, 36.248016289084], [-115.267411732414, 36.248011595249], [-115.267649901637, 36.2480178714208], [-115.269761216305, 36.2480740349035], [-115.269760638432, 36.2478382326424], [-115.269764168182, 36.2475496178676], [-115.269632488517, 36.2475487174479], [-115.268574759142, 36.2475197298032], [-115.268574847743, 36.2475087343891], [-115.268577483063, 36.2471900829481], [-115.268577934949, 36.2471356646924], [-115.26858056345, 36.2468714245496], [-115.268581760069, 36.2467506008414], [-115.268583732784, 36.2465527744795], [-115.268585583077, 36.246366050691], [-115.268586902118, 36.2462341153795], [-115.268589417157, 36.2459815014461], [-115.26859007138, 36.245915465275], [-115.268593240603, 36.2455968160546], [-115.268943546548, 36.2456064165226], [-115.269077841039, 36.2456100951059], [-115.269289757324, 36.2456159060737], [-115.269652534988, 36.2456258526538], [-115.269787394666, 36.245626773997], [-115.269790464769, 36.245334224711], [-115.269793525933, 36.2450422341826], [-115.269799953645, 36.2444302429067], [-115.267969187683, 36.2443884205419], [-115.267442830255, 36.244376391305], [-115.266878726773, 36.2443634902164], [-115.265099105464, 36.2443227875776], [-115.265099105625, 36.2443227479216], [-115.262853971241, 36.244270689123], [-115.26272758185, 36.2442685190704], [-115.262713003442, 36.2451708822272], [-115.262712986186, 36.2451756517694], [-115.262611271842, 36.2451737387908], [-115.261912377475, 36.2451606330925], [-115.261586465756, 36.2451562600273], [-115.261239183319, 36.2451453843665], [-115.260535901154, 36.2451279506826], [-115.260366949758, 36.2451237633784], [-115.260369749801, 36.2442187460338], [-115.260380296229, 36.2414875029117], [-115.260547706578, 36.2414911632791], [-115.2615521019, 36.241517284314], [-115.261553342282, 36.2407314749262], [-115.261554795343, 36.2405941142294], [-115.26272890555, 36.240623385559], [-115.262731722252, 36.2405302986376], [-115.262731787766, 36.2404870101682], [-115.26277720327, 36.2387703551422], [-115.262806786349, 36.2378377480699], [-115.262945076678, 36.2378409286816], [-115.263001698739, 36.2378425791318], [-115.263479093988, 36.2378564986826], [-115.263511565488, 36.2378574417086], [-115.263524289146, 36.2374732664983], [-115.262958538442, 36.237456494141], [-115.262818981655, 36.2374533002394], [-115.262833373156, 36.236999578368], [-115.262838846565, 36.2369151508304], [-115.265152014177, 36.2369868581736], [-115.266327305835, 36.2370216130851], [-115.267521289258, 36.23705636073], [-115.269711603275, 36.2371236349537], [-115.269852922325, 36.2371253662531], [-115.269881152755, 36.2362015679967], [-115.269884813729, 36.2352844468319], [-115.271028459463, 36.235320469598], [-115.272177010296, 36.2353573233727], [-115.273325563725, 36.2353963382261], [-115.274500819423, 36.2354323466167], [-115.275660069129, 36.2354678426505], [-115.275665520153, 36.2353855783995], [-115.275666120892, 36.2349568289411], [-115.275669813529, 36.2336451960489], [-115.276786025081, 36.2336844189348], [-115.276822209496, 36.2336856833078], [-115.279118807223, 36.2337663513397], [-115.281448182998, 36.2337569610543], [-115.281448180362, 36.2337582255504], [-115.281448006435, 36.2338758166617], [-115.281447975882, 36.2338895521673], [-115.281446785275, 36.2346593825551], [-115.28144261138, 36.2353110027258], [-115.281442400326, 36.23534419651], [-115.281441456672, 36.235492707825], [-115.281440940477, 36.2355719925378], [-115.281530978423, 36.2355715166901], [-115.281755278884, 36.2355703427975], [-115.282599375777, 36.2355659241419], [-115.282599529517, 36.2362519932384], [-115.282599587585, 36.2364343593123], [-115.282599596955, 36.2364754849518], [-115.28259962439, 36.2366048472978], [-115.282599711, 36.236948236927], [-115.282599788893, 36.2373026140734], [-115.28259980704, 36.2373850185571], [-115.2826004595, 36.2374673804712], [-115.282600401059, 36.2378863964588], [-115.28260034311, 36.2382936605722], [-115.282602919124, 36.2386987501707], [-115.282604440664, 36.2391119125978], [-115.282604775078, 36.2392017894974], [-115.282605082443, 36.2392842045961], [-115.282606604813, 36.2396971506766], [-115.282608137484, 36.2401103121614], [-115.283134149984, 36.2401062254952], [-115.283660507378, 36.2401021283672], [-115.283754690282, 36.2401013998675], [-115.283751482002, 36.2410092389883], [-115.283757968647, 36.2410091831285], [-115.284819530237, 36.2410001983228], [-115.284899029967, 36.2409995251192], [-115.286024169345, 36.2409899879037], [-115.286032945401, 36.2419131335509], [-115.286321415339, 36.2419094427845], [-115.286607547551, 36.2419057815757], [-115.286734156663, 36.2419046444623], [-115.287029608775, 36.241901969723], [-115.287182131405, 36.2419005988893], [-115.287199244618, 36.2410201021498], [-115.287200023362, 36.2409800068525], [-115.287204573605, 36.2400745232218], [-115.286035812453, 36.2400836387157], [-115.286047432927, 36.2391790630601], [-115.286047455117, 36.2391773164263], [-115.284903477819, 36.2391854640185], [-115.284905709435, 36.2382763603269], [-115.284907296658, 36.2376327805116], [-115.284948823011, 36.237371211454], [-115.285150677587, 36.2373700004616], [-115.285510542598, 36.2373678396518], [-115.286036153721, 36.2373646819288], [-115.286062318014, 36.2373645243241], [-115.286154966121, 36.2373639640617], [-115.287217978178, 36.2373575679794], [-115.287218391446, 36.2372751248968], [-115.287220460709, 36.2368627193026], [-115.286844213853, 36.2368648428632], [-115.286693206001, 36.236865694299], [-115.286693716907, 36.2367431208543], [-115.286694904069, 36.2364580312326], [-115.28722250739, 36.2364551120637], [-115.287734415885, 36.236452277071], [-115.288246314346, 36.2364494398631], [-115.288382314094, 36.23644868466], [-115.288518357228, 36.2364479294093], [-115.289074724463, 36.236444837711], [-115.289534332839, 36.2364422809658], [-115.289627364626, 36.2364417613146], [-115.290059481751, 36.2364393603831], [-115.29018000473, 36.2364386913781], [-115.290584630639, 36.2364364374952], [-115.290686351474, 36.2364358661782], [-115.290681848215, 36.2368471303284], [-115.290677344323, 36.2372585476669], [-115.29067644563, 36.2373414636578], [-115.291826176471, 36.2373345005696], [-115.291814247008, 36.2382372630709], [-115.291872961446, 36.2382368608441], [-115.292961457635, 36.2382293906889], [-115.292975907184, 36.2373275264319], [-115.294126127284, 36.237320542428], [-115.29517463625, 36.2373141676701], [-115.295276358381, 36.2373135473919], [-115.295277221573, 36.2372723427301], [-115.295295243418, 36.2364144242328], [-115.295396974616, 36.2364140472183], [-115.296447776537, 36.2364101182897], [-115.296428525873, 36.2372241414705], [-115.296426578223, 36.2373065412701], [-115.297576797968, 36.2372995150766], [-115.29760097715, 36.236405793825], [-115.29761985177, 36.2354990812611], [-115.297646731269, 36.2345967048264], [-115.297671703057, 36.2336894928038], [-115.299537258034, 36.2336245423843], [-115.299874840988, 36.2336129229237], [-115.300980677507, 36.2335707888553], [-115.30208177843, 36.2335335364247], [-115.302049346794, 36.2353449392262], [-115.302032092973, 36.2362544954767], [-115.302014849807, 36.2371640516105], [-115.303091678081, 36.2371305994473], [-115.304208560264, 36.2370993400492], [-115.30529606721, 36.2370658749284], [-115.305321387947, 36.2370651244147], [-115.305319902914, 36.2371429910904], [-115.305290174997, 36.2387178678324], [-115.305287242896, 36.238873205563], [-115.306389301029, 36.2388402934342], [-115.3073009404, 36.2388162809986], [-115.307492963557, 36.2388112224357], [-115.307527210447, 36.2369942018259], [-115.306602306581, 36.2370222528553], [-115.306423753792, 36.2370276656391], [-115.30646078441, 36.2351895359704], [-115.307572332276, 36.2351452542483], [-115.307606330354, 36.2333330060324], [-115.308703080926, 36.2332972869146], [-115.310909819232, 36.2332190078935], [-115.312044376952, 36.2331777832839], [-115.313178933518, 36.2331365569233], [-115.315383967408, 36.2330563979547], [-115.315445027036, 36.2330512261076], [-115.315392526314, 36.2349072290273], [-115.315340022862, 36.2367632223245], [-115.315287516647, 36.2386192150118], [-115.315201471403, 36.2404792958682], [-115.315112076208, 36.2441880145044], [-115.315068113363, 36.246060742743], [-115.315024955197, 36.2478991882516], [-115.315017208803, 36.2497367960029], [-115.315017037988, 36.2497366369939], [-115.314772998041, 36.2497406516689], [-115.313849492706, 36.2497558416185], [-115.313848898076, 36.2498382806648], [-115.313845864929, 36.2502582186685], [-115.313842819464, 36.2506781656278], [-115.313839786223, 36.2510981035721], [-115.313836752905, 36.2515180504995], [-115.313836295784, 36.2515798774877], [-115.313836147109, 36.2516004894962], [-115.313836020688, 36.2516211015548], [-115.313835652584, 36.2516829287425], [-115.31383053684, 36.2525213014593], [-115.313825362706, 36.2533701468326], [-115.313824856989, 36.2534525950421], [-115.31380501669, 36.2552492230323], [-115.312713172734, 36.2552694512659], [-115.312711333725, 36.255256415462], [-115.312711981675, 36.2545551866726], [-115.312712978622, 36.2534733108474], [-115.312744272779, 36.2516397360301], [-115.312744622065, 36.2516191154646], [-115.312744759868, 36.2515985124463], [-115.310547863973, 36.2516508444851], [-115.310551361381, 36.253507543765], [-115.309460591702, 36.2535248075315], [-115.309455372215, 36.2524750382216], [-115.309458179305, 36.2516706974425], [-115.308378578408, 36.2516938803715], [-115.30837806917, 36.2517757066765], [-115.308376315953, 36.2521967017904], [-115.308374562797, 36.2526176698364], [-115.30837106745, 36.2534596238901], [-115.30837073417, 36.253542036409], [-115.307280456765, 36.2535614535164], [-115.307280768935, 36.2534790409544], [-115.307283597885, 36.2527191382017], [-115.307283898915, 36.2526367256024], [-115.307285480517, 36.252215576933], [-115.307287039864, 36.2517944191697], [-115.307287049381, 36.2517126277701], [-115.307283989158, 36.2517126747852], [-115.307287388318, 36.2516301900084], [-115.30728825436, 36.251420676175], [-115.307289128636, 36.2512091353678], [-115.307290126578, 36.2509678119417], [-115.307290166252, 36.2509581142282], [-115.307290868924, 36.250788079796], [-115.30735405149, 36.2507870259701], [-115.307541500436, 36.2507839000113], [-115.307785932514, 36.2507798234897], [-115.308280934814, 36.2507715649934], [-115.308382695894, 36.2507698674796], [-115.308383008427, 36.2506997168309], [-115.308386818767, 36.2498458571609], [-115.307294609834, 36.2498643300342], [-115.306202180119, 36.2498827969291], [-115.306187874838, 36.2508076496581], [-115.306198024434, 36.2511822148304], [-115.306197849478, 36.251237430623], [-115.306196265496, 36.2517313489083], [-115.30619617035, 36.2517614425225], [-115.306190188658, 36.2535780937693], [-115.3061842347, 36.2553902011637], [-115.30617484762, 36.255390374091], [-115.305094427163, 36.2554081275825], [-115.305095141024, 36.2553662322347], [-115.305096374674, 36.2551592321899], [-115.305100166442, 36.2545232727383], [-115.305102673556, 36.2541017839196], [-115.305105180596, 36.2536803040838], [-115.305105346211, 36.2536665481935], [-115.305104559478, 36.2535651755099], [-115.303926637603, 36.2535834000969], [-115.302992222091, 36.2535995802031], [-115.302911261053, 36.2536005170401], [-115.302912610643, 36.2536419900143], [-115.302912402387, 36.2537127230772], [-115.302910675301, 36.2543081161231], [-115.302909183706, 36.2548189153038], [-115.302908059024, 36.2552036817936], [-115.302907317382, 36.255459466659], [-115.304012434447, 36.2554335312458], [-115.304012288103, 36.2554746419926], [-115.304011645206, 36.2556552430302], [-115.304009706984, 36.2561997138832], [-115.304009107031, 36.2563682450292], [-115.303998924762, 36.2568396269272], [-115.303996472478, 36.2571914844024], [-115.303995914898, 36.2572718314876], [-115.303995896406, 36.2572738998865], [-115.303995883078, 36.2572754554681], [-115.30398335736, 36.2590653800606], [-115.305084620456, 36.2590534083434], [-115.305304510296, 36.2590520684223], [-115.306172866288, 36.2590467724699], [-115.306173121855, 36.2589643481409], [-115.306175665588, 36.2581456710777], [-115.306069173913, 36.2581455702879], [-115.305636162949, 36.25814516605], [-115.305248849553, 36.2581463509037], [-115.305093560069, 36.2581468252693], [-115.305096579306, 36.2578063162761], [-115.305099730586, 36.2573356723665], [-115.305097137496, 36.257257590078], [-115.306178458774, 36.2572459475957], [-115.30620906617, 36.2572455705731], [-115.306314140538, 36.2572439419985], [-115.307270190702, 36.2572291162635], [-115.307441326026, 36.2572264539572], [-115.308368685758, 36.2572120219309], [-115.30944058798, 36.2571953324976], [-115.310517773791, 36.257178550874], [-115.310533196164, 36.2571783102554], [-115.311546939302, 36.2571625102722], [-115.311575554795, 36.2571621021144], [-115.311611032295, 36.2571615995814], [-115.311623374152, 36.2571614194206], [-115.312600675543, 36.2571468084446], [-115.312614594366, 36.2571466002058], [-115.312637353932, 36.2571462587546], [-115.312658781369, 36.2571459395207], [-115.31270692467, 36.2571452192729], [-115.312706300995, 36.2571856917412], [-115.312705653229, 36.2572276638882], [-115.31269551697, 36.2578843809093], [-115.312695342137, 36.2578957069256], [-115.312680381681, 36.2588649604149], [-115.312678504328, 36.2589865697421], [-115.312674275497, 36.2593162481875], [-115.312666985671, 36.2598844745594], [-115.312646734838, 36.2607259978313], [-115.312644752271, 36.2608083993282], [-115.312542992622, 36.2608085123844], [-115.31160557814, 36.2608095499811], [-115.311603797887, 36.2611757285348], [-115.311601676659, 36.2616114221335], [-115.311600275311, 36.2618977533704], [-115.311599544294, 36.2620471066623], [-115.311597422988, 36.2624828001973], [-115.311597294443, 36.2625102709611], [-115.311596977421, 36.2626467693013], [-115.311623731871, 36.2626466948888], [-115.31261102101, 36.2626439855525], [-115.312683427199, 36.2626437798889], [-115.313677428311, 36.2626410408863], [-115.313769889199, 36.2626407806352], [-115.31419466833, 36.2626396065783], [-115.314962791289, 36.2626322917522], [-115.314962769093, 36.2626374785769], [-115.316106619867, 36.2626289808778], [-115.316107176918, 36.2624915907776], [-115.31610955319, 36.2621305147814], [-115.316111896857, 36.2617724669966], [-115.316114179211, 36.2614258752441], [-115.316117823244, 36.2608690066791], [-115.316114087849, 36.2607861885701], [-115.316114424204, 36.2607037761204], [-115.31611612013, 36.2602842864231], [-115.316117827184, 36.2598647877084], [-115.316119523046, 36.259445297952], [-115.316119987695, 36.2593317464794], [-115.316121218875, 36.2590258081661], [-115.316121555204, 36.258943395692], [-115.31726478393, 36.2589350566615], [-115.318408012452, 36.2589267157162], [-115.318406476671, 36.259341978907], [-115.318404589805, 36.2598480184064], [-115.318403039925, 36.2602674364112], [-115.318401478886, 36.2606868543619], [-115.318401167283, 36.2607692398392], [-115.318401178107, 36.2607693299914], [-115.318394332039, 36.262611943672], [-115.319538182306, 36.2626034041404], [-115.319538666482, 36.2624660408898], [-115.319540062388, 36.2620740937366], [-115.319541447139, 36.261682146533], [-115.319541450481, 36.2616811524268], [-115.319643212318, 36.2616813894298], [-115.320164177879, 36.2616775184676], [-115.320634877388, 36.2616740161327], [-115.320685138966, 36.2616736407201], [-115.320683815635, 36.2620655700576], [-115.320682492278, 36.2624574993692], [-115.320682032362, 36.2625948626818], [-115.3206860218, 36.2630144387182], [-115.320690763128, 36.2635139293942], [-115.320696751669, 36.2641451729726], [-115.320697390879, 36.2642125325362], [-115.320698701409, 36.2643506261289], [-115.320699482751, 36.2644330410047], [-115.320996003027, 36.2644305805169], [-115.321013645662, 36.2644304344491], [-115.321684089167, 36.2644248684764], [-115.322094446233, 36.2644214582379], [-115.322606853863, 36.2644171956653], [-115.323226929121, 36.2644120375856], [-115.323988718505, 36.2644056992449], [-115.324124399349, 36.2644045693416], [-115.32412442145, 36.2644083214238], [-115.324124464973, 36.2644156949009], [-115.324124602609, 36.264439044695], [-115.32413493699, 36.2661941743592], [-115.324135010918, 36.2662068294071], [-115.324135171949, 36.2662342142803], [-115.324135206336, 36.2662399744422], [-115.324140138644, 36.26709821375], [-115.324143707872, 36.2677189363437], [-115.324144571709, 36.2678690934064], [-115.324145462965, 36.2680240886001], [-115.32414576454, 36.2680766402333], [-115.324010087819, 36.2680779684389], [-115.323907712575, 36.2680789631522], [-115.323007914294, 36.2680877513046], [-115.323007668468, 36.2680511587701], [-115.323003469207, 36.2674485974345], [-115.323000892264, 36.2670782005272], [-115.322998308483, 36.2667065147501], [-115.322995709307, 36.2663327649829], [-115.322995136796, 36.2662504136879], [-115.321856358129, 36.2662608178495], [-115.321852945705, 36.2662608491443], [-115.321871518834, 36.2680897247564], [-115.321871602309, 36.2680980707986], [-115.321886835775, 36.2699353321721], [-115.321891933096, 36.2717716515173], [-115.321892159201, 36.2718540659731], [-115.321894481743, 36.2726898118798], [-115.321896804251, 36.2735255657812], [-115.321897030355, 36.2736079802128], [-115.322632493462, 36.2735994724245], [-115.32303811773, 36.2735947779223], [-115.323038132096, 36.2735978269836], [-115.323038494939, 36.2736789763149], [-115.323040348672, 36.2740962918694], [-115.323040883847, 36.2742167310616], [-115.32304220244, 36.274513598382], [-115.323043048102, 36.27470480673], [-115.32304589387, 36.2753446863801], [-115.323045906659, 36.2753482104114], [-115.32304629274, 36.2755145703537], [-115.323051231719, 36.2758541751553], [-115.323051994378, 36.2759060905201], [-115.323052464833, 36.276170094357], [-115.323052727052, 36.2763191133887], [-115.323053030091, 36.2764860129897], [-115.323053464271, 36.2767307653925], [-115.323053472906, 36.2768019313392], [-115.323053533318, 36.2771290959055], [-115.323054323919, 36.2772664814477], [-115.321907224854, 36.2772806160844], [-115.320760025231, 36.2772947494107], [-115.320759801337, 36.2770937113497], [-115.320759677468, 36.2769827924278], [-115.320758378529, 36.2758221146643], [-115.320758379839, 36.2758150756738], [-115.320758075368, 36.2755403740024], [-115.320757984034, 36.2754579607947], [-115.320757881573, 36.2753755466602], [-115.320756961485, 36.2745401295708], [-115.320756022905, 36.2737035758102], [-115.320755931564, 36.2736211625771], [-115.320755840226, 36.2735387484417], [-115.320754910799, 36.2727027722816], [-115.32075398137, 36.2718667860906], [-115.320753890021, 36.2717843728323], [-115.319615846648, 36.2717970824153], [-115.319615803238, 36.2718794953749], [-115.319614886985, 36.273551929253], [-115.319614843558, 36.2736343430896], [-115.318473744105, 36.2736475126885], [-115.317332655469, 36.2736606714229], [-115.317325540202, 36.2754988731642], [-115.316182362611, 36.2755124803795], [-115.316181990838, 36.2754536764688], [-115.316181842317, 36.2754302960452], [-115.316191094878, 36.2737567179285], [-115.316191555389, 36.2736738192435], [-115.31609036983, 36.2736749847559], [-115.315050466125, 36.2736869561999], [-115.315037238971, 36.275526090326], [-115.313808943148, 36.2755205344653], [-115.313809537754, 36.2754382219527], [-115.313810309705, 36.2753315167096], [-115.313812567574, 36.2750198449261], [-115.313812594566, 36.2750152304357], [-115.313815586248, 36.2746014588322], [-115.313818615975, 36.2741830817466], [-115.313821645686, 36.2737646956188], [-115.313822240192, 36.2736824011073], [-115.3138341943, 36.2736824460713], [-115.313834622464, 36.273603206522], [-115.313835057785, 36.2735209125508], [-115.313835253241, 36.2734841209491], [-115.313835906405, 36.2733607876927], [-115.313836523329, 36.2732444356653], [-115.313837692926, 36.273023622945], [-115.313843491999, 36.2719292127206], [-115.313843931035, 36.2718468006669], [-115.312722418976, 36.2718452777268], [-115.312722770724, 36.2719239692771], [-115.312718676918, 36.272265230565], [-115.31271468052, 36.2725976045328], [-115.312710695641, 36.2729298532302], [-115.312706711218, 36.2732619577051], [-115.312702682815, 36.2735971174002], [-115.312701697844, 36.2736793308075], [-115.311641213955, 36.2736734086352], [-115.311578469772, 36.2736730578825], [-115.311578319798, 36.2736777919639], [-115.311575818859, 36.2737564472668], [-115.311567945361, 36.2745920047928], [-115.311567938735, 36.2745926320683], [-115.312079894351, 36.2745945478148], [-115.312591848897, 36.2745964604661], [-115.312654124515, 36.2745966933629], [-115.312693665908, 36.2745968432372], [-115.312685643305, 36.2755154469957], [-115.312668571004, 36.2773526634788], [-115.311540606638, 36.2773466254285], [-115.311559293876, 36.2755103330326], [-115.311500723122, 36.2755100647241], [-115.310996081407, 36.2755077692833], [-115.310534650148, 36.2755056685264], [-115.310432871216, 36.275505203788], [-115.30930961766, 36.275500082912], [-115.30930786346, 36.2755000761888], [-115.309249995754, 36.2754992973635], [-115.308819303132, 36.275493509307], [-115.308189524627, 36.2754850446851], [-115.308182993048, 36.275485043177], [-115.308182851488, 36.2754949325894], [-115.308176617542, 36.2759309337351], [-115.308166579124, 36.2762777589385], [-115.308171063228, 36.2763194687408], [-115.308169711708, 36.2764140485736], [-115.308169704494, 36.2764145181235], [-115.308165286781, 36.2764144683025], [-115.308069615285, 36.2764133946217], [-115.307043563624, 36.2764060588972], [-115.307037652325, 36.2767682576079], [-115.307030853403, 36.2771849005129], [-115.307029885966, 36.2772449541052], [-115.307028638061, 36.2773223692881], [-115.305900642634, 36.2773162779716], [-115.303648281376, 36.2773034067657], [-115.303614610459, 36.2773032135524], [-115.3036356427, 36.2764295385337], [-115.303636613597, 36.2763892094667], [-115.303565381553, 36.2763880883953], [-115.303053698652, 36.2763854752772], [-115.302634392302, 36.2763833390997], [-115.302542004637, 36.2763828689565], [-115.302531698582, 36.2767710265386], [-115.302521381282, 36.277159184068], [-115.302519072723, 36.2772461953261], [-115.302517726709, 36.2772969260576], [-115.301390300077, 36.2772904528519], [-115.301392187156, 36.2791181460783], [-115.301955711341, 36.2791219067737], [-115.302064333077, 36.2791226309652], [-115.302519235597, 36.279125664814], [-115.303220503459, 36.2791298645909], [-115.303644684154, 36.2791324030997], [-115.304771680466, 36.2791421987468], [-115.305892736502, 36.2791478421358], [-115.305891638105, 36.2809837296433], [-115.304765409038, 36.2809729368557], [-115.303639213746, 36.2809621335411], [-115.302469002135, 36.2809519462855], [-115.302387268306, 36.2809515956682], [-115.301354830299, 36.2809471612236], [-115.300796409237, 36.2809415170436], [-115.300269199713, 36.2809363226761], [-115.300268386021, 36.2809363144411], [-115.300267254865, 36.2802532049446], [-115.300267132643, 36.2801791538169], [-115.300266876244, 36.2800241882949], [-115.300266504314, 36.2797936259597], [-115.300310335868, 36.2797935404343], [-115.300829704603, 36.2797925279051], [-115.300829503942, 36.279642481682], [-115.300829318775, 36.2795051254937], [-115.300829134713, 36.2793677711074], [-115.300828926541, 36.2792133212086], [-115.300828904679, 36.2791968376727], [-115.300828795184, 36.2791144722663], [-115.30026539882, 36.2791107984937], [-115.30022054719, 36.2791104958412], [-115.299139686933, 36.2791031986042], [-115.299139642293, 36.2790835776635], [-115.29913957143, 36.279051230607], [-115.299139124754, 36.2788486473532], [-115.299138805465, 36.2787033514679], [-115.299138357988, 36.2785043661048], [-115.299138025596, 36.2783534723381], [-115.29913758439, 36.2781527565231], [-115.299137252028, 36.2780018537348], [-115.299136810788, 36.2778011469208], [-115.299136478421, 36.277650245025], [-115.299136018891, 36.2774422999854], [-115.299135923373, 36.2774010932906], [-115.299135647946, 36.2772774741319], [-115.299149137439, 36.2772775548571], [-115.299215647746, 36.2772779364056], [-115.300252253741, 36.2772839060267], [-115.300263482561, 36.2772839722622], [-115.300266440969, 36.2771600984824], [-115.300266871444, 36.2771466154678], [-115.300275397471, 36.2768797164904], [-115.300283733841, 36.2766187772094], [-115.300291441451, 36.2763775158554], [-115.300292069039, 36.2763578370122], [-115.300304900519, 36.2759561303583], [-115.300318168567, 36.2755407486993], [-115.300320800073, 36.2754583635927], [-115.299198527854, 36.2754528805916], [-115.298243561937, 36.275448452955], [-115.298075998803, 36.2754476757571], [-115.296954472333, 36.275442300557], [-115.295829735782, 36.2754503181547], [-115.295395147229, 36.2754528317525], [-115.29470329303, 36.2754491685677], [-115.294702967622, 36.2754568331604], [-115.294699436169, 36.2755392826539], [-115.294630278395, 36.2771510025282], [-115.294624981114, 36.2772746361715], [-115.295749508189, 36.2772695865535], [-115.295752282104, 36.2772695742972], [-115.296723167476, 36.2772651616998], [-115.296880219703, 36.2772584133801], [-115.296879971688, 36.2772644495514], [-115.296879732796, 36.2772646373464], [-115.296879974345, 36.2772646361225], [-115.296880418278, 36.2774017892849], [-115.296885928714, 36.2790882597677], [-115.296887554776, 36.2795678528711], [-115.296887860014, 36.2796579661247], [-115.296888336767, 36.2797986270865], [-115.296890064696, 36.2803219341789], [-115.296890635448, 36.2804947529604], [-115.296892011369, 36.2809111954893], [-115.29574615168, 36.2809132374312], [-115.2936119502, 36.2809170238843], [-115.292372658899, 36.2809192054709], [-115.292372651568, 36.2809190810767], [-115.292372166227, 36.2809190816984], [-115.292372158828, 36.2809132774492], [-115.292372156426, 36.2809112252331], [-115.292372040123, 36.2807629097166], [-115.292371874004, 36.2805554350764], [-115.292371729711, 36.2803729709527], [-115.29237169973, 36.2803360608327], [-115.292371610074, 36.2802243525853], [-115.292371609397, 36.2802239352918], [-115.292371361922, 36.2799184094696], [-115.292370701778, 36.2791023228506], [-115.29228589096, 36.2791025851364], [-115.29226892655, 36.2791026429885], [-115.292097212202, 36.279103171272], [-115.291944531565, 36.2791036465476], [-115.291791852075, 36.2791041126182], [-115.291652752956, 36.2791045485284], [-115.29151364274, 36.279104975237], [-115.29137453141, 36.279105401781], [-115.291235432291, 36.2791058372058], [-115.291096322073, 36.2791062634289], [-115.290957222987, 36.2791066895174], [-115.290818111622, 36.2791071244268], [-115.290565348881, 36.2791079028754], [-115.290308789198, 36.2791086895117], [-115.290113053014, 36.2791090109773]]]}, "properties": {"OBJECTID": 154, "AREA": 184897768.386947, "PERIMETER": 153459.36349357, "CNTY_IS": 57, "SYMBOL": 0, "ACRES": 4219.63853511, "SQ_MILES": 6.59318521, "Shape__Area": 183806719.37695312, "Shape__Length": 151194.54570387807}}, {"type": "Feature", "id": 157, "geometry": {"type": "Polygon", "coordinates": [[[-115.325257874418, 36.2625610480599], [-115.325260229521, 36.2615799421874], [-115.325262261673, 36.260733506807], [-115.325262294127, 36.2607202580327], [-115.325262359806, 36.2606935261522], [-115.3252625602, 36.2606055434415], [-115.325263729347, 36.260121231274], [-115.325264129865, 36.2599554926811], [-115.325265476976, 36.2593974415467], [-115.325474679336, 36.2595773488075], [-115.325636216508, 36.2597162654539], [-115.325657743005, 36.2597347772967], [-115.325666920454, 36.2597426697659], [-115.325951917047, 36.2600000351871], [-115.326202424043, 36.2602262522839], [-115.326241350525, 36.2602614048415], [-115.326406230045, 36.2604459000443], [-115.32664414916, 36.260712109689], [-115.326860734964, 36.2609544603404], [-115.327052804604, 36.2612038340301], [-115.327069225007, 36.2612287617163], [-115.327232535916, 36.261476686417], [-115.327524297203, 36.2619523953369], [-115.327547237372, 36.2619957149355], [-115.327587200299, 36.2620711565595], [-115.327627248476, 36.2621467578785], [-115.327736214144, 36.2623524595863], [-115.327840028977, 36.2625427166383], [-115.327914682098, 36.2626795464365], [-115.327930380579, 36.2627083038062], [-115.328113413959, 36.2631343166528], [-115.328229813167, 36.2634560349929], [-115.328372542284, 36.2638504949848], [-115.328382640404, 36.2638896916126], [-115.328460350953, 36.2642621027122], [-115.328464006725, 36.2642878511009], [-115.328475692097, 36.2643701720103], [-115.327943759964, 36.2643743873953], [-115.327557177735, 36.2643774494516], [-115.327556700805, 36.2642950352573], [-115.327551807563, 36.2634611303046], [-115.327547236057, 36.2626821590425], [-115.327546437481, 36.2625448020045], [-115.326788576897, 36.2625501908731], [-115.326402156035, 36.2625529305062], [-115.326412922189, 36.2643864973666], [-115.325268655288, 36.2643955433225], [-115.325268169633, 36.2643131291049], [-115.32526571441, 36.2638957214545], [-115.325263259258, 36.2634782957495], [-115.32526096974, 36.2630883324223], [-115.325258680115, 36.2626984051207], [-115.325257874418, 36.2625610480599]]]}, "properties": {"OBJECTID": 157, "AREA": 861272.47358391, "PERIMETER": 6177.70490894, "CNTY_IS": 57, "SYMBOL": 0, "ACRES": 19.77217444, "SQ_MILES": 0.03089402, "Shape__Area": 861272.46875, "Shape__Length": 6177.7049089346965}}, {"type": "Feature", "id": 158, "geometry": {"type": "Polygon", "coordinates": [[[-115.321831789922, 36.260743955565], [-115.322975334236, 36.2607354815802], [-115.322975082988, 36.2608178942478], [-115.322974595838, 36.2609787656896], [-115.322973813662, 36.2612372498113], [-115.32297253318, 36.261656605321], [-115.322971343814, 36.2620484989469], [-115.322970154454, 36.2624403835343], [-115.322969731961, 36.2625777379323], [-115.322411456113, 36.2625819191572], [-115.321825882268, 36.2625863012706], [-115.321826329051, 36.2624489379209], [-115.321828841713, 36.2616651330075], [-115.32182932933, 36.2615128426978], [-115.321831789922, 36.260743955565]]]}, "properties": {"OBJECTID": 158, "AREA": 226109.94791408, "PERIMETER": 2015.63486948, "CNTY_IS": 57, "SYMBOL": 0, "ACRES": 5.19079092, "SQ_MILES": 0.00811061, "Shape__Area": 226109.947265625, "Shape__Length": 2015.6348694863366}}, {"type": "Feature", "id": 159, "geometry": {"type": "Polygon", "coordinates": [[[-115.324124244456, 36.2588559837147], [-115.324124858187, 36.2586409156776], [-115.324296055052, 36.2587427474891], [-115.324360697007, 36.2587811982636], [-115.324519049113, 36.2588846386727], [-115.324340918911, 36.2588858709129], [-115.324287887049, 36.2588862382606], [-115.324124155226, 36.2588873706734], [-115.324124244456, 36.2588559837147]]]}, "properties": {"OBJECTID": 159, "AREA": 5339.25515899, "PERIMETER": 352.38375742, "CNTY_IS": 57, "SYMBOL": 0, "ACRES": 0.12257292, "SQ_MILES": 0.00019152, "Shape__Area": 5339.251953125, "Shape__Length": 352.3837574394817}}, {"type": "Feature", "id": 160, "geometry": {"type": "Polygon", "coordinates": [[[-115.306359526765, 36.2847572384116], [-115.306361068955, 36.2846487569659], [-115.306690097966, 36.2846530579285], [-115.306688572825, 36.284760307372], [-115.306688049101, 36.2850884767547], [-115.306687700165, 36.2853071935446], [-115.306358618827, 36.2853040073297], [-115.306359117318, 36.285004163265], [-115.306359451154, 36.2848032088163], [-115.306359526765, 36.2847572384116]]]}, "properties": {"OBJECTID": 160, "AREA": 23113.23031154, "PERIMETER": 670.62619289, "CNTY_IS": 57, "SYMBOL": 0, "ACRES": 0.5306088800000001, "SQ_MILES": 0.00082908, "Shape__Area": 23113.234375, "Shape__Length": 670.6261928997023}}, {"type": "Feature", "id": 161, "geometry": {"type": "Polygon", "coordinates": [[[-115.285623733038, 36.2759975077352], [-115.285640046798, 36.2755134066367], [-115.286268576623, 36.2755067408677], [-115.286247372328, 36.275997345256], [-115.286781727508, 36.2759965084219], [-115.286766814301, 36.2764020297363], [-115.286630474474, 36.2764016915581], [-115.286229937846, 36.2764006971653], [-115.286215019366, 36.2767803967319], [-115.285599623198, 36.276784625391], [-115.285609940455, 36.2764067981255], [-115.285623733038, 36.2759975077352]]]}, "properties": {"OBJECTID": 161, "AREA": 108174.38493868, "PERIMETER": 1609.99514564, "CNTY_IS": 57, "SYMBOL": 0, "ACRES": 2.4833521, "SQ_MILES": 0.00388024, "Shape__Area": 108174.388671875, "Shape__Length": 1609.9951456374552}}, {"type": "Feature", "id": 162, "geometry": {"type": "Polygon", "coordinates": [[[-115.227506857851, 36.2658110184093], [-115.227518896815, 36.2649039333999], [-115.228565701299, 36.2650072381148], [-115.228566073097, 36.2649250335758], [-115.228574389431, 36.2645626981761], [-115.2285817175, 36.2641235618433], [-115.228589134892, 36.2636671121727], [-115.228596496988, 36.2632204051295], [-115.229568318808, 36.2633401072343], [-115.229672487207, 36.2633425783582], [-115.229702442771, 36.2615945988987], [-115.229702502829, 36.2615946071878], [-115.2307589821, 36.2617225721536], [-115.230758364421, 36.2618600064237], [-115.230748042491, 36.2623737691999], [-115.231805277725, 36.2625021588795], [-115.231799663692, 36.262746660348], [-115.231780414869, 36.2635850385695], [-115.2317750295, 36.2638283906322], [-115.231741898058, 36.265325334752], [-115.232257244788, 36.2653776896942], [-115.232781950466, 36.2654279067783], [-115.232784979203, 36.2653478730773], [-115.232801060582, 36.2647378517054], [-115.232810455965, 36.2644285242335], [-115.232819846474, 36.2641202683512], [-115.232826599721, 36.2638044429919], [-115.23282832185, 36.263717916229], [-115.232838656151, 36.2634972863371], [-115.232845385127, 36.263186859535], [-115.232854780102, 36.2628775310761], [-115.232880928591, 36.2619917474473], [-115.233931544737, 36.2621269387517], [-115.233924395271, 36.2623201341434], [-115.233905638035, 36.2629758330644], [-115.233880499981, 36.2638221707641], [-115.233855333315, 36.2646722936258], [-115.233850462011, 36.2648414053001], [-115.233716942697, 36.2648266216632], [-115.233257690979, 36.2647766083915], [-115.233244274546, 36.2653887916869], [-115.233244072465, 36.2654764584933], [-115.233829346444, 36.2655439995929], [-115.233705799029, 36.268937004838], [-115.233567819599, 36.268924740581], [-115.232689158304, 36.2688648374417], [-115.231634241682, 36.2687881857707], [-115.230614059585, 36.2687148727441], [-115.229577846437, 36.2686404220698], [-115.229607108481, 36.2668805335458], [-115.228583517314, 36.2667868242659], [-115.228590524423, 36.2663128977894], [-115.228592551838, 36.2661744394647], [-115.228596321478, 36.2659170184202], [-115.228545580219, 36.2659125417776], [-115.228056934471, 36.2658645762983], [-115.227608330061, 36.2658199815362], [-115.227506857851, 36.2658110184093]]]}, "properties": {"OBJECTID": 162, "AREA": 3117754.36569502, "PERIMETER": 11652.79086584, "CNTY_IS": 57, "SYMBOL": 0, "ACRES": 71.57407798, "SQ_MILES": 0.1118345, "Shape__Area": 3117754.369140625, "Shape__Length": 11652.79086583334}}, {"type": "Feature", "id": 163, "geometry": {"type": "Polygon", "coordinates": [[[-115.220910075828, 36.2660129885161], [-115.220913970212, 36.2654591908266], [-115.220917879539, 36.2649021395152], [-115.220917458615, 36.2647041895146], [-115.220919112799, 36.2643461615775], [-115.2209269546, 36.2638075072633], [-115.220928188045, 36.2635405278877], [-115.220931172232, 36.2628945858633], [-115.220929335791, 36.2627139459772], [-115.220934545184, 36.2621644690922], [-115.22093714354, 36.2616020049251], [-115.220941723159, 36.2611888183679], [-115.220941972962, 36.2611347414732], [-115.220942199114, 36.2610544652217], [-115.221683611192, 36.2610543028021], [-115.221675957112, 36.2627145835424], [-115.221734736084, 36.2627131389541], [-115.222430637223, 36.26270767002], [-115.222431819788, 36.262160343961], [-115.222433071965, 36.261597875671], [-115.222432530832, 36.2611349220708], [-115.222433556429, 36.2610547113143], [-115.223117975673, 36.2610553143697], [-115.223171428892, 36.2610549435805], [-115.223174856508, 36.2610549539014], [-115.223174866313, 36.2610552423403], [-115.223170359328, 36.261135199277], [-115.223169147238, 36.2615259893924], [-115.223168932394, 36.261595328659], [-115.223226447953, 36.2615959407563], [-115.223269182162, 36.2615960694072], [-115.223941030413, 36.261591600784], [-115.22394553971, 36.2611903107446], [-115.22394569826, 36.2611557011961], [-115.223943131434, 36.2611329812462], [-115.223942885321, 36.2611075103546], [-115.223942809585, 36.2610995067672], [-115.223942356448, 36.2610519358856], [-115.225479625277, 36.26104567556], [-115.225479604634, 36.2610504450684], [-115.225479051401, 36.2611575766829], [-115.225465793233, 36.2626965442389], [-115.225449245763, 36.2646172255788], [-115.225446867457, 36.2646994241], [-115.225446641931, 36.2648952091112], [-115.225441381393, 36.2656090971224], [-115.225437046585, 36.266412765073], [-115.225436656682, 36.2664982141218], [-115.22542894969, 36.2674554767343], [-115.225424750216, 36.2682294026593], [-115.225423613206, 36.2683371020057], [-115.225256550931, 36.2683376924984], [-115.224671472195, 36.2683389406464], [-115.224684551595, 36.2648969009836], [-115.224686641032, 36.2643474237245], [-115.223929728921, 36.2643498383385], [-115.223261540774, 36.2643518934135], [-115.223219137737, 36.2643520271238], [-115.223219291036, 36.2649004385611], [-115.223260691544, 36.2649005632042], [-115.223929882232, 36.2648993313225], [-115.223927297821, 36.2651718972671], [-115.223926017297, 36.2654513628], [-115.223160178703, 36.2654516096615], [-115.223161853395, 36.2649002656118], [-115.223101744754, 36.2649000845904], [-115.222421880101, 36.2649012796303], [-115.222416665892, 36.2654539919314], [-115.221646220582, 36.2654564683938], [-115.221640745934, 36.2660113609018], [-115.22174533119, 36.2660110282091], [-115.222411441581, 36.2660088762318], [-115.222407567621, 36.2665605199531], [-115.22240640446, 36.2671035204331], [-115.222403895795, 36.2676486699572], [-115.222399275165, 36.2683431638596], [-115.220895292643, 36.2683451048754], [-115.220895986533, 36.2682094015347], [-115.220899872036, 36.2676527830216], [-115.220903692211, 36.2671054654504], [-115.220906005566, 36.2666048294817], [-115.220906191305, 36.26656463303], [-115.220906561574, 36.2665134045886], [-115.220910075828, 36.2660129885161]]]}, "properties": {"OBJECTID": 163, "AREA": 2441001.70103832, "PERIMETER": 13760.7136515, "CNTY_IS": 57, "SYMBOL": 0, "ACRES": 56.03791242, "SQ_MILES": 0.08755924, "Shape__Area": 2441001.7109375, "Shape__Length": 13760.71365149718}}, {"type": "Feature", "id": 164, "geometry": {"type": "Polygon", "coordinates": [[[-115.226569647011, 36.2657152506109], [-115.226595754189, 36.2648128222174], [-115.226810510312, 36.2648340207267], [-115.227074134628, 36.2648600420568], [-115.227072690328, 36.2649428021862], [-115.227058275031, 36.2657642585808], [-115.226820281256, 36.2657403883565], [-115.226569647011, 36.2657152506109]]]}, "properties": {"OBJECTID": 164, "AREA": 46977.84389429, "PERIMETER": 944.99329989, "CNTY_IS": 57, "SYMBOL": 0, "ACRES": 1.07846721, "SQ_MILES": 0.00168511, "Shape__Area": 46977.845703125, "Shape__Length": 944.9932998899808}}, {"type": "Feature", "id": 165, "geometry": {"type": "Polygon", "coordinates": [[[-115.242406326069, 36.2658901613239], [-115.241426853547, 36.2658669604193], [-115.241303480651, 36.265862488832], [-115.241303399419, 36.2658624858959], [-115.241182867843, 36.2658580250133], [-115.240358854037, 36.265844894653], [-115.240316406631, 36.2658445566178], [-115.240265952244, 36.2658455925834], [-115.240280535287, 36.2650788513966], [-115.240176836617, 36.2650777878361], [-115.239198241895, 36.2649711398137], [-115.239207586344, 36.2643632620039], [-115.239213452953, 36.2639392621417], [-115.239221752988, 36.2635389548715], [-115.239228427629, 36.2627980214588], [-115.239796930391, 36.2628695192256], [-115.241327598559, 36.2630620082113], [-115.241326684811, 36.2631286434993], [-115.241325706891, 36.2632000418649], [-115.241325512712, 36.2632139480518], [-115.241321790881, 36.2634856019593], [-115.241319724429, 36.2636532520455], [-115.241318406133, 36.2637149066014], [-115.24131770176, 36.2637478102975], [-115.241316369636, 36.2638100830905], [-115.241312863883, 36.2640015327404], [-115.241310948291, 36.2641345741175], [-115.241308656597, 36.2643546356357], [-115.241308650676, 36.2643552277593], [-115.241306843561, 36.2644633860193], [-115.241304423266, 36.2647121682229], [-115.242238052831, 36.2647169974797], [-115.24234160094, 36.264717775821], [-115.242399963329, 36.2647182143816], [-115.242400318586, 36.2647988186008], [-115.242402080162, 36.2651949818053], [-115.242403505125, 36.2655167497403], [-115.24240392281, 36.2656109012533], [-115.242406326069, 36.2658901613239]]]}, "properties": {"OBJECTID": 165, "AREA": 701337.92832169, "PERIMETER": 3999.70177847, "CNTY_IS": 57, "SYMBOL": 0, "ACRES": 16.1005677, "SQ_MILES": 0.02515714, "Shape__Area": 701337.923828125, "Shape__Length": 3999.701778475263}}, {"type": "Feature", "id": 167, "geometry": {"type": "Polygon", "coordinates": [[[-115.243336352224, 36.2664471124533], [-115.242566039628, 36.2664398838657], [-115.242407595764, 36.2664404597916], [-115.24241314105, 36.2663271577877], [-115.242406326069, 36.2658901613239], [-115.243165241918, 36.2659000290045], [-115.243558341669, 36.2659051381402], [-115.243570641307, 36.2663389866441], [-115.243573769259, 36.2664493391231], [-115.243336352224, 36.2664471124533]]]}, "properties": {"OBJECTID": 167, "AREA": 67774.28702953, "PERIMETER": 1081.95913743, "CNTY_IS": 57, "SYMBOL": 0, "ACRES": 1.55588976, "SQ_MILES": 0.00243108, "Shape__Area": 67774.287109375, "Shape__Length": 1081.9591374350996}}, {"type": "Feature", "id": 168, "geometry": {"type": "Polygon", "coordinates": [[[-115.240204319028, 36.2727442386371], [-115.24020759987, 36.2700822553088], [-115.240207694253, 36.2700823060512], [-115.240345664854, 36.2700927177109], [-115.240823031878, 36.2701287399102], [-115.241300411598, 36.2701647602415], [-115.24130047915, 36.2700420874286], [-115.241300690698, 36.269646507003], [-115.241300984009, 36.2695366338813], [-115.241487276572, 36.2695506892791], [-115.24238971733, 36.2696187747026], [-115.242421694444, 36.2696211911541], [-115.242432222592, 36.2719406204453], [-115.242435907992, 36.272752477042], [-115.242436435842, 36.2728358828172], [-115.240204319028, 36.2727442386371]]]}, "properties": {"OBJECTID": 168, "AREA": 701956.29863348, "PERIMETER": 3682.01655623, "CNTY_IS": 57, "SYMBOL": 0, "ACRES": 16.11476369, "SQ_MILES": 0.02517932, "Shape__Area": 701956.3046875, "Shape__Length": 3682.016556226999}}, {"type": "Feature", "id": 169, "geometry": {"type": "Polygon", "coordinates": [[[-115.246290926822, 36.2684836833271], [-115.246289372062, 36.2680451968762], [-115.246583162913, 36.2680562629603], [-115.246996320516, 36.2680697189742], [-115.246996830705, 36.268337713878], [-115.246999601381, 36.2697938330078], [-115.24630356752, 36.2697663575225], [-115.24629310245, 36.2693034394292], [-115.246293108591, 36.269303046489], [-115.246293680337, 36.2692647942277], [-115.246292204322, 36.268976326804], [-115.246292333592, 36.2688840894008], [-115.246293449391, 36.268686604343], [-115.246291528551, 36.2686337299167], [-115.246290926822, 36.2684836833271]]]}, "properties": {"OBJECTID": 169, "AREA": 130163.45537935, "PERIMETER": 1668.20129735, "CNTY_IS": 57, "SYMBOL": 0, "ACRES": 2.98815372, "SQ_MILES": 0.0046689900000000005, "Shape__Area": 130163.453125, "Shape__Length": 1668.201297347574}}, {"type": "Feature", "id": 170, "geometry": {"type": "Polygon", "coordinates": [[[-115.247020405485, 36.2730400952704], [-115.247016606543, 36.2724725479124], [-115.247102953878, 36.2724756928148], [-115.247746737527, 36.2724991415954], [-115.247745269793, 36.2722179017061], [-115.24774471094, 36.2721079099376], [-115.247743820575, 36.2719323357196], [-115.247743237968, 36.2718143702697], [-115.247742655001, 36.2716962290671], [-115.247742389869, 36.2716424445365], [-115.247742327309, 36.2715283190848], [-115.247742239243, 36.2713655344392], [-115.247592547152, 36.2713596156096], [-115.247357950132, 36.2713503396834], [-115.247149597183, 36.2713421005375], [-115.247094489551, 36.2713399213483], [-115.247009026947, 36.2713402109984], [-115.247009008484, 36.2713375089139], [-115.247003791496, 36.2704814004757], [-115.247090158294, 36.2704810520822], [-115.24711153251, 36.2704800306381], [-115.247739273479, 36.2704980257533], [-115.247738310851, 36.2703200917381], [-115.247738054264, 36.2702726332935], [-115.2477377839, 36.270221111846], [-115.248394877092, 36.2702467485038], [-115.248392849248, 36.2698459252911], [-115.248785445327, 36.2698606009802], [-115.251579348421, 36.2699650060351], [-115.253064971179, 36.2700199462591], [-115.253058763984, 36.2701298797184], [-115.253061810487, 36.2706750544962], [-115.253397042381, 36.2706878766484], [-115.253395879721, 36.2706467661206], [-115.253700398974, 36.2706564203182], [-115.25376984854, 36.2706586215637], [-115.253870524231, 36.2706583239256], [-115.253878023021, 36.2726640345208], [-115.253149774868, 36.2726255514357], [-115.252717072355, 36.2726005622882], [-115.252583529602, 36.2725926223042], [-115.251582859291, 36.2725369907306], [-115.25158180518, 36.2723388949348], [-115.251580412718, 36.2720655513609], [-115.25157963177, 36.2716713381146], [-115.251577501905, 36.2705962033274], [-115.250739156738, 36.2705669717279], [-115.250740708614, 36.2708309073692], [-115.250742260497, 36.2710948420976], [-115.250741099869, 36.2713685039801], [-115.250742642611, 36.2716345936163], [-115.250745493423, 36.2719071841943], [-115.24997377938, 36.2718753880867], [-115.249950915027, 36.2718744456069], [-115.249952299289, 36.2721928900421], [-115.249944713075, 36.2725321289832], [-115.249960915513, 36.2726769374671], [-115.250746082558, 36.2727130386377], [-115.250746243756, 36.272989948724], [-115.249953123157, 36.2729546996185], [-115.24995164343, 36.2733027511126], [-115.247020076072, 36.2731220926288], [-115.247020405485, 36.2730400952704]]]}, "properties": {"OBJECTID": 170, "AREA": 1721705.72166947, "PERIMETER": 8859.07583936, "CNTY_IS": 57, "SYMBOL": 0, "ACRES": 39.52508284, "SQ_MILES": 0.061757940000000004, "Shape__Area": 1721705.716796875, "Shape__Length": 8859.075839380876}}, {"type": "Feature", "id": 171, "geometry": {"type": "Polygon", "coordinates": [[[-115.25140872809, 36.2554690059897], [-115.251370034876, 36.2535543568487], [-115.251334518234, 36.2516572377171], [-115.251296390424, 36.2497411477622], [-115.251263702349, 36.2479887811566], [-115.251261216113, 36.2478452991672], [-115.253534197196, 36.2478390592474], [-115.25580943545, 36.2478331518439], [-115.255809889434, 36.247833150383], [-115.255821142807, 36.2483748202123], [-115.255917737986, 36.248373594809], [-115.256067262012, 36.2483731738758], [-115.256933000968, 36.2483707362201], [-115.256925115058, 36.2479632982152], [-115.256924109944, 36.2478301391394], [-115.258974490517, 36.2478245690331], [-115.260358689693, 36.2478207893224], [-115.261531744154, 36.2478539993583], [-115.262122596303, 36.2478677365856], [-115.26264547405, 36.2478837131445], [-115.26270387249, 36.2478856452055], [-115.262703889748, 36.2478808756655], [-115.262786698705, 36.2478835580836], [-115.263284910482, 36.2478965455976], [-115.263876467468, 36.2479119614474], [-115.263877613419, 36.247911991546], [-115.263892544163, 36.2479123829164], [-115.263940662981, 36.2479136470132], [-115.263944178758, 36.2479137285025], [-115.263960311125, 36.2479141410981], [-115.265060150417, 36.2479453455283], [-115.266232231847, 36.247978029211], [-115.26623079473, 36.2480575031901], [-115.266229767145, 36.2481143776959], [-115.266231561239, 36.2483530510434], [-115.266232461643, 36.2484727969046], [-115.266233376387, 36.2485947770804], [-115.266234889524, 36.2487964105662], [-115.266235048487, 36.2488176551129], [-115.266235267767, 36.2488468293012], [-115.266236572972, 36.2490200610201], [-115.266237328879, 36.2491202162137], [-115.266238256322, 36.2492440124937], [-115.266239020891, 36.2493464308262], [-115.266166301592, 36.2493445418334], [-115.266018108216, 36.2493406924169], [-115.265722775141, 36.2493330201655], [-115.265718723067, 36.2493329147724], [-115.265592906268, 36.2493296460807], [-115.265316903522, 36.2493224748104], [-115.265296193667, 36.2493219366659], [-115.265073598926, 36.2493161460754], [-115.265073590613, 36.2493160009468], [-115.26506647217, 36.2492414694029], [-115.265062264998, 36.2488864088858], [-115.265069384539, 36.2488865738351], [-115.265014946739, 36.2488851383563], [-115.264967628482, 36.2488838678081], [-115.264967628664, 36.2488838227445], [-115.26496762914, 36.248883705579], [-115.264560533219, 36.2488727434195], [-115.263972753718, 36.2488569174198], [-115.263939120314, 36.2488560074592], [-115.263939726088, 36.2488971814519], [-115.263941159782, 36.2489946661631], [-115.263945406205, 36.2492827822702], [-115.263950958939, 36.2496600476665], [-115.263953009565, 36.2497987063814], [-115.264032038993, 36.2498007100006], [-115.264572853882, 36.249814455707], [-115.264970872761, 36.2498259434597], [-115.264973598603, 36.2498260228166], [-115.264973598786, 36.2498259777529], [-115.264973598968, 36.2498259326893], [-115.265073149896, 36.2498242057492], [-115.265079419453, 36.2498243585226], [-115.265079472991, 36.2498289921565], [-115.265089893226, 36.2507689326864], [-115.265191665513, 36.2507712583164], [-115.265673179767, 36.2507822447435], [-115.265674613791, 36.2509337910062], [-115.26567821511, 36.2513168904613], [-115.265681252037, 36.2516387471916], [-115.265682030754, 36.251721270627], [-115.265093628592, 36.2517109823096], [-115.2650971304, 36.2521645716107], [-115.265112735388, 36.253590470467], [-115.265113747936, 36.2536755550408], [-115.265129147861, 36.2553853656175], [-115.265128713575, 36.2554677604986], [-115.262854501384, 36.2554352725448], [-115.260774620821, 36.2554132418234], [-115.260539113009, 36.2554039181791], [-115.25858490707, 36.2554141010192], [-115.255972980141, 36.2554276604511], [-115.255350561341, 36.2554263880688], [-115.25140872809, 36.2554690059897]]]}, "properties": {"OBJECTID": 171, "AREA": 11251451.7706075, "PERIMETER": 16039.76776567, "CNTY_IS": 57, "SYMBOL": 0, "ACRES": 258.29882407, "SQ_MILES": 0.40359191, "Shape__Area": 11251451.787109375, "Shape__Length": 16039.767765655757}}, {"type": "Feature", "id": 172, "geometry": {"type": "Polygon", "coordinates": [[[-115.242174031046, 36.2466360910181], [-115.242177763429, 36.2463123963167], [-115.24221294595, 36.246312415528], [-115.243326560585, 36.2463130441544], [-115.243360473159, 36.2463134109188], [-115.243365902429, 36.2459872793997], [-115.243369745127, 36.2456824388487], [-115.243369970861, 36.245664486851], [-115.243373996704, 36.2453515181396], [-115.243379434834, 36.2450233046304], [-115.243384875837, 36.2446918455935], [-115.243350963963, 36.2446914788396], [-115.242196593514, 36.2446806849897], [-115.242202147703, 36.2441988653908], [-115.242284904638, 36.2441991373934], [-115.244486557736, 36.2442063489456], [-115.244488769605, 36.2436939301734], [-115.244490533147, 36.2432802095401], [-115.244493891021, 36.2428115872569], [-115.245393453042, 36.2428097784937], [-115.245391052908, 36.2430545871138], [-115.245391466558, 36.2432712304801], [-115.245626703486, 36.2432728050402], [-115.245618189925, 36.2436974121694], [-115.245614573594, 36.2439173058782], [-115.245605715305, 36.2442125238817], [-115.245630370791, 36.244212665585], [-115.245626433081, 36.2447038182294], [-115.245590973541, 36.2447037001007], [-115.244585986899, 36.244700534169], [-115.244484248907, 36.2446999756627], [-115.244481515596, 36.245023862646], [-115.244583254007, 36.2450244211568], [-115.24562239188, 36.2450276294556], [-115.245619563594, 36.2453720915635], [-115.245619472229, 36.2453827246337], [-115.24561689549, 36.2456819007037], [-115.245614130577, 36.2460038588381], [-115.244460361671, 36.2460012270625], [-115.244451071417, 36.2466402557134], [-115.243321142281, 36.2466391675731], [-115.243321147317, 36.2466380049336], [-115.242211539015, 36.2466361529131], [-115.242174031046, 36.2466360910181]]]}, "properties": {"OBJECTID": 172, "AREA": 728887.91893422, "PERIMETER": 6186.03325868, "CNTY_IS": 57, "SYMBOL": 0, "ACRES": 16.73303109, "SQ_MILES": 0.02614536, "Shape__Area": 728887.912109375, "Shape__Length": 6186.033258651582}}, {"type": "Feature", "id": 174, "geometry": {"type": "Polygon", "coordinates": [[[-115.251366145149, 36.2416672320274], [-115.251372674737, 36.2413307642456], [-115.252069551695, 36.2413361748203], [-115.252077782476, 36.2406406224594], [-115.252078650771, 36.2405674677092], [-115.252079233, 36.2405183394742], [-115.253399694797, 36.2405274689965], [-115.253395680304, 36.2406673190525], [-115.253380944023, 36.241679907844], [-115.252989834, 36.2416774459695], [-115.252666846944, 36.2416754126669], [-115.251569602729, 36.2416685084229], [-115.251366145149, 36.2416672320274]]]}, "properties": {"OBJECTID": 174, "AREA": 188182.39780992, "PERIMETER": 2028.81587716, "CNTY_IS": 57, "SYMBOL": 0, "ACRES": 4.32009069, "SQ_MILES": 0.00675014, "Shape__Area": 188182.396484375, "Shape__Length": 2028.815877171785}}, {"type": "Feature", "id": 175, "geometry": {"type": "Polygon", "coordinates": [[[-115.257070695198, 36.2387582380025], [-115.257073078933, 36.2386876721958], [-115.256981914361, 36.2386866367336], [-115.256914737718, 36.2386858730454], [-115.256813251292, 36.2386847200656], [-115.2566722975, 36.2386831176596], [-115.256554421599, 36.2386817782085], [-115.256408730754, 36.2386801219956], [-115.256300711695, 36.2386788939492], [-115.256146818337, 36.2386771437944], [-115.255941755144, 36.238674811799], [-115.255969416057, 36.2377621233086], [-115.255969903648, 36.2377460421365], [-115.256071612363, 36.2377464195304], [-115.257100074281, 36.2377493905496], [-115.257428655095, 36.2377521607292], [-115.258135208011, 36.2377588691188], [-115.258225042767, 36.2377597261385], [-115.258231349997, 36.2376355409662], [-115.258239988921, 36.2374654498286], [-115.258246808433, 36.2373311860829], [-115.258256203118, 36.2371462140886], [-115.258263749371, 36.2369976318098], [-115.258268032426, 36.2369133013011], [-115.258270637098, 36.2368689057257], [-115.258272904111, 36.2368302882649], [-115.258273090731, 36.2368255200788], [-115.258345239001, 36.2349814338642], [-115.259958658567, 36.2349872159776], [-115.259958447497, 36.2350652152472], [-115.259943018119, 36.2354434001553], [-115.259941160627, 36.235488953246], [-115.260102707546, 36.2354893447252], [-115.260401649201, 36.2354902655329], [-115.260435345791, 36.2354903690965], [-115.260569347789, 36.2354943105687], [-115.26060735455, 36.2354954288406], [-115.260547132225, 36.2368409321574], [-115.260547021464, 36.2368435185435], [-115.260466985319, 36.2386723084868], [-115.26046465292, 36.238725450891], [-115.260295485378, 36.2387233358829], [-115.259336370437, 36.2387113239381], [-115.259332905087, 36.2387934854843], [-115.259329966386, 36.2388685373278], [-115.25932586006, 36.2389733752339], [-115.259318450339, 36.2391580534109], [-115.259299667062, 36.2396305644281], [-115.259278235723, 36.2400976524197], [-115.259262579275, 36.2404216844876], [-115.259256503452, 36.2405594120693], [-115.258121956584, 36.2405525390062], [-115.258124432636, 36.2404790821316], [-115.258127126876, 36.2403991483256], [-115.258135854101, 36.2401401900715], [-115.258142039007, 36.2399567145929], [-115.258148532374, 36.2397640315336], [-115.258150884094, 36.2396942551524], [-115.258153300534, 36.2396225511008], [-115.258086289447, 36.239622180577], [-115.257949402469, 36.239621421711], [-115.257799556528, 36.239620588673], [-115.257786042803, 36.2396204140055], [-115.257742630713, 36.2396202724364], [-115.25763077389, 36.239619649819], [-115.257473310341, 36.2396187722008], [-115.25735208585, 36.2396180994732], [-115.257136996708, 36.2396169012532], [-115.257041694632, 36.2396163700873], [-115.257041898884, 36.2396103239337], [-115.257042786997, 36.239584021497], [-115.257045219103, 36.2395120029638], [-115.257049299247, 36.2393911826212], [-115.257053377863, 36.2392704587092], [-115.257058936491, 36.2391060211723], [-115.2570663811, 36.2388858452872], [-115.257070695198, 36.2387582380025]]]}, "properties": {"OBJECTID": 175, "AREA": 1440126.11401077, "PERIMETER": 6725.60746447, "CNTY_IS": 57, "SYMBOL": 0, "ACRES": 33.06087866, "SQ_MILES": 0.05165762, "Shape__Area": 1440126.10546875, "Shape__Length": 6725.607464458447}}, {"type": "Feature", "id": 176, "geometry": {"type": "Polygon", "coordinates": [[[-115.255891447112, 36.2403341595408], [-115.255913414422, 36.2396094751768], [-115.256015195216, 36.2396115562472], [-115.256514575916, 36.239616814095], [-115.256514731671, 36.2396168154218], [-115.25650737351, 36.2398160997287], [-115.256485639948, 36.2404046937531], [-115.256480215076, 36.2405425671664], [-115.255885239222, 36.2405389483631], [-115.255885383723, 36.2405341791675], [-115.255891447112, 36.2403341595408]]]}, "properties": {"OBJECTID": 176, "AREA": 59565.44543193, "PERIMETER": 1028.39240034, "CNTY_IS": 57, "SYMBOL": 0, "ACRES": 1.3674399400000001, "SQ_MILES": 0.00213662, "Shape__Area": 59565.453125, "Shape__Length": 1028.3924003380507}}, {"type": "Feature", "id": 177, "geometry": {"type": "Polygon", "coordinates": [[[-115.324950003581, 36.2308986286199], [-115.326133551256, 36.2308593769547], [-115.326141792666, 36.2326433593433], [-115.326053722916, 36.2342234930884], [-115.326035652744, 36.2345476963447], [-115.325934081628, 36.2363700525136], [-115.325929483989, 36.2364523840754], [-115.324753588325, 36.2364869453545], [-115.324827996666, 36.2350737072399], [-115.324854921689, 36.2345863401236], [-115.324953524376, 36.2326890900942], [-115.324951257248, 36.2315363752536], [-115.324950003581, 36.2308986286199]]]}, "properties": {"OBJECTID": 177, "AREA": 709161.08448889, "PERIMETER": 4769.22309849, "CNTY_IS": 57, "SYMBOL": 0, "ACRES": 16.28016348, "SQ_MILES": 0.02543776, "Shape__Area": 709161.080078125, "Shape__Length": 4769.223098490938}}, {"type": "Feature", "id": 178, "geometry": {"type": "Polygon", "coordinates": [[[-115.324942944607, 36.2273195246263], [-115.326117073653, 36.2272933303341], [-115.326123210834, 36.2286212158056], [-115.326125316345, 36.2290768451197], [-115.324946477655, 36.2291096987862], [-115.32494482817, 36.228273720218], [-115.324942944607, 36.2273195246263]]]}, "properties": {"OBJECTID": 178, "AREA": 225709.60761685, "PERIMETER": 1995.18927623, "CNTY_IS": 57, "SYMBOL": 0, "ACRES": 5.18160033, "SQ_MILES": 0.008096250000000001, "Shape__Area": 225709.60546875, "Shape__Length": 1995.1892762103857}}, {"type": "Feature", "id": 179, "geometry": {"type": "Polygon", "coordinates": [[[-115.327233771563, 36.218619768348], [-115.327232188416, 36.2183888548886], [-115.327348443055, 36.2183893469787], [-115.327583163852, 36.2183909195815], [-115.329544756692, 36.2184040473897], [-115.329555987558, 36.2192866145454], [-115.328924189781, 36.2192841283747], [-115.327238301531, 36.2192774769326], [-115.327233771563, 36.218619768348]]]}, "properties": {"OBJECTID": 179, "AREA": 220164.5036651, "PERIMETER": 2010.55896401, "CNTY_IS": 57, "SYMBOL": 0, "ACRES": 5.05430175, "SQ_MILES": 0.007897350000000001, "Shape__Area": 220164.505859375, "Shape__Length": 2010.5589640002383}}, {"type": "Feature", "id": 180, "geometry": {"type": "Polygon", "coordinates": [[[-115.306380202738, 36.2193776965179], [-115.308673044389, 36.2193405845137], [-115.308673880663, 36.2202722763973], [-115.308673939292, 36.2202793687644], [-115.308681566774, 36.2212077151882], [-115.306399610337, 36.2212495391212], [-115.306387992452, 36.2203107023041], [-115.306386773909, 36.2201647629943], [-115.306380202738, 36.2193776965179]]]}, "properties": {"OBJECTID": 180, "AREA": 459050.88986033, "PERIMETER": 2710.77390336, "CNTY_IS": 57, "SYMBOL": 0, "ACRES": 10.53840051, "SQ_MILES": 0.01646625, "Shape__Area": 459050.890625, "Shape__Length": 2710.773903371041}}, {"type": "Feature", "id": 181, "geometry": {"type": "Polygon", "coordinates": [[[-115.259388865792, 36.2229001423568], [-115.258868398078, 36.2228956137707], [-115.258351906871, 36.2228954289062], [-115.258251894317, 36.2228908608144], [-115.258251856224, 36.2228860884016], [-115.258154440952, 36.2228826061237], [-115.258135765008, 36.2228825553703], [-115.257648651678, 36.2228791936636], [-115.257587671712, 36.2228790439001], [-115.257407087728, 36.2228785990375], [-115.25712682933, 36.2228768259151], [-115.256964007013, 36.222876417987], [-115.256611692143, 36.2228744651315], [-115.256527611373, 36.2228742625666], [-115.256080526362, 36.2228720673086], [-115.255972459364, 36.222872880296], [-115.25597234697, 36.2228728917052], [-115.255961933603, 36.222038107444], [-115.255958309817, 36.2219547826456], [-115.255940555167, 36.221034365895], [-115.257089593407, 36.221032709248], [-115.257082196254, 36.2206041986569], [-115.257075020156, 36.2201063977407], [-115.258211458477, 36.2201062551604], [-115.258210208063, 36.2201557594257], [-115.258209834606, 36.2201841849843], [-115.258228296987, 36.2210367366581], [-115.258243852835, 36.2218794292548], [-115.258243412529, 36.2219616433807], [-115.258721305829, 36.2219612057596], [-115.258884016223, 36.2219610566976], [-115.259383113346, 36.2219644998829], [-115.259384051556, 36.2220444915697], [-115.259385780147, 36.2224750144935], [-115.259388865792, 36.2229001423568]]]}, "properties": {"OBJECTID": 181, "AREA": 679455.07713088, "PERIMETER": 4042.45476188, "CNTY_IS": 57, "SYMBOL": 0, "ACRES": 15.59820466, "SQ_MILES": 0.024372190000000002, "Shape__Area": 679455.07421875, "Shape__Length": 4042.454761883064}}, {"type": "Feature", "id": 182, "geometry": {"type": "Polygon", "coordinates": [[[-115.259429966396, 36.2256792215323], [-115.258279924949, 36.225672741131], [-115.257999044471, 36.2256726465324], [-115.257117834777, 36.2256723455712], [-115.257119528232, 36.2247529370123], [-115.255995359909, 36.2247501554247], [-115.255980778585, 36.2238101087704], [-115.255980736166, 36.2238053399512], [-115.25598079846, 36.2238053392203], [-115.255985481292, 36.2238053790696], [-115.257120505685, 36.2238157340767], [-115.258154512652, 36.2238192695201], [-115.258256240178, 36.2238196180275], [-115.258256227115, 36.2238243875968], [-115.258256323889, 36.2238243878597], [-115.25826197619, 36.2241745437478], [-115.258271183126, 36.2247449835058], [-115.258377613726, 36.2247453537019], [-115.258902531641, 36.2247472737748], [-115.259417693198, 36.224749156122], [-115.259606760077, 36.2247498390215], [-115.260387295616, 36.224752687209], [-115.260470970172, 36.2247520793197], [-115.26055464584, 36.2247514713748], [-115.260557199357, 36.2247488789547], [-115.260572299771, 36.2256880224448], [-115.259429966396, 36.2256792215323]]]}, "properties": {"OBJECTID": 182, "AREA": 572176.81829842, "PERIMETER": 4053.78447447, "CNTY_IS": 57, "SYMBOL": 0, "ACRES": 13.13542486, "SQ_MILES": 0.0205241, "Shape__Area": 572176.814453125, "Shape__Length": 4053.7844744672675}}, {"type": "Feature", "id": 183, "geometry": {"type": "Polygon", "coordinates": [[[-115.262245267581, 36.2256244754112], [-115.262230737794, 36.2248031749261], [-115.262520211435, 36.2248109273294], [-115.262856097973, 36.2248199209423], [-115.262872496208, 36.2257519772568], [-115.262308347272, 36.225736313058], [-115.262242292834, 36.2257344792609], [-115.262245267581, 36.2256244754112]]]}, "properties": {"OBJECTID": 183, "AREA": 62553.9269875, "PERIMETER": 1048.90157515, "CNTY_IS": 57, "SYMBOL": 0, "ACRES": 1.43604631, "SQ_MILES": 0.00224382, "Shape__Area": 62553.92578125, "Shape__Length": 1048.9015751536733}}, {"type": "Feature", "id": 184, "geometry": {"type": "Polygon", "coordinates": [[[-115.261779585007, 36.2308025978228], [-115.261775722267, 36.230354900287], [-115.26230687499, 36.2303729372426], [-115.262588153386, 36.230382688215], [-115.262827359601, 36.2303909793163], [-115.262928785204, 36.2303954419346], [-115.262913175711, 36.2294524468573], [-115.264068915797, 36.2294908215789], [-115.264105158233, 36.2323181644448], [-115.263418939779, 36.2322936489795], [-115.263058950879, 36.2322807862431], [-115.26295733048, 36.2322771163399], [-115.262855902483, 36.2322726447223], [-115.262356755835, 36.2322568050513], [-115.261812240862, 36.2322387323865], [-115.261808300532, 36.2318126565712], [-115.261796368289, 36.2313822420947], [-115.261791298255, 36.2313000493197], [-115.261786228231, 36.2312178565434], [-115.261779585007, 36.2308025978228]]]}, "properties": {"OBJECTID": 184, "AREA": 581476.03152534, "PERIMETER": 3416.81799555, "CNTY_IS": 57, "SYMBOL": 0, "ACRES": 13.34890628, "SQ_MILES": 0.020857670000000002, "Shape__Area": 581476.02734375, "Shape__Length": 3416.8179955646606}}, {"type": "Feature", "id": 185, "geometry": {"type": "Polygon", "coordinates": [[[-115.259521658542, 36.2312528316741], [-115.258926692897, 36.2312508063339], [-115.258914924381, 36.231250767215], [-115.258794774099, 36.2312503575601], [-115.258380080651, 36.2312489436151], [-115.258074915327, 36.2312499242172], [-115.257735220004, 36.2312510155737], [-115.257340208165, 36.2312522815306], [-115.257250388348, 36.2312525694367], [-115.257234316475, 36.231252621171], [-115.256084833934, 36.2312593473604], [-115.256084751437, 36.2312593894951], [-115.256072202485, 36.2303357771451], [-115.256173934391, 36.2303360283132], [-115.256220680121, 36.2303358226445], [-115.256605353539, 36.2303327638214], [-115.256827028959, 36.2303333148621], [-115.257050031596, 36.2303327785566], [-115.257200834824, 36.2303321469088], [-115.257212952881, 36.2303320961189], [-115.257273030818, 36.2303333323809], [-115.257708367849, 36.230332237672], [-115.257930032167, 36.2303327866389], [-115.258147695142, 36.2303322337657], [-115.258333305544, 36.2303326930062], [-115.258368029027, 36.2303316967635], [-115.258591038286, 36.2303322481585], [-115.258814040933, 36.2303317085653], [-115.258968941592, 36.2303310019825], [-115.259035714242, 36.2303300834116], [-115.259334836117, 36.230330821663], [-115.259497746278, 36.230330136084], [-115.259519478747, 36.2311730873078], [-115.259521658542, 36.2312528316741]]]}, "properties": {"OBJECTID": 185, "AREA": 455031.57614696, "PERIMETER": 3374.34466148, "CNTY_IS": 57, "SYMBOL": 0, "ACRES": 7.78045088, "SQ_MILES": 0.01215695, "Shape__Area": 338915.08203125, "Shape__Length": 2696.1140791106322}}, {"type": "Feature", "id": 186, "geometry": {"type": "Polygon", "coordinates": [[[-115.25957219567, 36.2325714767136], [-115.25957235583, 36.2323669423254], [-115.259572495023, 36.2321939375139], [-115.260520596523, 36.2321974185636], [-115.260691680678, 36.2321980512713], [-115.260697441662, 36.2325231178152], [-115.260698296899, 36.2325713803071], [-115.260696556855, 36.2325714125677], [-115.260695883755, 36.2325714251732], [-115.260529666594, 36.23257440443], [-115.260052932524, 36.2325737364625], [-115.260033700425, 36.232573645742], [-115.259607157865, 36.2325716407131], [-115.25957219567, 36.2325714767136]]]}, "properties": {"OBJECTID": 186, "AREA": 84167.80261824, "PERIMETER": 1340.30060054, "CNTY_IS": 57, "SYMBOL": 0, "ACRES": 1.04384842, "SQ_MILES": 0.00163101, "Shape__Area": 45469.857421875, "Shape__Length": 935.5322632922237}}, {"type": "Feature", "id": 187, "geometry": {"type": "Polygon", "coordinates": [[[-115.23194675253, 36.2195772305371], [-115.231950112561, 36.2192049543975], [-115.231952522484, 36.2189379240021], [-115.231954272577, 36.2187440670581], [-115.232022061048, 36.2187456603773], [-115.232081347782, 36.2187483823495], [-115.232518751078, 36.2187815664594], [-115.232524362449, 36.2183244425775], [-115.232630401336, 36.2183333273223], [-115.232991043402, 36.2183635357945], [-115.232991672084, 36.2182973742319], [-115.233471384088, 36.2183375600327], [-115.233886656988, 36.2183740046889], [-115.234024244572, 36.218385402979], [-115.234026685736, 36.2181387713851], [-115.234027081571, 36.2180987698613], [-115.234027112422, 36.2180660595771], [-115.234163035182, 36.2180760351244], [-115.234952358468, 36.2181411642987], [-115.234952589559, 36.2180739921213], [-115.235059467906, 36.2180741500046], [-115.23506046902, 36.2181694909579], [-115.235541273337, 36.2182092300113], [-115.235549013063, 36.2182098608733], [-115.235601399938, 36.2182141283845], [-115.236002043649, 36.2182467639261], [-115.236102626893, 36.2182549501901], [-115.236103172414, 36.2182404888353], [-115.236103591068, 36.2181955879777], [-115.236103368953, 36.218193245792], [-115.236107671681, 36.2178352268763], [-115.236114840328, 36.2176980268606], [-115.236058145621, 36.2176933351857], [-115.23605435236, 36.2176045988638], [-115.236052500537, 36.2175612920969], [-115.236037985484, 36.2172341542836], [-115.236036847059, 36.2171897446073], [-115.235461265299, 36.2172020787793], [-115.235377772591, 36.2172038468087], [-115.235379261961, 36.217242514515], [-115.235387607957, 36.2174591187544], [-115.235390130174, 36.2176380476136], [-115.23506104332, 36.2176108115146], [-115.234727730538, 36.2175832260208], [-115.234729707177, 36.217443549551], [-115.234719095991, 36.2171402538661], [-115.234715396144, 36.2170741788089], [-115.234705911602, 36.2168152918588], [-115.234703536865, 36.2167513837452], [-115.234694047593, 36.2164935783102], [-115.234690342995, 36.216428584775], [-115.23468092047, 36.2161632727058], [-115.234678553302, 36.2161026804393], [-115.234667858598, 36.2158408436139], [-115.234666840507, 36.2157770115449], [-115.234654795299, 36.2155162514119], [-115.23465379794, 36.2154502563122], [-115.234640613249, 36.2151505392415], [-115.234635476134, 36.2150725269391], [-115.234794700989, 36.2150828959222], [-115.234845125474, 36.2145646038195], [-115.234727698727, 36.2145567721193], [-115.234774053288, 36.2140959972734], [-115.234781959428, 36.2140111190967], [-115.235996831482, 36.2140888722624], [-115.237199148282, 36.2141693347238], [-115.238013409508, 36.2142259084952], [-115.238118019414, 36.2167436442363], [-115.238142663031, 36.2173369789298], [-115.238043381335, 36.2173398470056], [-115.237364738103, 36.2173594727304], [-115.237377907677, 36.2176701039499], [-115.237382428198, 36.2178029215383], [-115.237129078691, 36.2177819549781], [-115.237125591573, 36.2182452158793], [-115.237125998215, 36.2185139093644], [-115.237118663958, 36.2187067453342], [-115.237548726113, 36.2187398943303], [-115.237547402913, 36.2183455228719], [-115.237596824022, 36.2183499377639], [-115.238158921972, 36.2183933179231], [-115.238169262942, 36.2179863891175], [-115.238157574488, 36.21786705125], [-115.238735110188, 36.2179149066537], [-115.238736863595, 36.2179150523035], [-115.238736267844, 36.217919774229], [-115.238735089271, 36.2179196762], [-115.238734816926, 36.2180198182259], [-115.238734703009, 36.2180584740622], [-115.238733367533, 36.218451747329], [-115.238728021454, 36.2188439355889], [-115.239188788703, 36.2188836302342], [-115.239187297678, 36.2185358547927], [-115.239656093985, 36.2185755518], [-115.240228123657, 36.2186197790499], [-115.240224604878, 36.2192549241952], [-115.241233948229, 36.2193398679441], [-115.241233787582, 36.2193665455521], [-115.241233325408, 36.2195161216625], [-115.241232997178, 36.2196196063854], [-115.241232086905, 36.2198874218179], [-115.241229839255, 36.2199616903691], [-115.242119439693, 36.2200343052847], [-115.242289039361, 36.2200481548358], [-115.242289176722, 36.220206132632], [-115.242290113328, 36.220456729745], [-115.24225046418, 36.2204559597006], [-115.24225041704, 36.2204511890599], [-115.241325823915, 36.2204333453904], [-115.241321755268, 36.2206269930591], [-115.241212652173, 36.2206288713058], [-115.241210192706, 36.2208335111401], [-115.240818797043, 36.2208197194037], [-115.24081866024, 36.2208587537009], [-115.240786602133, 36.2208565168759], [-115.240709131902, 36.220850941448], [-115.240317794516, 36.2208187079321], [-115.240287071154, 36.2208164838122], [-115.240216295414, 36.220808746145], [-115.240211658911, 36.2217430344869], [-115.239370334971, 36.2216733741799], [-115.237754224121, 36.2215410678591], [-115.236736022157, 36.2214551623768], [-115.236064660005, 36.221398514197], [-115.233996098697, 36.2212222313684], [-115.233990231956, 36.221743635858], [-115.233987476879, 36.2221430874433], [-115.233977470299, 36.2230726096972], [-115.233967067824, 36.2241160891425], [-115.233964484602, 36.2244668266122], [-115.233958948629, 36.2249362276379], [-115.233255228605, 36.2248791744556], [-115.232922794742, 36.2248525237985], [-115.232599056082, 36.2248264565022], [-115.231898830525, 36.224769234345], [-115.231898866542, 36.2247656590533], [-115.231900325454, 36.2246593531697], [-115.231901071803, 36.2246044130286], [-115.231905584731, 36.2242719512516], [-115.23190362356, 36.2242396461395], [-115.231805553147, 36.2242315853913], [-115.231347559858, 36.2241947464415], [-115.231343514487, 36.2245002863858], [-115.231342095447, 36.2246074567132], [-115.2313417501, 36.2246455539145], [-115.231340917184, 36.2247232016707], [-115.229963723451, 36.2246095408737], [-115.229850249137, 36.2245999224782], [-115.229801425691, 36.2264293539302], [-115.229779483512, 36.2273623818227], [-115.22967543349, 36.2273466894057], [-115.229244304827, 36.2273109492442], [-115.229176240826, 36.2273051868809], [-115.228817192276, 36.2272752194291], [-115.228703735915, 36.2272659785337], [-115.228394074656, 36.2272395089535], [-115.228249925565, 36.2272279504058], [-115.227964293186, 36.2272037681784], [-115.227766737701, 36.2271876070904], [-115.227666635142, 36.2271795224862], [-115.227563852915, 36.227171420818], [-115.227116717951, 36.2271334172549], [-115.226653555252, 36.2270953372073], [-115.226210394886, 36.2270616862979], [-115.225788582525, 36.2270303147001], [-115.225720507913, 36.2270245503404], [-115.225620475448, 36.2270160676695], [-115.225610814718, 36.2272822160191], [-115.225610699982, 36.2272822508261], [-115.225509925338, 36.2272798495133], [-115.225500226007, 36.227279676302], [-115.225441817517, 36.2272786453945], [-115.224673929738, 36.227261069385], [-115.22437879786, 36.2272540646581], [-115.22430348789, 36.2272992147738], [-115.224773789961, 36.2278232113024], [-115.224891178508, 36.2279495679669], [-115.224894532104, 36.2279508560342], [-115.224892449465, 36.2279509020699], [-115.224843840011, 36.2280355943324], [-115.224775533761, 36.2280950186307], [-115.224186091448, 36.2286125717002], [-115.223781958854, 36.2281632656264], [-115.223617116298, 36.2279798455254], [-115.223544003381, 36.2278984560443], [-115.223383152843, 36.2277204634366], [-115.223187745663, 36.2275023234429], [-115.222987014965, 36.227278749473], [-115.223740834177, 36.2268314466945], [-115.223833231931, 36.2267752588661], [-115.223364048405, 36.22623589775], [-115.223416277588, 36.2262013103453], [-115.223500465984, 36.224308916259], [-115.225720408732, 36.2242510664254], [-115.225725639712, 36.2233194310308], [-115.226413844651, 36.2233763560039], [-115.226749043091, 36.2234049617176], [-115.226749346836, 36.2229434947588], [-115.226754992242, 36.2224863788638], [-115.225730830848, 36.222396500885], [-115.225731769531, 36.2221365189717], [-115.225741132339, 36.2210496843455], [-115.226327106025, 36.2211068459158], [-115.226321962399, 36.2206746272734], [-115.226320914043, 36.2205944629185], [-115.225908345052, 36.220560902214], [-115.225745469896, 36.2205463465441], [-115.225747211412, 36.2200610627039], [-115.225750636072, 36.2196067520259], [-115.226783069501, 36.2196893801541], [-115.226784652751, 36.2194654965155], [-115.226785897854, 36.2192891636918], [-115.226786224869, 36.2192416119341], [-115.2257540457, 36.219155730961], [-115.22575572138, 36.218934172917], [-115.225918123287, 36.218946888532], [-115.226783405111, 36.2190124606644], [-115.226787674417, 36.2190128699506], [-115.226788265759, 36.2189283924021], [-115.2267886859, 36.2188684058801], [-115.22678920298, 36.2187949003606], [-115.226789312712, 36.2187792976292], [-115.226865824251, 36.2187856480041], [-115.226953720141, 36.2187929434345], [-115.226990573867, 36.2187960021904], [-115.227073766641, 36.2188029004812], [-115.227084957529, 36.2188038269713], [-115.227244676304, 36.2188170924968], [-115.227339084447, 36.2188249261631], [-115.227570428704, 36.2188440544713], [-115.22757240226, 36.2188442180636], [-115.22771108056, 36.2188556845363], [-115.22771552468, 36.2188560519485], [-115.22781241131, 36.2188640800744], [-115.227836655486, 36.2188660889631], [-115.227923436384, 36.2188732866355], [-115.227937669346, 36.2188744663294], [-115.228325309462, 36.2189066103675], [-115.22836384779, 36.2189098043848], [-115.22838135854, 36.2189112560231], [-115.228381369139, 36.2189076788514], [-115.228381471374, 36.2188284191841], [-115.228381476411, 36.2188248419959], [-115.228382493389, 36.2180464720467], [-115.228382873729, 36.2177561906174], [-115.228383601157, 36.2171960309306], [-115.228383617316, 36.2171924537744], [-115.228384012909, 36.2171408283838], [-115.228384646836, 36.2170581093319], [-115.229901064237, 36.2171840467734], [-115.229886375147, 36.2190327516979], [-115.229991865133, 36.2190426438963], [-115.230842867206, 36.2191112746855], [-115.23084247214, 36.2191142955331], [-115.230917941795, 36.2191204735115], [-115.23091453395, 36.2195169516998], [-115.230914013797, 36.2195773696592], [-115.230910621449, 36.2199721155917], [-115.230909992906, 36.2200452891231], [-115.230944787368, 36.2200481080661], [-115.231231516822, 36.2200713373171], [-115.231372098479, 36.2200826167835], [-115.231840095765, 36.2201205701365], [-115.231941773058, 36.2201287964615], [-115.231942291215, 36.2200713851843], [-115.231942493696, 36.2200489924349], [-115.231942769382, 36.2200184387585], [-115.231942802069, 36.2200148607503], [-115.231942828799, 36.2200118685603], [-115.232044394024, 36.2200195068305], [-115.232974672373, 36.2200942793291], [-115.232977820941, 36.2197613581051], [-115.232978764467, 36.2196615146282], [-115.23204838257, 36.2195859198926], [-115.23194675253, 36.2195772305371]]]}, "properties": {"OBJECTID": 187, "AREA": 10756519.0952539, "PERIMETER": 29758.91093455, "CNTY_IS": 57, "SYMBOL": 0, "ACRES": 245.82680417, "SQ_MILES": 0.38410438, "Shape__Area": 10708172.765625, "Shape__Length": 29758.91093456259}}, {"type": "Feature", "id": 188, "geometry": {"type": "Polygon", "coordinates": [[[-115.222508404484, 36.2134153130581], [-115.22300230676, 36.2134117269556], [-115.223050882897, 36.2137403019673], [-115.223100770438, 36.2140764616091], [-115.223129655856, 36.2142727315449], [-115.223150663351, 36.214411539685], [-115.223195310297, 36.2147119195404], [-115.223200562842, 36.2147476992858], [-115.223251767589, 36.2150903691604], [-115.223251942567, 36.2150915044062], [-115.223260970488, 36.2151500079178], [-115.223450878052, 36.2163656867486], [-115.222834779464, 36.2163711958693], [-115.222887246981, 36.2167463889066], [-115.222896581393, 36.2168040091912], [-115.222909766448, 36.2168853899553], [-115.222909831198, 36.2168858227675], [-115.221290139303, 36.2169111085894], [-115.221289838093, 36.2169088905149], [-115.221278479236, 36.2168274159608], [-115.221079095979, 36.2155291744163], [-115.221023670159, 36.2151682749888], [-115.221007906596, 36.215065264339], [-115.221001349269, 36.2150208020674], [-115.220973789706, 36.2148299523999], [-115.220961938169, 36.2147637981619], [-115.220946231424, 36.2146412649098], [-115.220917337477, 36.2144504111772], [-115.220887124038, 36.2142562988912], [-115.2208648353, 36.2140947299037], [-115.220860910762, 36.2140654532523], [-115.220834677654, 36.213878933716], [-115.220814961207, 36.2137553157532], [-115.220765070873, 36.2134267448906], [-115.221321701054, 36.2134232566107], [-115.221873009897, 36.2134208492386], [-115.222440322038, 36.2134162974621], [-115.222508404484, 36.2134153130581]]]}, "properties": {"OBJECTID": 188, "AREA": 801652.77427491, "PERIMETER": 3869.46286514, "CNTY_IS": 57, "SYMBOL": 0, "ACRES": 18.403489, "SQ_MILES": 0.028755450000000002, "Shape__Area": 801652.771484375, "Shape__Length": 3869.4628651443386}}, {"type": "Feature", "id": 189, "geometry": {"type": "Polygon", "coordinates": [[[-115.219327781338, 36.2099443547758], [-115.21894024783, 36.2099427428277], [-115.218755487326, 36.2099397736925], [-115.218554049313, 36.2099384118077], [-115.218164510399, 36.2099373320072], [-115.217747631426, 36.2099345811601], [-115.217372093053, 36.2099340642941], [-115.216987227792, 36.2099324361553], [-115.216608820921, 36.2099315025344], [-115.216226255284, 36.2099306631146], [-115.215910992566, 36.2099281904926], [-115.215778156382, 36.2099283233704], [-115.215529153897, 36.2081770303992], [-115.215264246355, 36.2064215686325], [-115.215363095039, 36.2064228910443], [-115.21571890415, 36.2064273012093], [-115.216080066519, 36.2064306181602], [-115.216438103643, 36.2064342308784], [-115.216800099632, 36.2064378997142], [-115.217163412941, 36.2064426440174], [-115.217492001604, 36.2064462716356], [-115.217521394384, 36.206446298389], [-115.217860133252, 36.2064496874369], [-115.218010275872, 36.2064511895236], [-115.218489809752, 36.2064549776342], [-115.218855797314, 36.2064586434077], [-115.219228475878, 36.2064633919371], [-115.219605151941, 36.2064670608973], [-115.219734722511, 36.2064672112598], [-115.219964477065, 36.2064685489557], [-115.220052629198, 36.2064697358764], [-115.220044871976, 36.2069784989418], [-115.220043761662, 36.2070512619018], [-115.220480619213, 36.2070558976017], [-115.220534687479, 36.2070564716006], [-115.220535959136, 36.2069833504117], [-115.220546160704, 36.2065409006257], [-115.220547680561, 36.2064749598379], [-115.220724994761, 36.2064775521242], [-115.220908974302, 36.2064790737743], [-115.220964979267, 36.2064792073053], [-115.221191614767, 36.2064819211844], [-115.221270279211, 36.2064831866539], [-115.221427590764, 36.2064846538665], [-115.221652906822, 36.2064862723244], [-115.221884891568, 36.2064889920432], [-115.221958206844, 36.2064902499186], [-115.22211152106, 36.2064927857072], [-115.222329761004, 36.2064953368985], [-115.222572814373, 36.2064971333056], [-115.222812805082, 36.2064977032554], [-115.223044777688, 36.2065004206895], [-115.223091441087, 36.2065005341163], [-115.223522067968, 36.2065037222274], [-115.223659395378, 36.2065051264247], [-115.224036697457, 36.2065081884698], [-115.224106125755, 36.2065082797123], [-115.224206812384, 36.2065090145], [-115.225349494164, 36.2065474799141], [-115.225355852956, 36.206628605797], [-115.225393065116, 36.2070093677497], [-115.224907049946, 36.2069944750056], [-115.224446444376, 36.2069825315932], [-115.224279168747, 36.2069782985398], [-115.224339914312, 36.2073772112091], [-115.224355600597, 36.2074807350616], [-115.224181486418, 36.2074809247038], [-115.223673503332, 36.2074808142337], [-115.22307751932, 36.2074804818093], [-115.223076678466, 36.2076615217582], [-115.223071719185, 36.2081515015541], [-115.223071390072, 36.2082208816521], [-115.223979343263, 36.2082262791508], [-115.22430204775, 36.2082291674186], [-115.224468200541, 36.2082243932197], [-115.224597668853, 36.2090858368857], [-115.224727981609, 36.2099529338951], [-115.224627134943, 36.2099521810293], [-115.224597009085, 36.2099516581124], [-115.224169058733, 36.2099500140418], [-115.223775514057, 36.2099493280364], [-115.223384636464, 36.2099493427495], [-115.222999093597, 36.2099499040075], [-115.222608876036, 36.2099488366297], [-115.222221336266, 36.2099483168318], [-115.221839805739, 36.2099472551324], [-115.22146493089, 36.209947284873], [-115.221082057204, 36.2099478480258], [-115.220703182241, 36.209947331513], [-115.22035366937, 36.2099463080097], [-115.220274851892, 36.2099470891887], [-115.220257608273, 36.2099472603957], [-115.220148220054, 36.209946567971], [-115.219715324563, 36.2099465152835], [-115.219327781338, 36.2099443547758]]]}, "properties": {"OBJECTID": 189, "AREA": 3253410.5198501, "PERIMETER": 9698.00526347, "CNTY_IS": 57, "SYMBOL": 0, "ACRES": 74.68832722, "SQ_MILES": 0.11670051000000001, "Shape__Area": 3253410.51171875, "Shape__Length": 9698.005263466091}}, {"type": "Feature", "id": 190, "geometry": {"type": "Polygon", "coordinates": [[[-115.228818283294, 36.2127580425442], [-115.22831077451, 36.2127266153366], [-115.228343124533, 36.2129886711693], [-115.228359936371, 36.2131251127427], [-115.228899512106, 36.2131566166969], [-115.228957438881, 36.2136368143844], [-115.228420812819, 36.2136015971198], [-115.227380403599, 36.2135365075668], [-115.226701010886, 36.2134922217384], [-115.226314635567, 36.2134670341859], [-115.226300277743, 36.2133836394737], [-115.226245694073, 36.2130035302608], [-115.226184530076, 36.2126006609995], [-115.225937967263, 36.2125859910261], [-115.225877787697, 36.2121553829206], [-115.22594373455, 36.2121593301325], [-115.226548187502, 36.2121954988696], [-115.22648312557, 36.2117666429988], [-115.226063751309, 36.2117429767633], [-115.225681767083, 36.2117248105001], [-115.225608316992, 36.2117203188716], [-115.225154220142, 36.211694409605], [-115.225099527537, 36.2116924838862], [-115.225069264456, 36.2116914190025], [-115.224993125825, 36.211688738646], [-115.224990203181, 36.2116904107945], [-115.224989932157, 36.2116886272378], [-115.224961248296, 36.211513186096], [-115.224922701562, 36.2112553666338], [-115.225005944303, 36.2112582963308], [-115.225089185935, 36.2112612268678], [-115.225401362418, 36.211276182265], [-115.22540158644, 36.2112790084692], [-115.225631907378, 36.2112873138761], [-115.225859130532, 36.2112984044772], [-115.226004070114, 36.2113054753043], [-115.225943035268, 36.2108723049328], [-115.225546759712, 36.2108531176717], [-115.225474236861, 36.2108496066308], [-115.225402122182, 36.2108451188704], [-115.225052784224, 36.2108275133073], [-115.22502014742, 36.2108258689884], [-115.224857634878, 36.2108201494416], [-115.224727981609, 36.2099529338951], [-115.225824349257, 36.2100057938584], [-115.225800781381, 36.2099229582658], [-115.225798223005, 36.2098937128716], [-115.225691766934, 36.2091361946711], [-115.22558669401, 36.2083562203417], [-115.22557099686, 36.2082739940466], [-115.22509711019, 36.2082538026919], [-115.225085891254, 36.2081703008969], [-115.225033311863, 36.207772170177], [-115.225504764083, 36.2078012502057], [-115.22544754041, 36.2074139572527], [-115.225954918243, 36.2074321382096], [-115.226466295073, 36.2074513924594], [-115.226569105998, 36.2074548174335], [-115.226680538056, 36.2083180709111], [-115.227782021043, 36.2083613835095], [-115.227774346518, 36.2082779736062], [-115.22773717133, 36.2078937425963], [-115.227697330867, 36.2074989135038], [-115.228203375365, 36.2075170719558], [-115.228823026737, 36.207541828789], [-115.22886660022, 36.2079387415362], [-115.228918068672, 36.2084077806103], [-115.2290159012, 36.2092938662418], [-115.228914433911, 36.2092903391889], [-115.228444539147, 36.2092684965019], [-115.22789987485, 36.2092442758593], [-115.227399277094, 36.2092169211448], [-115.226896006964, 36.2091928100246], [-115.226793221348, 36.2091882047156], [-115.2269118487, 36.2100599422621], [-115.227992018029, 36.210109732845], [-115.227995105511, 36.2101844857476], [-115.22799759033, 36.2102105042695], [-115.228022312114, 36.2104024769995], [-115.228044500439, 36.2105747824244], [-115.228094675412, 36.2109820706308], [-115.2290790052, 36.2110307827882], [-115.229185864063, 36.2110353531286], [-115.229299384785, 36.2110399340683], [-115.22962127155, 36.2110568746925], [-115.22978954666, 36.2110659071117], [-115.230262346685, 36.2110896728523], [-115.23072847889, 36.2111123445486], [-115.231268061272, 36.21113950263], [-115.231369561268, 36.2111462183449], [-115.231455552812, 36.2120308878634], [-115.230395097379, 36.2119733634552], [-115.230404104922, 36.2120578225709], [-115.230445243884, 36.2124617212771], [-115.230483728585, 36.212862367485], [-115.230966557221, 36.2128918291264], [-115.231452055471, 36.2129212966701], [-115.23155875143, 36.2129280815835], [-115.231638007807, 36.2138100631119], [-115.230573660746, 36.2137422090728], [-115.22949594452, 36.2136721519684], [-115.229395251101, 36.212793945146], [-115.229287064922, 36.2127872169858], [-115.228853007002, 36.2127602814521], [-115.228818283294, 36.2127580425442]]]}, "properties": {"OBJECTID": 190, "AREA": 2321139.23054039, "PERIMETER": 13162.27996327, "CNTY_IS": 57, "SYMBOL": 0, "ACRES": 53.28623772, "SQ_MILES": 0.08325975000000001, "Shape__Area": 2321139.23828125, "Shape__Length": 13162.279963275168}}, {"type": "Feature", "id": 191, "geometry": {"type": "Polygon", "coordinates": [[[-115.23385018559, 36.2150301830073], [-115.233811166104, 36.2144956322739], [-115.234141146885, 36.2145171476234], [-115.234320693746, 36.2145288536544], [-115.23444080086, 36.2145366845554], [-115.23439170094, 36.2150566567384], [-115.234114042797, 36.2150430827898], [-115.23385018559, 36.2150301830073]]]}, "properties": {"OBJECTID": 191, "AREA": 33171.6694571, "PERIMETER": 731.11866979, "CNTY_IS": 57, "SYMBOL": 0, "ACRES": 0.76151979, "SQ_MILES": 0.00118987, "Shape__Area": 33171.669921875, "Shape__Length": 731.118669773333}}, {"type": "Feature", "id": 192, "geometry": {"type": "Polygon", "coordinates": [[[-115.22523714757, 36.2133217351792], [-115.225118756158, 36.2125355031513], [-115.22527902123, 36.212545608498], [-115.225369564429, 36.2125512744624], [-115.225655647357, 36.2125691767731], [-115.225771383546, 36.2133510651581], [-115.225784060201, 36.2134322737965], [-115.225558926225, 36.2134175309648], [-115.225510627648, 36.2134143681532], [-115.225248858423, 36.2133975413759], [-115.22523714757, 36.2133217351792]]]}, "properties": {"OBJECTID": 192, "AREA": 49154.74705149, "PERIMETER": 949.83107446, "CNTY_IS": 57, "SYMBOL": 0, "ACRES": 1.12844223, "SQ_MILES": 0.00176319, "Shape__Area": 49154.74609375, "Shape__Length": 949.831074467149}}, {"type": "Feature", "id": 193, "geometry": {"type": "Polygon", "coordinates": [[[-115.212995862794, 36.2054239012865], [-115.212949737484, 36.2054204237887], [-115.212810756857, 36.2054181955376], [-115.21142164056, 36.2053959117025], [-115.21142158496, 36.2053959106284], [-115.21132022458, 36.2053945347971], [-115.211318335769, 36.2054898103106], [-115.211217001532, 36.2054873502243], [-115.210726893816, 36.2054774163815], [-115.210204814049, 36.205467398885], [-115.210197675209, 36.2058467833838], [-115.210189896543, 36.206260198464], [-115.210186015001, 36.2064664278846], [-115.209034959035, 36.206443915549], [-115.208546180215, 36.2064339769179], [-115.207772676519, 36.206420060766], [-115.207784767815, 36.2058096020157], [-115.207009594699, 36.2058021469504], [-115.207027552921, 36.2052752289573], [-115.20700865303, 36.2051927549331], [-115.2070241834, 36.2047013850339], [-115.207374485659, 36.2047044777789], [-115.207390188264, 36.204188214771], [-115.20738927787, 36.2041297634285], [-115.207246783328, 36.2041261432215], [-115.207248263165, 36.2040771629053], [-115.207266024583, 36.2034886591318], [-115.207268143674, 36.2033804292817], [-115.206895363459, 36.2033745977344], [-115.206768709331, 36.2033726130478], [-115.206751338681, 36.2040296707937], [-115.206749016174, 36.2041175299865], [-115.206505568735, 36.2041135100947], [-115.20650818415, 36.2040365213545], [-115.206522159779, 36.2035754568335], [-115.206527654443, 36.2033687359275], [-115.206532994934, 36.2031825737965], [-115.20654162462, 36.20290875288], [-115.206542620715, 36.2027705255528], [-115.206768751041, 36.2027741934511], [-115.206771497592, 36.2026929780613], [-115.206771740406, 36.202637639771], [-115.206787393456, 36.2021463692235], [-115.206412681953, 36.2021386824723], [-115.206426620891, 36.2015600348103], [-115.205823830762, 36.2015507084579], [-115.205836947167, 36.2011141381262], [-115.206007518736, 36.201116956241], [-115.206040840609, 36.2011181248047], [-115.206674036566, 36.2011284650597], [-115.206678985892, 36.2009518823095], [-115.206682574836, 36.2007807120125], [-115.206691175321, 36.2004199526549], [-115.206692954579, 36.2003386981396], [-115.207040335525, 36.2003440087997], [-115.207057488516, 36.1997340241862], [-115.206706906666, 36.1997266035097], [-115.206711851733, 36.1995511022486], [-115.206720368126, 36.1992055112274], [-115.206722136152, 36.1991242656726], [-115.206607672681, 36.1991228239117], [-115.20661060743, 36.199039464003], [-115.206614196402, 36.1988682927525], [-115.206619108647, 36.1986971175501], [-115.206622687168, 36.1985281192623], [-115.206626270899, 36.198358029526], [-115.206634730407, 36.1980243541954], [-115.206649546038, 36.1979376329033], [-115.20675609959, 36.197939491365], [-115.206746250923, 36.1978621388605], [-115.206752596454, 36.197672554813], [-115.206754793616, 36.1975132941706], [-115.20675973134, 36.197336711273], [-115.206763037475, 36.1972175443176], [-115.206763340633, 36.1971612057365], [-115.206773243382, 36.1968069575525], [-115.206773659922, 36.1967246171534], [-115.206765313227, 36.1962988123151], [-115.206770267173, 36.1961211379716], [-115.207123510854, 36.1961264036966], [-115.207475405085, 36.196132745688], [-115.207488750746, 36.1956344101651], [-115.207488891307, 36.1956073268838], [-115.207492035506, 36.1954961988567], [-115.207799378389, 36.1955007956974], [-115.207799337275, 36.1955003241945], [-115.207800014388, 36.1955008031005], [-115.20821445256, 36.1955070047419], [-115.208216028339, 36.1954263182082], [-115.208216137346, 36.1954214155395], [-115.208217989273, 36.195338316219], [-115.208227499686, 36.1949114920862], [-115.208228164868, 36.1948816020283], [-115.20823216236, 36.1947160712444], [-115.208234954364, 36.1946004563604], [-115.208255709533, 36.1936758693331], [-115.208276234336, 36.1927621599955], [-115.20828646374, 36.1923145118379], [-115.208185148121, 36.1923142934941], [-115.207404035643, 36.192307120143], [-115.207414507224, 36.1920773504405], [-115.207420965625, 36.1918497321205], [-115.208195434836, 36.1918547214355], [-115.208296738701, 36.1918549487451], [-115.20830538907, 36.191453910251], [-115.208315903057, 36.1909488237146], [-115.208324381828, 36.1905813937019], [-115.20833778106, 36.1900307829842], [-115.208349715889, 36.1895050972958], [-115.208359648909, 36.1891170772792], [-115.208460950405, 36.1891172954199], [-115.209062110705, 36.1891197263138], [-115.209430465289, 36.1891205980508], [-115.209882165878, 36.1891238196953], [-115.209912752312, 36.1891239872171], [-115.209913237443, 36.1890662971789], [-115.210601749421, 36.1890701374396], [-115.210600326477, 36.1891264005241], [-115.210577151249, 36.1900422747449], [-115.210678453916, 36.1900425000287], [-115.211222299983, 36.1900458682636], [-115.211772821502, 36.1900460010931], [-115.21233267753, 36.1900472418692], [-115.212820534319, 36.1900494288694], [-115.212818834435, 36.1901199675454], [-115.212813916377, 36.1903001110986], [-115.212810342712, 36.1904780966139], [-115.212808782651, 36.1905236699973], [-115.212319678974, 36.1905188382984], [-115.212305342497, 36.1909767940323], [-115.212013476293, 36.190973680853], [-115.212005830799, 36.1914273130519], [-115.212295045535, 36.1914271643807], [-115.212788179144, 36.1914276734678], [-115.21278660279, 36.1914743373533], [-115.2127848782, 36.1915524647921], [-115.212779959898, 36.1917326182138], [-115.212776535277, 36.1918812933161], [-115.212284743329, 36.1918786162251], [-115.211830272346, 36.1918749804138], [-115.211133231378, 36.1918705528223], [-115.211134216337, 36.1918132618259], [-115.211135549713, 36.1917356811862], [-115.21114008853, 36.1914718067968], [-115.211140825459, 36.1914288626506], [-115.21064362147, 36.1914287757356], [-115.210542311891, 36.1914296319432], [-115.210530818614, 36.1918675154961], [-115.210519089568, 36.1923363395395], [-115.210508792428, 36.1927845374965], [-115.210610106514, 36.1927805178115], [-115.211612333443, 36.1927913674206], [-115.212663857909, 36.1928056149602], [-115.212750496689, 36.192805892232], [-115.212738790962, 36.1932725354077], [-115.212733584269, 36.1935091166914], [-115.212727068813, 36.1937402690545], [-115.212710130334, 36.19444891998], [-115.212705082891, 36.1946540286998], [-115.212694761978, 36.1951098244961], [-115.212684795649, 36.1954950774813], [-115.212682914908, 36.1955732584595], [-115.214927634552, 36.1956065691066], [-115.214896659144, 36.1968541755491], [-115.214876232069, 36.1979624650805], [-115.2148402684, 36.1992608432531], [-115.21483966947, 36.1992823416414], [-115.21482191357, 36.1999195130828], [-115.214814632855, 36.2004882945186], [-115.214780939573, 36.2017074559033], [-115.214675194279, 36.2017101946176], [-115.213943100925, 36.2016970769021], [-115.2131070096, 36.2016814879973], [-115.213105264939, 36.2017638783375], [-115.213090833094, 36.2022592635006], [-115.212704121436, 36.2022515683347], [-115.212689740534, 36.2027426634303], [-115.212694112504, 36.2028814932994], [-115.212693557764, 36.2029637791463], [-115.212691834715, 36.203017897036], [-115.212702138687, 36.2034411465766], [-115.212686296822, 36.2041901593958], [-115.213031843896, 36.2041966006784], [-115.21303026189, 36.2042420657376], [-115.213015773415, 36.2047043912868], [-115.212995926857, 36.2054211615713], [-115.212995862794, 36.2054239012865]]]}, "properties": {"OBJECTID": 193, "AREA": 10872066.9988677, "PERIMETER": 22683.07169175, "CNTY_IS": 57, "SYMBOL": 0, "ACRES": 244.40774943, "SQ_MILES": 0.38188711000000003, "Shape__Area": 10646358.97265625, "Shape__Length": 21955.122075920768}}, {"type": "Feature", "id": 194, "geometry": {"type": "Polygon", "coordinates": [[[-115.215698158943, 36.1944276430735], [-115.215704684515, 36.194144901697], [-115.215095194733, 36.1941463089154], [-115.215063192995, 36.1941461563841], [-115.21497048453, 36.1941381290433], [-115.214975993425, 36.19392344001], [-115.214983803607, 36.1934469732089], [-115.214987653332, 36.1932121235138], [-115.214993878021, 36.192894428301], [-115.214995522895, 36.192818379871], [-115.215052911471, 36.1928191963673], [-115.215136417101, 36.1928203842912], [-115.215731077052, 36.1928351545002], [-115.215737334373, 36.1926111690759], [-115.215738915369, 36.1925545792706], [-115.215231040029, 36.1925466202785], [-115.215141541402, 36.1925452175062], [-115.215001723753, 36.1925435066211], [-115.215017423964, 36.1919147704135], [-115.215022505308, 36.1915704925859], [-115.215044690237, 36.1907791998107], [-115.215049356664, 36.1905828502053], [-115.215151104397, 36.190583163204], [-115.215181780456, 36.1905833116309], [-115.215599101837, 36.1905928952703], [-115.215602637543, 36.1904954046204], [-115.216057264318, 36.1905094995522], [-115.21610804419, 36.1905096553455], [-115.216156019945, 36.190509802516], [-115.216170040532, 36.1905098455219], [-115.216164051417, 36.1907567174197], [-115.216148377373, 36.1914014086317], [-115.216129281648, 36.1914047659414], [-115.216035955681, 36.1914010637259], [-115.215577289662, 36.1913912824815], [-115.215569921523, 36.1916187723478], [-115.21602861518, 36.1916253000535], [-115.216122124143, 36.1916255869495], [-115.216142927386, 36.1916256507662], [-115.216136082451, 36.1919069393333], [-115.216135332642, 36.1919377449086], [-115.216135479307, 36.1919382437716], [-115.216504645161, 36.1919461236171], [-115.21649808866, 36.1922933802505], [-115.216601422089, 36.1922948595452], [-115.217234799339, 36.1923038915202], [-115.217233877656, 36.1923533190175], [-115.217229687423, 36.192577976015], [-115.217883037329, 36.192591941626], [-115.217984678887, 36.1925938931468], [-115.21797818474, 36.1928740661644], [-115.217971741475, 36.1931504548099], [-115.217870086274, 36.1931488916904], [-115.217219309969, 36.1931423965445], [-115.217218539547, 36.193229071178], [-115.217216276491, 36.1933504733276], [-115.217215975445, 36.193366654154], [-115.217215600846, 36.1934089054482], [-115.217212024232, 36.1936636628351], [-115.217211575864, 36.1936978744019], [-115.217205599674, 36.1939402127836], [-115.217200556853, 36.1942113420861], [-115.217194538326, 36.1944412605532], [-115.216550417833, 36.1944289597751], [-115.216448564909, 36.1944265296009], [-115.216436201894, 36.1949814892656], [-115.215841604401, 36.1949784034178], [-115.215686627282, 36.1949772695692], [-115.215691649106, 36.1947093849551], [-115.215698158943, 36.1944276430735]]]}, "properties": {"OBJECTID": 194, "AREA": 767430.13948837, "PERIMETER": 5791.74673519, "CNTY_IS": 57, "SYMBOL": 0, "ACRES": 17.61784227, "SQ_MILES": 0.02752788, "Shape__Area": 767430.142578125, "Shape__Length": 5791.746735181438}}, {"type": "Feature", "id": 195, "geometry": {"type": "Polygon", "coordinates": [[[-115.217323774144, 36.1873983703211], [-115.216915323342, 36.1874018435296], [-115.21685144814, 36.1874023870515], [-115.216761098833, 36.1874032144947], [-115.216763265359, 36.1877301758327], [-115.216763706826, 36.1877967275427], [-115.216856352632, 36.1877958791896], [-115.217258788773, 36.1877970618851], [-115.21732598746, 36.1877972619586], [-115.217325886898, 36.1878188745875], [-115.217788893324, 36.1878137459853], [-115.217829470009, 36.1878132525024], [-115.217891127266, 36.1878125025035], [-115.217891655721, 36.1878495264104], [-115.217892424204, 36.1879033312687], [-115.217896585953, 36.188194564315], [-115.217899312248, 36.1883017720752], [-115.217331172356, 36.1882865620448], [-115.216213583522, 36.1882534963626], [-115.216213014989, 36.1881442312327], [-115.216211885232, 36.187802637945], [-115.216208132534, 36.1874513026606], [-115.216207053215, 36.1870989030191], [-115.216256618999, 36.1870988188821], [-115.21667402673, 36.1870981080637], [-115.216759070438, 36.1870976709203], [-115.216758738181, 36.1870475284261], [-115.216756920445, 36.1867733675032], [-115.216671491277, 36.1867738061693], [-115.2162765827, 36.1867772150377], [-115.216204504587, 36.1867778367115], [-115.216202125365, 36.1864157090233], [-115.216198367675, 36.1860654551906], [-115.216195878541, 36.1857292653578], [-115.216270241653, 36.1857286272593], [-115.216665527356, 36.185725233973], [-115.216749970104, 36.1857248418583], [-115.216749872623, 36.1857102109129], [-115.216747676247, 36.1853789267844], [-115.216663081551, 36.1853793193344], [-115.216238640745, 36.1853800338085], [-115.216196118282, 36.1853801052933], [-115.216196807347, 36.1852276901817], [-115.216193704818, 36.1850277023399], [-115.216191261124, 36.1846817786506], [-115.216190304305, 36.1845985415356], [-115.216303257447, 36.1845987067406], [-115.216921417877, 36.1845996098886], [-115.217016141539, 36.1845998817563], [-115.217480432985, 36.184601247518], [-115.217709899351, 36.1846029940761], [-115.217950044905, 36.1846037002542], [-115.21818886024, 36.1846033203443], [-115.218423663139, 36.1846050908246], [-115.218667806152, 36.1846068802839], [-115.218907950631, 36.184607584537], [-115.218954651518, 36.1846087992313], [-115.219048042147, 36.1846090744465], [-115.21930820372, 36.1846087482463], [-115.219510987511, 36.1846104011979], [-115.219511962724, 36.184690420744], [-115.219515487498, 36.18479852324], [-115.219140569305, 36.1848028360304], [-115.218946234507, 36.1848825947081], [-115.218776332008, 36.1848028539789], [-115.218402756835, 36.1848050054508], [-115.218401907657, 36.1849952571877], [-115.218966484008, 36.1849970310187], [-115.21951729318, 36.1849898637081], [-115.219517174334, 36.1850179664885], [-115.219524421594, 36.1851866199781], [-115.21897173704, 36.1851975210639], [-115.218407694123, 36.185193090073], [-115.218407074522, 36.1853314543026], [-115.218408174081, 36.1853844264967], [-115.218966408213, 36.1853734637924], [-115.218969790676, 36.185572146452], [-115.218411271082, 36.1855844241817], [-115.218413435134, 36.1856979302848], [-115.21841440936, 36.1857779227807], [-115.21841849675, 36.1860568314454], [-115.218419676552, 36.1860925081153], [-115.218422888946, 36.1862676386262], [-115.218423889709, 36.1863397557203], [-115.218424913715, 36.1864135736192], [-115.218424612866, 36.1864784295541], [-115.218427866499, 36.1866470708893], [-115.218427307061, 36.1867724657018], [-115.217983017514, 36.1867733277231], [-115.217876271448, 36.186773019911], [-115.217775813331, 36.1867716316315], [-115.217311905291, 36.1867735218117], [-115.217321175669, 36.1870870378227], [-115.217321019753, 36.1871205473155], [-115.21732198441, 36.1872040313672], [-115.217323904899, 36.1873702684939], [-115.217323774144, 36.1873983703211]]]}, "properties": {"OBJECTID": 195, "AREA": 722213.7612275, "PERIMETER": 6960.432084, "CNTY_IS": 57, "SYMBOL": 0, "ACRES": 16.5798129, "SQ_MILES": 0.025905960000000002, "Shape__Area": 722213.763671875, "Shape__Length": 6960.432084014451}}, {"type": "Feature", "id": 196, "geometry": {"type": "Polygon", "coordinates": [[[-115.211800480552, 36.1882132025378], [-115.212153886816, 36.1882142718477], [-115.212150663215, 36.1883224977514], [-115.2121403592, 36.1886866301515], [-115.212127911895, 36.189126523705], [-115.211786669779, 36.1891268530112], [-115.211446765882, 36.1891261039545], [-115.211094860017, 36.1891264161849], [-115.211106773316, 36.18867841219], [-115.211116297977, 36.1883202142641], [-115.211116313481, 36.1882112033076], [-115.211464406659, 36.1882121770162], [-115.211800480552, 36.1882132025378]]]}, "properties": {"OBJECTID": 196, "AREA": 101489.58253367, "PERIMETER": 1276.39011591, "CNTY_IS": 57, "SYMBOL": 0, "ACRES": 2.32988954, "SQ_MILES": 0.00364045, "Shape__Area": 101489.576171875, "Shape__Length": 1276.3901159070956}}, {"type": "Feature", "id": 197, "geometry": {"type": "Polygon", "coordinates": [[[-115.206048451703, 36.1930240585031], [-115.206056988774, 36.1927440999907], [-115.206242110147, 36.1927467472736], [-115.206732056065, 36.1927507800092], [-115.206967247961, 36.1927527157511], [-115.206963180332, 36.1930334454729], [-115.206423881031, 36.1930274142481], [-115.20623538175, 36.1930253054881], [-115.206048451703, 36.1930240585031]]]}, "properties": {"OBJECTID": 197, "AREA": 27405.91298395, "PERIMETER": 742.6702119, "CNTY_IS": 57, "SYMBOL": 0, "ACRES": 0.62915571, "SQ_MILES": 0.00098306, "Shape__Area": 27405.916015625, "Shape__Length": 742.6702119067139}}, {"type": "Feature", "id": 198, "geometry": {"type": "Polygon", "coordinates": [[[-115.194665643583, 36.1951492491063], [-115.194668071079, 36.1946940784553], [-115.194199422014, 36.1946985673977], [-115.194097942273, 36.1946994541854], [-115.194098459999, 36.1946038381905], [-115.194098695554, 36.1945607393482], [-115.19410036886, 36.1942518633534], [-115.194101460281, 36.1937999419617], [-115.193999992863, 36.193800819697], [-115.19353267799, 36.1938064009431], [-115.193531572163, 36.1942583258781], [-115.192964126171, 36.1942637103612], [-115.192964693454, 36.1940307021304], [-115.192965218753, 36.1938128705492], [-115.192879779008, 36.1938105279272], [-115.1924002714, 36.1938150645487], [-115.192408578952, 36.1933696199601], [-115.192412418947, 36.1932883092425], [-115.19241439038, 36.1930303849394], [-115.192414671971, 36.1929133346173], [-115.19241662552, 36.1926858467546], [-115.192417394328, 36.1924618240739], [-115.192419497381, 36.1922378066435], [-115.192420255369, 36.1920159560163], [-115.192422368773, 36.1917876124172], [-115.192424460663, 36.1915635940236], [-115.192427634252, 36.1910257323709], [-115.192426865537, 36.1909432619334], [-115.192346531554, 36.1909455772495], [-115.192311523189, 36.1909090409129], [-115.19222822843, 36.1908221107719], [-115.192208620677, 36.1908008123407], [-115.192083949613, 36.1906569098176], [-115.190884981771, 36.1913840942011], [-115.190859952243, 36.1913954134401], [-115.190831669032, 36.1913992142701], [-115.190803470192, 36.1913950209393], [-115.190766087601, 36.1913885082103], [-115.190750909666, 36.1913641326504], [-115.190409367257, 36.1909839831542], [-115.190010674976, 36.1905420958855], [-115.189831264115, 36.190341726559], [-115.189650525606, 36.1901424422515], [-115.189499032833, 36.1899734930345], [-115.189455185288, 36.1899215066282], [-115.189441917955, 36.1898998500646], [-115.189438017387, 36.18987278955], [-115.189464374836, 36.1897116888697], [-115.189804012022, 36.1897061544036], [-115.190162127763, 36.1897007427587], [-115.190160558586, 36.1896320774128], [-115.190171789753, 36.1890801550084], [-115.189827492759, 36.1890864593298], [-115.189494076092, 36.1890914825765], [-115.189503640491, 36.1886402016667], [-115.18950703373, 36.1884843339811], [-115.190135065001, 36.1884707341248], [-115.191538496242, 36.1884420962184], [-115.191538465627, 36.1885219061754], [-115.191538336818, 36.188549998937], [-115.19152989386, 36.1890575061335], [-115.191522281731, 36.1893334649415], [-115.191729064405, 36.1893314737786], [-115.191726007407, 36.1890544255441], [-115.191723817374, 36.1889158983565], [-115.191870560154, 36.1889138547194], [-115.1921947416, 36.1889098041183], [-115.192279458765, 36.1889088100856], [-115.192283649581, 36.1890700112231], [-115.19236891525, 36.1890685322234], [-115.192400972841, 36.1890679789804], [-115.192763847022, 36.1890617909608], [-115.192752390282, 36.1885298028023], [-115.192749977704, 36.1884178178577], [-115.193088473457, 36.1884123757809], [-115.193091243759, 36.1885242924871], [-115.193102706279, 36.1890555776335], [-115.19344156549, 36.1890493633466], [-115.193430881356, 36.1885555058945], [-115.193430095276, 36.1885191687605], [-115.193429454914, 36.1884913420737], [-115.193427511794, 36.1884069245999], [-115.197008534364, 36.1883492863882], [-115.197007561827, 36.188459015229], [-115.197004110715, 36.1887451463287], [-115.197002327029, 36.1889951230705], [-115.19700043535, 36.1890746647558], [-115.196997225996, 36.1892549663241], [-115.196996803656, 36.1893183165808], [-115.196994105714, 36.1895235233139], [-115.196993815088, 36.1895668473471], [-115.196992879184, 36.1896079881777], [-115.196993010773, 36.189687590462], [-115.196990821229, 36.1898164497188], [-115.196989619373, 36.1899235054701], [-115.19698916121, 36.1899642656934], [-115.196987824146, 36.1900644396633], [-115.196986662231, 36.1902398718356], [-115.196985516436, 36.1903124219083], [-115.196982817869, 36.1905154745241], [-115.1969818602, 36.1905587783714], [-115.196977944416, 36.1908760744431], [-115.196977516822, 36.1909110611014], [-115.196977206562, 36.1909583777713], [-115.196973269547, 36.1912415058898], [-115.19697081509, 36.1915034936413], [-115.196970262628, 36.1916815964547], [-115.196967692941, 36.1917633260471], [-115.196964358859, 36.1919576511848], [-115.196964509174, 36.1920334320338], [-115.196962216088, 36.1922716091231], [-115.196959258583, 36.1924096409642], [-115.196959171932, 36.1925200755947], [-115.196955412297, 36.1927761114728], [-115.196954166686, 36.1928621715095], [-115.196952962995, 36.1930370185282], [-115.196950747771, 36.1931665355697], [-115.196943976304, 36.1937639968493], [-115.196942614355, 36.1938646753962], [-115.196941012807, 36.194000540373], [-115.196937489938, 36.1942219305207], [-115.196935183316, 36.1944628203568], [-115.196932413645, 36.1946712163397], [-115.196930761663, 36.1947177625534], [-115.196928400869, 36.1949651414707], [-115.196925983869, 36.1951221200745], [-115.196925291626, 36.1952222690001], [-115.19692233644, 36.1954593532652], [-115.196922809294, 36.1954853209075], [-115.196921287717, 36.1955686851619], [-115.194671297623, 36.1955891330778], [-115.194663459942, 36.1954808268623], [-115.194665643583, 36.1951492491063]]]}, "properties": {"OBJECTID": 198, "AREA": 3776297.2660878, "PERIMETER": 11673.07472372, "CNTY_IS": 57, "SYMBOL": 0, "ACRES": 86.6922032, "SQ_MILES": 0.13545657, "Shape__Area": 3776297.2578125, "Shape__Length": 11673.07472373289}}, {"type": "Feature", "id": 199, "geometry": {"type": "Polygon", "coordinates": [[[-115.215611731295, 36.1902245851012], [-115.215159706955, 36.1902180853446], [-115.215056592108, 36.1902177681484], [-115.215067265464, 36.1898331927359], [-115.21516982388, 36.1898335082102], [-115.215621808522, 36.18984327047], [-115.215628912176, 36.1896461171333], [-115.215629282536, 36.1896049473545], [-115.215630849989, 36.1895160534525], [-115.215631975739, 36.1894521951215], [-115.215635268493, 36.1893828690119], [-115.215639010493, 36.1892626304197], [-115.21564260985, 36.1891586326297], [-115.215684662628, 36.189159338619], [-115.216094613059, 36.1891662210436], [-115.216202650059, 36.1891676844581], [-115.216195840679, 36.1894478953115], [-115.216190465388, 36.1896690661555], [-115.216179415281, 36.190123625684], [-115.216176220039, 36.1902555241371], [-115.216175490382, 36.1902855934294], [-115.216163271186, 36.1902879083158], [-115.216060601915, 36.1902852499977], [-115.215611308302, 36.1902722530125], [-115.215611731295, 36.1902245851012]]]}, "properties": {"OBJECTID": 199, "AREA": 90454.63963579, "PERIMETER": 1473.17261584, "CNTY_IS": 57, "SYMBOL": 0, "ACRES": 2.0765611, "SQ_MILES": 0.00324463, "Shape__Area": 90454.634765625, "Shape__Length": 1473.1726158526392}}, {"type": "Feature", "id": 200, "geometry": {"type": "Polygon", "coordinates": [[[-115.215374572665, 36.1888763001437], [-115.215193084441, 36.1888737043178], [-115.215092906612, 36.18887339619], [-115.215097108805, 36.1886695139133], [-115.215350637625, 36.1886769261386], [-115.215453531063, 36.1886799345487], [-115.215459832098, 36.1882300975741], [-115.215718711275, 36.188236944127], [-115.215717806916, 36.1883424283276], [-115.215713507739, 36.188686600626], [-115.215872161492, 36.1886906117958], [-115.215869542658, 36.1888346929733], [-115.215869119837, 36.1888823608974], [-115.215869099525, 36.1888826627672], [-115.215867185278, 36.1888823459459], [-115.215840501961, 36.1888820864775], [-115.21564910364, 36.1888802252125], [-115.215374572665, 36.1888763001437]]]}, "properties": {"OBJECTID": 200, "AREA": 28986.64593862, "PERIMETER": 929.18024291, "CNTY_IS": 57, "SYMBOL": 0, "ACRES": 0.66544449, "SQ_MILES": 0.00103976, "Shape__Area": 28986.642578125, "Shape__Length": 929.1802429136225}}, {"type": "Feature", "id": 201, "geometry": {"type": "Polygon", "coordinates": [[[-115.187888566033, 36.1917668259927], [-115.187894500077, 36.190586569362], [-115.18798905937, 36.1906895114492], [-115.188348163102, 36.1910800951078], [-115.188575544371, 36.1913274071234], [-115.189189366759, 36.1920079658721], [-115.189233710051, 36.1920566282379], [-115.188952934118, 36.1920628867601], [-115.188377672322, 36.1920678921212], [-115.187879536303, 36.1920722248193], [-115.187434142938, 36.1920741774482], [-115.187443714219, 36.1917653555548], [-115.187888566033, 36.1917668259927]]]}, "properties": {"OBJECTID": 201, "AREA": 122927.86731343, "PERIMETER": 1869.6267811, "CNTY_IS": 57, "SYMBOL": 0, "ACRES": 2.82204681, "SQ_MILES": 0.0044094500000000005, "Shape__Area": 122927.8671875, "Shape__Length": 1869.6267810891807}}, {"type": "Feature", "id": 202, "geometry": {"type": "Polygon", "coordinates": [[[-115.185702984856, 36.1916518511413], [-115.185888407986, 36.1916500010205], [-115.18589016595, 36.1920766317566], [-115.185848471808, 36.1920766591492], [-115.185617937615, 36.1920768091124], [-115.185617324716, 36.191652705789], [-115.185702984856, 36.1916518511413]]]}, "properties": {"OBJECTID": 202, "AREA": 12411.85915719, "PERIMETER": 470.00476100000003, "CNTY_IS": 57, "SYMBOL": 0, "ACRES": 0.28493822, "SQ_MILES": 0.00044522, "Shape__Area": 12411.85546875, "Shape__Length": 470.00476099441335}}, {"type": "Feature", "id": 203, "geometry": {"type": "Polygon", "coordinates": [[[-115.170552534849, 36.1893897400923], [-115.170787378946, 36.1893905496838], [-115.170786324732, 36.1898459318772], [-115.170591751257, 36.1898453053038], [-115.169837704601, 36.189842875101], [-115.169838491438, 36.1895297107943], [-115.169838844441, 36.1893891696243], [-115.169941388323, 36.1893876310923], [-115.170552534849, 36.1893897400923]]]}, "properties": {"OBJECTID": 203, "AREA": 46399.93024422, "PERIMETER": 890.74382604, "CNTY_IS": 57, "SYMBOL": 0, "ACRES": 1.06520009, "SQ_MILES": 0.00166438, "Shape__Area": 46399.931640625, "Shape__Length": 890.7438260536699}}, {"type": "Feature", "id": 204, "geometry": {"type": "Polygon", "coordinates": [[[-115.170854100506, 36.1893907796128], [-115.171263770669, 36.1893900274689], [-115.171262514463, 36.1896298136088], [-115.171261373664, 36.1898475681443], [-115.170851712461, 36.1898461572118], [-115.170852729344, 36.1896522485423], [-115.170854100506, 36.1893907796128]]]}, "properties": {"OBJECTID": 204, "AREA": 20086.02899084, "PERIMETER": 574.09065509, "CNTY_IS": 57, "SYMBOL": 0, "ACRES": 0.46111362, "SQ_MILES": 0.0007204900000000001, "Shape__Area": 20086.02734375, "Shape__Length": 574.0906551117175}}, {"type": "Feature", "id": 205, "geometry": {"type": "Polygon", "coordinates": [[[-115.214628464897, 36.1508707659874], [-115.214626349769, 36.1508328410699], [-115.214618023391, 36.1499433366926], [-115.21372378366, 36.1499449973516], [-115.213534093154, 36.1499458493181], [-115.213538874968, 36.1500325182533], [-115.213546024438, 36.1504135540402], [-115.213069679057, 36.1504098479015], [-115.212997300858, 36.1504092816069], [-115.212567124069, 36.1504067157701], [-115.212467277081, 36.1504050753869], [-115.212463781794, 36.1499483925063], [-115.212453427735, 36.1490295237278], [-115.212449818282, 36.1481203105494], [-115.213518491719, 36.1481136380294], [-115.213867893319, 36.1481106155733], [-115.213867892314, 36.1481103559969], [-115.213868248966, 36.1481106076575], [-115.213920472339, 36.1481101549766], [-115.214510540173, 36.1481050436036], [-115.214601886937, 36.1481359959921], [-115.214599074911, 36.1477491141397], [-115.214598804688, 36.1477489159239], [-115.214599075839, 36.1477489158574], [-115.214596327827, 36.1474575715612], [-115.213862834191, 36.1474667303296], [-115.213862099055, 36.1471874975279], [-115.214492117034, 36.1471837343308], [-115.214593736363, 36.1471826412362], [-115.21459113412, 36.1469052674516], [-115.213861368565, 36.1469096428092], [-115.213860703816, 36.1466319865657], [-115.21448726873, 36.1466266444733], [-115.214588500768, 36.1466250454625], [-115.214585065898, 36.1462596584118], [-115.21469007335, 36.1462585666512], [-115.215162581553, 36.1462557390121], [-115.215640174488, 36.1462515551496], [-115.216099149476, 36.1462459333108], [-115.216104355009, 36.1467026099514], [-115.216608883078, 36.1466993880931], [-115.216737312442, 36.1466896056584], [-115.216742564313, 36.147115628405], [-115.216742362398, 36.1471733476956], [-115.216746519683, 36.1476722107099], [-115.216885845689, 36.1476686083156], [-115.217410556217, 36.1476639486993], [-115.2178201602, 36.1476618557267], [-115.217815818165, 36.1474600143259], [-115.21781187937, 36.1471497130649], [-115.217806630947, 36.146733675824], [-115.21779971419, 36.1463107745971], [-115.217798343897, 36.1462229021326], [-115.217792971256, 36.1458384467757], [-115.217791593018, 36.1457546841918], [-115.217986232738, 36.145753628747], [-115.217987623973, 36.1458346334019], [-115.217987443931, 36.1458854389315], [-115.218107601832, 36.14588837412], [-115.218230988723, 36.1459352572318], [-115.218328851875, 36.1460177898187], [-115.218328422284, 36.146134497379], [-115.218888729051, 36.1461270015146], [-115.218890069725, 36.1462095282923], [-115.219631163123, 36.1462004032372], [-115.219976727943, 36.1461961471496], [-115.221053235469, 36.1461813554695], [-115.221062699411, 36.1466171978728], [-115.221163436977, 36.1466167725063], [-115.221214166893, 36.1466165653897], [-115.221642366456, 36.1466147769305], [-115.221627021148, 36.1461740137485], [-115.222111111894, 36.1461679039409], [-115.223092834468, 36.146154322177], [-115.22319609725, 36.1461531816576], [-115.223222396441, 36.1468955703173], [-115.223234822, 36.1472282770792], [-115.223334707858, 36.1472271533292], [-115.224316614207, 36.1472199973789], [-115.224304278851, 36.1468543035369], [-115.225225074281, 36.1468366640999], [-115.225395201989, 36.1468334503403], [-115.225404565833, 36.1470642643018], [-115.225444462041, 36.1480178577712], [-115.224347786052, 36.148027013325], [-115.224018698736, 36.1480301543494], [-115.224020766624, 36.1481127922966], [-115.224029975074, 36.1483987471426], [-115.224040885249, 36.148681959028], [-115.22405176413, 36.1489720476947], [-115.224397123802, 36.1489715420826], [-115.224410952595, 36.1493949763897], [-115.224426449082, 36.1498280333934], [-115.224429550215, 36.1499132701391], [-115.223329120883, 36.1499160058413], [-115.223332233399, 36.1499984927913], [-115.223347739507, 36.1504233030472], [-115.223363264585, 36.1508439944066], [-115.223377120933, 36.1512578038323], [-115.223275547036, 36.1512575525586], [-115.222826901699, 36.1512605470555], [-115.222831635426, 36.1517924258182], [-115.223400934279, 36.1517933541262], [-115.224491637448, 36.1517968166438], [-115.224506831113, 36.1519062073662], [-115.224570911192, 36.153604218506], [-115.224576166155, 36.153687559013], [-115.224604728644, 36.1544462766179], [-115.224611223009, 36.1546162073634], [-115.224614278995, 36.1548114731283], [-115.224623186599, 36.1550469550843], [-115.224633404279, 36.1553169064832], [-115.22464889891, 36.1555848989377], [-115.224139312392, 36.1555833534633], [-115.223623047649, 36.1555817947731], [-115.223522988939, 36.1555817014662], [-115.223420275125, 36.1555816091086], [-115.22240641474, 36.1555785035212], [-115.222411666324, 36.1556596809716], [-115.222427149612, 36.1561564772991], [-115.222427078088, 36.1562181626144], [-115.222436105622, 36.1565158064341], [-115.221416900884, 36.1565148574641], [-115.221314169845, 36.1565180079064], [-115.221335838245, 36.157461794006], [-115.220216567555, 36.1574639842017], [-115.21965492307, 36.1574645330039], [-115.219099963177, 36.157463999925], [-115.219110988552, 36.1579830097441], [-115.218999336333, 36.1579780013815], [-115.217974827505, 36.1579781245311], [-115.217972261312, 36.1575179327896], [-115.217971455175, 36.157373082362], [-115.217594109473, 36.1573730029802], [-115.216841044597, 36.1573715387501], [-115.216840190071, 36.1573187292811], [-115.216842118992, 36.1566917035584], [-115.216972750578, 36.1566972496821], [-115.217590078789, 36.1566973612187], [-115.217955402079, 36.1566985035016], [-115.217949369299, 36.1563698721057], [-115.217940691072, 36.15602934454], [-115.217448690605, 36.1560335835198], [-115.217445414941, 36.1556573811332], [-115.217446504426, 36.1555664077517], [-115.217945577865, 36.1555677423315], [-115.218459700614, 36.1555688322728], [-115.218457404066, 36.1556543221154], [-115.218463196395, 36.1561072684029], [-115.21897252609, 36.156107359136], [-115.219074081909, 36.1561104621131], [-115.219072650178, 36.1560403550397], [-115.219062877844, 36.1555701008095], [-115.219056818839, 36.1552533582984], [-115.219048377505, 36.154788514924], [-115.218947042516, 36.1547884950303], [-115.217935078433, 36.1547861595354], [-115.217931414297, 36.1546153529366], [-115.217929156052, 36.154400232139], [-115.218108898888, 36.154400450593], [-115.218333133963, 36.1544007313929], [-115.218425008042, 36.1544008464531], [-115.218436034977, 36.1544008602257], [-115.218476490777, 36.1544009113899], [-115.218726430554, 36.1544012238018], [-115.218858759331, 36.1544013886906], [-115.218938452883, 36.1544014888157], [-115.218938557358, 36.1544014873311], [-115.218937543304, 36.1543530711757], [-115.218936030361, 36.1542724430148], [-115.218934625109, 36.1541976041996], [-115.218933558664, 36.154140815752], [-115.218932606374, 36.1540901005784], [-115.218932213888, 36.1540692407091], [-115.218931185867, 36.1540144766863], [-115.218805376635, 36.1540141496637], [-115.218691429951, 36.1540138532232], [-115.218544405056, 36.154013471237], [-115.218412073149, 36.1540131635885], [-115.218239330116, 36.1540128010946], [-115.218055572477, 36.1540124146684], [-115.217924566282, 36.1540121393664], [-115.217921065015, 36.1537559346191], [-115.217913222145, 36.1536737756526], [-115.2179040507, 36.1535905310759], [-115.217900864108, 36.1531635227983], [-115.217898478903, 36.1530165052393], [-115.217900350859, 36.1527375951896], [-115.216937754776, 36.152730940564], [-115.216803407844, 36.1527254010705], [-115.216800239964, 36.1524484945109], [-115.216797299685, 36.1520964124844], [-115.21679407977, 36.1517805427327], [-115.216790239037, 36.1517805363849], [-115.216790304735, 36.1517805086458], [-115.216782150616, 36.1512888630313], [-115.216785261801, 36.1512691540099], [-115.216785267543, 36.1512691143704], [-115.216654148863, 36.1512701117784], [-115.216650474693, 36.1512701401853], [-115.216316431447, 36.1512725868843], [-115.216272004734, 36.1512729139857], [-115.216253488326, 36.1512730501067], [-115.216181829899, 36.1512735776073], [-115.216179732586, 36.1511539440211], [-115.216174741114, 36.1508705794124], [-115.215698835022, 36.1508692726032], [-115.214730083095, 36.1508652312028], [-115.214628456108, 36.1508690823403], [-115.214628464897, 36.1508707659874]]]}, "properties": {"OBJECTID": 205, "AREA": 9348750.25830275, "PERIMETER": 23246.13862546, "CNTY_IS": 57, "SYMBOL": 0, "ACRES": 214.618633, "SQ_MILES": 0.33534161, "Shape__Area": 9348750.25390625, "Shape__Length": 23246.13862549888}}, {"type": "Feature", "id": 206, "geometry": {"type": "Polygon", "coordinates": [[[-115.109656641941, 36.1525700395826], [-115.105058315905, 36.1485061716531], [-115.105191676186, 36.1483990718865], [-115.105310506472, 36.1483036397809], [-115.105333854636, 36.1482889517852], [-115.10535709731, 36.1482751646558], [-115.105380792362, 36.1482619110896], [-115.105404950851, 36.1482492001433], [-115.105429528216, 36.1482370496648], [-115.105454524514, 36.1482254506411], [-115.10547989513, 36.1482144299325], [-115.105505651178, 36.1482039875834], [-115.105531748153, 36.1481941324286], [-115.105558174888, 36.1481848734366], [-115.105584920217, 36.1481762195753], [-115.105611950749, 36.1481681797243], [-115.105639244258, 36.1481607537947], [-115.105666778466, 36.1481539507105], [-115.105694542261, 36.1481477704271], [-115.105722513364, 36.1481422218685], [-115.105750658383, 36.1481373139143], [-115.105778966207, 36.1481330465201], [-115.105807403499, 36.1481294195527], [-115.105835960203, 36.1481264419851], [-115.105864600761, 36.1481241136752], [-115.105893315117, 36.148122443596], [-115.105922081156, 36.1481214136332], [-115.106013130766, 36.1481264452576], [-115.106350722549, 36.1484260098484], [-115.106443754129, 36.1485095786178], [-115.106514201558, 36.1485714453149], [-115.106580661621, 36.1486311411074], [-115.106690969955, 36.1487299111542], [-115.106883689656, 36.1489024733105], [-115.107157486621, 36.1491456051599], [-115.107222622691, 36.1492020416654], [-115.107295716824, 36.1492693252728], [-115.107436603333, 36.1493930647938], [-115.107570843378, 36.1495135339939], [-115.107673207242, 36.149601456065], [-115.107707762836, 36.1496318496821], [-115.107849336391, 36.149758152915], [-115.107851313858, 36.1497599164831], [-115.108016372435, 36.1499076724778], [-115.10812777085, 36.1500052107494], [-115.108266017074, 36.1501267757111], [-115.108351078341, 36.1502038310823], [-115.108405573105, 36.1502505088073], [-115.108542486646, 36.150372069064], [-115.108587668304, 36.1504133110434], [-115.108680724151, 36.1504936335094], [-115.108818954511, 36.1506162703033], [-115.10895719176, 36.1507378344267], [-115.109095440542, 36.1508593993365], [-115.109242971767, 36.1509918064213], [-115.109386521198, 36.1511209619271], [-115.109572608187, 36.1512803805842], [-115.109787668446, 36.1514713496789], [-115.109939494498, 36.1516289910259], [-115.109948139027, 36.1516939722797], [-115.109955081586, 36.15177956926], [-115.110451303723, 36.1517865589786], [-115.110583319411, 36.1517859950544], [-115.110583221026, 36.1518897820132], [-115.11027915664, 36.1521126513971], [-115.1099753101, 36.1523339354838], [-115.109724575134, 36.1525128572418], [-115.10966146597, 36.1525578912275], [-115.109662758469, 36.1525754444869], [-115.109656641941, 36.1525700395826]]]}, "properties": {"OBJECTID": 206, "AREA": 600536.57918996, "PERIMETER": 4711.01384789, "CNTY_IS": 57, "SYMBOL": 0, "ACRES": 13.78647799, "SQ_MILES": 0.02154137, "Shape__Area": 600536.58203125, "Shape__Length": 4711.013847888855}}, {"type": "Feature", "id": 207, "geometry": {"type": "Polygon", "coordinates": [[[-115.216098346839, 36.1512746122859], [-115.216181809715, 36.1512736163012], [-115.216188362467, 36.1516402275266], [-115.216188887759, 36.1516696320997], [-115.216189567436, 36.15170763911], [-115.216190100852, 36.1517374465868], [-115.216191347197, 36.1517795309921], [-115.215913974358, 36.1517790696611], [-115.215700702627, 36.151778714359], [-115.21571476368, 36.1516686011928], [-115.215712669188, 36.1512792071673], [-115.215768694163, 36.1512785400324], [-115.216044241225, 36.151275258423], [-115.216098346839, 36.1512746122859]]]}, "properties": {"OBJECTID": 207, "AREA": 25606.22802205, "PERIMETER": 649.58972903, "CNTY_IS": 57, "SYMBOL": 0, "ACRES": 0.58784046, "SQ_MILES": 0.0009185, "Shape__Area": 25606.228515625, "Shape__Length": 649.5897290254298}}, {"type": "Feature", "id": 208, "geometry": {"type": "Polygon", "coordinates": [[[-115.213549527159, 36.1508702260784], [-115.213552644921, 36.1512110011123], [-115.213554978666, 36.1512732671054], [-115.213029950378, 36.1512718160198], [-115.213031746217, 36.1514566862789], [-115.213031978634, 36.1514805298666], [-115.213033747279, 36.1516626754193], [-115.213033289142, 36.1517717082111], [-115.212474149722, 36.15177072152], [-115.212470765894, 36.1508631371949], [-115.212570613517, 36.1508647658617], [-115.21302619722, 36.1508674012456], [-115.213067527198, 36.1508676281815], [-115.213549527159, 36.1508702260784]]]}, "properties": {"OBJECTID": 208, "AREA": 76997.67775053, "PERIMETER": 1297.63265946, "CNTY_IS": 57, "SYMBOL": 0, "ACRES": 1.76763053, "SQ_MILES": 0.00276192, "Shape__Area": 76997.67578125, "Shape__Length": 1297.6326594627221}}, {"type": "Feature", "id": 214, "geometry": {"type": "Polygon", "coordinates": [[[-115.324167914833, 36.2717471847038], [-115.32416637114, 36.2714915386192], [-115.324165448059, 36.2713387524845], [-115.324156820974, 36.2699108009802], [-115.325301021691, 36.2698989987462], [-115.325397463634, 36.2698980035682], [-115.326445211001, 36.2698871855406], [-115.326446042889, 36.2699967929584], [-115.326446080885, 36.2700021826978], [-115.326447806257, 36.2702297777657], [-115.326449403857, 36.2704420156323], [-115.326449544179, 36.270460338966], [-115.326451293034, 36.2706909623692], [-115.326451369824, 36.2707014985026], [-115.326453278993, 36.2709545379861], [-115.326453325256, 36.2709608019844], [-115.326455017055, 36.2711850622063], [-115.326455291268, 36.2712202758195], [-115.326456766281, 36.27141557833], [-115.326458552272, 36.2716518618164], [-115.326458614271, 36.2716601176772], [-115.32645908012, 36.2717217761646], [-115.325882395931, 36.2717281781115], [-115.325882364781, 36.2717281735381], [-115.324812463299, 36.271740047274], [-115.324167914833, 36.2717471847038]]]}, "properties": {"OBJECTID": 214, "AREA": 451009.39730773, "PERIMETER": 2686.36298234, "CNTY_IS": 57, "SYMBOL": 0, "ACRES": 10.3537925, "SQ_MILES": 0.0161778, "Shape__Area": 451009.396484375, "Shape__Length": 2686.3629823389438}}, {"type": "Feature", "id": 215, "geometry": {"type": "Polygon", "coordinates": [[[-115.32866189445, 36.2735324751296], [-115.328300631866, 36.2735364406184], [-115.328272856734, 36.2735367455026], [-115.327739656107, 36.2735425920753], [-115.327658411086, 36.2735434819243], [-115.327656898385, 36.2735434985186], [-115.327617550376, 36.2735439281214], [-115.32746799762, 36.2735446176903], [-115.327464509309, 36.272996784251], [-115.327463019198, 36.2727644040032], [-115.327461309993, 36.2724968363973], [-115.327459600794, 36.2722292687794], [-115.327457891598, 36.2719617020508], [-115.327456284712, 36.2717105379297], [-115.327456062555, 36.2716762888021], [-115.327454353372, 36.2714087220488], [-115.327452879468, 36.271178206523], [-115.327451405596, 36.2709476828769], [-115.327449696432, 36.2706801151898], [-115.327448211586, 36.270449546437], [-115.327446749008, 36.2702189768216], [-115.327444560933, 36.269876466596], [-115.327443096157, 36.2696465738155], [-115.327441673526, 36.2694242329472], [-115.327440250866, 36.2692019019846], [-115.327438777153, 36.2689713413101], [-115.327437354502, 36.2687490103307], [-115.327435891957, 36.2685184406498], [-115.327432853642, 36.2680442513734], [-115.328621226287, 36.2680328570129], [-115.328621075046, 36.2680458414448], [-115.32862105308, 36.2681663832105], [-115.328621044589, 36.2682173190812], [-115.32862076831, 36.2697554262066], [-115.328621997433, 36.2698646324921], [-115.328620748418, 36.2698647010333], [-115.328522887409, 36.2698657138129], [-115.32773330987, 36.2698738835913], [-115.327641534965, 36.2698748329488], [-115.327627177109, 36.2698748563291], [-115.327588755933, 36.2698749183827], [-115.327602776327, 36.2717088684405], [-115.327625423846, 36.2717090096967], [-115.32764921109, 36.2717091569902], [-115.327736482519, 36.2717082286501], [-115.328368872539, 36.2717014967075], [-115.328646869729, 36.271698532583], [-115.328645625603, 36.2719417800869], [-115.328644014498, 36.2722565487966], [-115.328643017382, 36.2724514935911], [-115.328642340441, 36.2725838397428], [-115.328642229469, 36.2725840801484], [-115.328643513855, 36.2728047982926], [-115.32866189445, 36.2735324751296]]]}, "properties": {"OBJECTID": 215, "AREA": 494368.70166323, "PERIMETER": 5319.00386819, "CNTY_IS": 57, "SYMBOL": 0, "ACRES": 11.34918914, "SQ_MILES": 0.01773311, "Shape__Area": 494368.708984375, "Shape__Length": 5319.003868185667}}, {"type": "Feature", "id": 216, "geometry": {"type": "Polygon", "coordinates": [[[-115.325349642378, 36.277239053117], [-115.326387459277, 36.2772270472115], [-115.326474058245, 36.2770880567643], [-115.326496426869, 36.2770521617801], [-115.326497661372, 36.2772257787993], [-115.326497122377, 36.2773631326314], [-115.326496694244, 36.2774734393026], [-115.326496429686, 36.277541626832], [-115.326496409952, 36.2775466315943], [-115.326495855337, 36.2776873922215], [-115.326494049069, 36.2781449877042], [-115.326493430794, 36.2783027976813], [-115.326492051403, 36.2786545396874], [-115.326491949556, 36.278680531461], [-115.3264911387, 36.2788872669529], [-115.326490436616, 36.2790641964672], [-115.325339782627, 36.2790784834221], [-115.324718748227, 36.2790861908582], [-115.324790941956, 36.2790257332319], [-115.324835024765, 36.2789888147957], [-115.324949170297, 36.2788898035998], [-115.325061182455, 36.2787892014339], [-115.325170995474, 36.2786870352005], [-115.325344164069, 36.2785182739418], [-115.325345703311, 36.2781587569588], [-115.325349056847, 36.2773764068394], [-115.325349642378, 36.277239053117]]]}, "properties": {"OBJECTID": 216, "AREA": 245709.49673016, "PERIMETER": 2374.65403154, "CNTY_IS": 57, "SYMBOL": 0, "ACRES": 5.64073645, "SQ_MILES": 0.008813650000000001, "Shape__Area": 245709.49609375, "Shape__Length": 2374.6540315312227}}, {"type": "Feature", "id": 217, "geometry": {"type": "Polygon", "coordinates": [[[-115.238633501491, 36.2649111016853], [-115.238632562302, 36.2649799585061], [-115.238619713132, 36.2659213434889], [-115.238619119281, 36.2659696070688], [-115.238565431287, 36.265972758213], [-115.238397130231, 36.2659654052101], [-115.238120127002, 36.2659328990262], [-115.238129396357, 36.2651637156837], [-115.238129577176, 36.2651486765616], [-115.238131259104, 36.2650092715667], [-115.238130968401, 36.2649842872711], [-115.238133495407, 36.2648602244819], [-115.238633501491, 36.2649111016853]]]}, "properties": {"OBJECTID": 217, "AREA": 57580.56749862, "PERIMETER": 1072.4641638, "CNTY_IS": 57, "SYMBOL": 0, "ACRES": 1.32187323, "SQ_MILES": 0.00206543, "Shape__Area": 57580.56640625, "Shape__Length": 1072.4641638050537}}, {"type": "Feature", "id": 227, "geometry": {"type": "Polygon", "coordinates": [[[-115.346952530182, 36.2514964596011], [-115.346959125566, 36.2533317492785], [-115.342394518426, 36.2533364708065], [-115.342394786295, 36.2534018080832], [-115.342395885933, 36.2536699312852], [-115.342402038293, 36.2551700737449], [-115.337831695838, 36.2551748067993], [-115.335334999056, 36.2551773175092], [-115.333261352756, 36.2551793625257], [-115.33212052387, 36.2551820463197], [-115.330979694999, 36.2551847102204], [-115.329838866087, 36.2551873722534], [-115.328698048321, 36.2551900144168], [-115.327557219387, 36.2551926546889], [-115.326416390472, 36.2551952750677], [-115.325275561517, 36.2551978935787], [-115.324134732554, 36.2552005012091], [-115.322992126715, 36.255208718096], [-115.321849520704, 36.2552169240678], [-115.320706914492, 36.2552251281372], [-115.319377530475, 36.2552346487611], [-115.319328688576, 36.2552350006286], [-115.318677593531, 36.2552396581317], [-115.317624691722, 36.255247183088], [-115.317601892157, 36.2552473460452], [-115.317279094896, 36.2552496568289], [-115.316136488037, 36.2552578082249], [-115.315944847244, 36.2552591735482], [-115.315195291318, 36.2552645166776], [-115.315174292292, 36.2552646678864], [-115.315163475634, 36.2552647427784], [-115.315071133359, 36.2552654009543], [-115.315025507488, 36.2552657312386], [-115.314995653739, 36.2552659364594], [-115.315000803188, 36.2552270576697], [-115.315001648864, 36.2534278343812], [-115.315171226101, 36.2534266464215], [-115.316143937275, 36.2534197831884], [-115.31728625, 36.2534117211411], [-115.318428551463, 36.2534036391471], [-115.319570852729, 36.2533955552567], [-115.319577124633, 36.2516354498243], [-115.319577412773, 36.2515530281126], [-115.32071938631, 36.251545022606], [-115.321861348554, 36.2515370061725], [-115.32300332179, 36.251528969848], [-115.324145283703, 36.2515209316097], [-115.324145044871, 36.2516033534488], [-115.324140000508, 36.2533631014711], [-115.325280219973, 36.2533617542209], [-115.326420439464, 36.2533603961021], [-115.327560658983, 36.2533590271148], [-115.328700878528, 36.253357647259], [-115.328703601077, 36.2516029230712], [-115.328703734949, 36.2515205091023], [-115.329843267235, 36.2515203786414], [-115.330982799584, 36.2515202373256], [-115.332122331993, 36.2515200851545], [-115.333262749089, 36.2515199239778], [-115.333262727573, 36.2515975649983], [-115.333262057001, 36.2533472573971], [-115.335342577435, 36.2533448615118], [-115.337828287515, 36.2533419521554], [-115.337824880218, 36.2515090960507], [-115.342386998665, 36.2515028673061], [-115.344271229395, 36.251500244074], [-115.346952530182, 36.2514964596011]]]}, "properties": {"OBJECTID": 227, "AREA": 8991632.21509765, "PERIMETER": 24193.75872427, "CNTY_IS": 57, "SYMBOL": 0, "ACRES": 206.42029711, "SQ_MILES": 0.32253171, "Shape__Area": 8991632.193359375, "Shape__Length": 24193.758724260602}}, {"type": "Feature", "id": 228, "geometry": {"type": "Polygon", "coordinates": [[[-115.299134976482, 36.2772772382037], [-115.299135649059, 36.2772774741346], [-115.299134968967, 36.2772774689133], [-115.299134976482, 36.2772772382037]]]}, "properties": {"OBJECTID": 228, "AREA": 184897768.386947, "PERIMETER": 0.50051916, "CNTY_IS": 57, "SYMBOL": 0, "ACRES": 1.9e-07, "SQ_MILES": 0, "Shape__Area": 0.0078125, "Shape__Length": 0.5005191777038338}}, {"type": "Feature", "id": 230, "geometry": {"type": "Polygon", "coordinates": [[[-115.284913843359, 36.2346464593925], [-115.285442379336, 36.2346440550925], [-115.285970853007, 36.2346416455988], [-115.286028262615, 36.2346413835917], [-115.286072574475, 36.2346411800461], [-115.28607314741, 36.2346411814696], [-115.286072571291, 36.2346414332993], [-115.286072568043, 36.2346422913145], [-115.286072554205, 36.2346459468919], [-115.286069158029, 36.2355489628176], [-115.286042249035, 36.2355490987466], [-115.285967427416, 36.2355494761102], [-115.285439971338, 36.2355521296531], [-115.285239282556, 36.2355531403583], [-115.285035558764, 36.2355541656922], [-115.284915460117, 36.23555477019], [-115.28491225489, 36.2355547865302], [-115.284912066649, 36.2354670243552], [-115.284912861713, 36.2351006143996], [-115.284913843359, 36.2346464593925]]]}, "properties": {"OBJECTID": 230, "AREA": 674922.88438016, "PERIMETER": 1344.27375024, "CNTY_IS": 57, "SYMBOL": 0, "ACRES": 2.59136322, "SQ_MILES": 0.0040490100000000005, "Shape__Area": 112879.330078125, "Shape__Length": 1344.2737502343618}}, {"type": "Feature", "id": 232, "geometry": {"type": "Polygon", "coordinates": [[[-115.312628207748, 36.2847094208573], [-115.312633159897, 36.2864733681194], [-115.31263317489, 36.2865031932372], [-115.312633202473, 36.2865461337775], [-115.312341951905, 36.2865431271638], [-115.311504418389, 36.2865344801225], [-115.311508235111, 36.2848430056518], [-115.311508808721, 36.2846984671997], [-115.312614727167, 36.2847092848897], [-115.312628207748, 36.2847094208573]]]}, "properties": {"OBJECTID": 232, "AREA": 450974.35101454, "PERIMETER": 1999.5773727, "CNTY_IS": 57, "SYMBOL": 0, "ACRES": 5.08482651, "SQ_MILES": 0.00794504, "Shape__Area": 221494.158203125, "Shape__Length": 1999.577372695479}}, {"type": "Feature", "id": 233, "geometry": {"type": "Polygon", "coordinates": [[[-115.283755618732, 36.2337476146898], [-115.284847121071, 36.2337431774562], [-115.284915802926, 36.2337443753429], [-115.284915518277, 36.2338754899767], [-115.284913908236, 36.234617385004], [-115.284913843359, 36.2346464593925], [-115.283755113272, 36.2346517293216], [-115.283755136489, 36.2346135662734], [-115.283755555689, 36.2338802052751], [-115.283755618732, 36.2337476146898]]]}, "properties": {"OBJECTID": 233, "AREA": 674922.88438016, "PERIMETER": 1341.37181831, "CNTY_IS": 57, "SYMBOL": 0, "ACRES": 2.58252728, "SQ_MILES": 0.0040352, "Shape__Area": 112494.44140625, "Shape__Length": 1341.3718183077544}}, {"type": "Feature", "id": 234, "geometry": {"type": "Polygon", "coordinates": [[[-115.330995306343, 36.2652649636673], [-115.331097070456, 36.2652645735611], [-115.332139557529, 36.2652555916294], [-115.332137132538, 36.2648395676489], [-115.332134706449, 36.2644235427358], [-115.332134480835, 36.2643848700745], [-115.332134221366, 36.264341130337], [-115.333278485934, 36.2643320277036], [-115.333283898497, 36.2652616198428], [-115.333285059271, 36.2654609749], [-115.333286424478, 36.2656953523689], [-115.33328913111, 36.2661600505622], [-115.332144890322, 36.2661700816159], [-115.331000650421, 36.266180101724], [-115.331000169874, 36.266097687554], [-115.330995895601, 36.2653658228011], [-115.330995306343, 36.2652649636673]]]}, "properties": {"OBJECTID": 234, "AREA": 898854.19751801, "PERIMETER": 2680.78734351, "CNTY_IS": 57, "SYMBOL": 0, "ACRES": 7.73271246, "SQ_MILES": 0.01208236, "Shape__Area": 336835.611328125, "Shape__Length": 2680.7873435150077}}, {"type": "Feature", "id": 235, "geometry": {"type": "Polygon", "coordinates": [[[-115.21130759049, 36.2059997892039], [-115.211352201592, 36.2060008733164], [-115.211408984306, 36.206002254808], [-115.212807879913, 36.2060285635979], [-115.212967545215, 36.2060315660812], [-115.21298209946, 36.2060267982456], [-115.212981984512, 36.2060318405919], [-115.212969143802, 36.2064346140397], [-115.21296867498, 36.2065223168414], [-115.212629795321, 36.2065148144585], [-115.211295627495, 36.2064881063382], [-115.211300080337, 36.2064025790212], [-115.21130759049, 36.2059997892039]]]}, "properties": {"OBJECTID": 235, "AREA": 10872066.9988677, "PERIMETER": 22683.07169175, "CNTY_IS": 57, "SYMBOL": 0, "ACRES": 2.01570047, "SQ_MILES": 0.00314953, "Shape__Area": 87803.5546875, "Shape__Length": 1346.4381912742}}, {"type": "Feature", "id": 244, "geometry": {"type": "Polygon", "coordinates": [[[-115.288984229655, 36.2791125026417], [-115.290047353847, 36.2791092130848], [-115.290068445797, 36.2791091476443], [-115.290113053014, 36.2791090109773], [-115.29011292462, 36.2793989942622], [-115.290112610809, 36.28009687578], [-115.290112582421, 36.2801607141467], [-115.290112572875, 36.2801820158334], [-115.290112310034, 36.2807793544056], [-115.290112246403, 36.2809231468602], [-115.290100391151, 36.2809231673611], [-115.288967360829, 36.2809251244327], [-115.2878558446, 36.2809427250516], [-115.287854703542, 36.2791190273335], [-115.288804138775, 36.2791139609336], [-115.288963545305, 36.2791131096613], [-115.288963547349, 36.2791125652943], [-115.288972845483, 36.2791125368087], [-115.288984229655, 36.2791125026417]]]}, "properties": {"OBJECTID": 244, "AREA": 184897768.386947, "PERIMETER": 153459.36349357, "CNTY_IS": 57, "SYMBOL": 0, "ACRES": 10.09469168, "SQ_MILES": 0.01577296, "Shape__Area": 439723.01171875, "Shape__Length": 2655.1798205681566}}], "_source": {"service": "https://services1.arcgis.com/F1v0ufATbBQScMtY/arcgis/rest/services/All_CLV_Boundaries/FeatureServer/9", "fetched": "2026-08-21"}}